223864,Atriplex laciniata,OpenWetPoor
226164,Atriplex laciniata,OpenWetPoor
228464,Atriplex laciniata,OpenWetPoor
242260,Atriplex laciniata,OpenWetPoor
242261,Atriplex laciniata,OpenWetPoor
244559,Atriplex laciniata,OpenWetPoor
244560,Atriplex laciniata,OpenWetPoor
244561,Atriplex laciniata,OpenWetPoor
246859,Atriplex laciniata,OpenWetPoor
246860,Atriplex laciniata,OpenWetPoor
249159,Atriplex laciniata,OpenWetPoor
249160,Atriplex laciniata,OpenWetPoor
251459,Atriplex laciniata,OpenWetPoor
256059,Atriplex laciniata,OpenWetPoor
389480,Atriplex laciniata,OpenWetPoor
601280,Atriplex laciniata,OpenWetPoor
601281,Atriplex laciniata,OpenWetPoor
601282,Atriplex laciniata,OpenWetPoor
601283,Atriplex laciniata,OpenWetPoor
601284,Atriplex laciniata,OpenWetPoor
603583,Atriplex laciniata,OpenWetPoor
603584,Atriplex laciniata,OpenWetPoor
603585,Atriplex laciniata,OpenWetPoor
603586,Atriplex laciniata,OpenWetPoor
603587,Atriplex laciniata,OpenWetPoor
603588,Atriplex laciniata,OpenWetPoor
603589,Atriplex laciniata,OpenWetPoor
603591,Atriplex laciniata,OpenWetPoor
603592,Atriplex laciniata,OpenWetPoor
603593,Atriplex laciniata,OpenWetPoor
605885,Atriplex laciniata,OpenWetPoor
605887,Atriplex laciniata,OpenWetPoor
605889,Atriplex laciniata,OpenWetPoor
605890,Atriplex laciniata,OpenWetPoor
605891,Atriplex laciniata,OpenWetPoor
605892,Atriplex laciniata,OpenWetPoor
608194,Atriplex laciniata,OpenWetPoor
608195,Atriplex laciniata,OpenWetPoor
610494,Atriplex laciniata,OpenWetPoor
610495,Atriplex laciniata,OpenWetPoor
612761,Atriplex laciniata,OpenWetPoor
612767,Atriplex laciniata,OpenWetPoor
612768,Atriplex laciniata,OpenWetPoor
612769,Atriplex laciniata,OpenWetPoor
612770,Atriplex laciniata,OpenWetPoor
612794,Atriplex laciniata,OpenWetPoor
615044,Atriplex laciniata,OpenWetPoor
615059,Atriplex laciniata,OpenWetPoor
615060,Atriplex laciniata,OpenWetPoor
615068,Atriplex laciniata,OpenWetPoor
615069,Atriplex laciniata,OpenWetPoor
615094,Atriplex laciniata,OpenWetPoor
617343,Atriplex laciniata,OpenWetPoor
617344,Atriplex laciniata,OpenWetPoor
617345,Atriplex laciniata,OpenWetPoor
619643,Atriplex laciniata,OpenWetPoor
619662,Atriplex laciniata,OpenWetPoor
619664,Atriplex laciniata,OpenWetPoor
621942,Atriplex laciniata,OpenWetPoor
621943,Atriplex laciniata,OpenWetPoor
624242,Atriplex laciniata,OpenWetPoor
626542,Atriplex laciniata,OpenWetPoor
628841,Atriplex laciniata,OpenWetPoor
628842,Atriplex laciniata,OpenWetPoor
631129,Atriplex laciniata,OpenWetPoor
631130,Atriplex laciniata,OpenWetPoor
631131,Atriplex laciniata,OpenWetPoor
631132,Atriplex laciniata,OpenWetPoor
633430,Atriplex laciniata,OpenWetPoor
633431,Atriplex laciniata,OpenWetPoor
633432,Atriplex laciniata,OpenWetPoor
635795,Atriplex laciniata,OpenWetPoor
638095,Atriplex laciniata,OpenWetPoor
640395,Atriplex laciniata,OpenWetPoor
642695,Atriplex laciniata,OpenWetPoor
647294,Atriplex laciniata,OpenWetPoor
661013,Atriplex laciniata,OpenWetPoor
663313,Atriplex laciniata,OpenWetPoor
665611,Atriplex laciniata,OpenWetPoor
665612,Atriplex laciniata,OpenWetPoor
821562,Atriplex laciniata,OpenWetPoor
821563,Atriplex laciniata,OpenWetPoor
823861,Atriplex laciniata,OpenWetPoor
823862,Atriplex laciniata,OpenWetPoor
823863,Atriplex laciniata,OpenWetPoor
826160,Atriplex laciniata,OpenWetPoor
826161,Atriplex laciniata,OpenWetPoor
826162,Atriplex laciniata,OpenWetPoor
962062,Atriplex laciniata,OpenWetPoor
962063,Atriplex laciniata,OpenWetPoor
962065,Atriplex laciniata,OpenWetPoor
962066,Atriplex laciniata,OpenWetPoor
971168,Atriplex laciniata,OpenWetPoor
971169,Atriplex laciniata,OpenWetPoor
971170,Atriplex laciniata,OpenWetPoor
973466,Atriplex laciniata,OpenWetPoor
973467,Atriplex laciniata,OpenWetPoor
973468,Atriplex laciniata,OpenWetPoor
973469,Atriplex laciniata,OpenWetPoor
973470,Atriplex laciniata,OpenWetPoor
973471,Atriplex laciniata,OpenWetPoor
975763,Atriplex laciniata,OpenWetPoor
975764,Atriplex laciniata,OpenWetPoor
975765,Atriplex laciniata,OpenWetPoor
975766,Atriplex laciniata,OpenWetPoor
975767,Atriplex laciniata,OpenWetPoor
975768,Atriplex laciniata,OpenWetPoor
975769,Atriplex laciniata,OpenWetPoor
975770,Atriplex laciniata,OpenWetPoor
978061,Atriplex laciniata,OpenWetPoor
978062,Atriplex laciniata,OpenWetPoor
978063,Atriplex laciniata,OpenWetPoor
978064,Atriplex laciniata,OpenWetPoor
978065,Atriplex laciniata,OpenWetPoor
978066,Atriplex laciniata,OpenWetPoor
978067,Atriplex laciniata,OpenWetPoor
980362,Atriplex laciniata,OpenWetPoor
980363,Atriplex laciniata,OpenWetPoor
980364,Atriplex laciniata,OpenWetPoor
2310020,Atriplex laciniata,OpenWetPoor
2312319,Atriplex laciniata,OpenWetPoor
2312320,Atriplex laciniata,OpenWetPoor
2314618,Atriplex laciniata,OpenWetPoor
2314619,Atriplex laciniata,OpenWetPoor
2314620,Atriplex laciniata,OpenWetPoor
2316918,Atriplex laciniata,OpenWetPoor
2316919,Atriplex laciniata,OpenWetPoor
2316920,Atriplex laciniata,OpenWetPoor
2319219,Atriplex laciniata,OpenWetPoor
3013721,Atriplex laciniata,OpenWetPoor
3013722,Atriplex laciniata,OpenWetPoor
3016023,Atriplex laciniata,OpenWetPoor
3016024,Atriplex laciniata,OpenWetPoor
3016025,Atriplex laciniata,OpenWetPoor
3018326,Atriplex laciniata,OpenWetPoor
3018327,Atriplex laciniata,OpenWetPoor
3020627,Atriplex laciniata,OpenWetPoor
3022926,Atriplex laciniata,OpenWetPoor
3118949,Atriplex laciniata,OpenWetPoor
3121249,Atriplex laciniata,OpenWetPoor
3132751,Atriplex laciniata,OpenWetPoor
3132752,Atriplex laciniata,OpenWetPoor
3135051,Atriplex laciniata,OpenWetPoor
3135053,Atriplex laciniata,OpenWetPoor
3144254,Atriplex laciniata,OpenWetPoor
3146554,Atriplex laciniata,OpenWetPoor
3160366,Atriplex laciniata,OpenWetPoor
3162666,Atriplex laciniata,OpenWetPoor
