814692,Juncus pygmaeus,OpenWetPoor
814693,Juncus pygmaeus,OpenWetPoor
814694,Juncus pygmaeus,OpenWetPoor
816992,Juncus pygmaeus,OpenWetPoor
816993,Juncus pygmaeus,OpenWetPoor
816994,Juncus pygmaeus,OpenWetPoor
819294,Juncus pygmaeus,OpenWetPoor
819296,Juncus pygmaeus,OpenWetPoor
819297,Juncus pygmaeus,OpenWetPoor
821594,Juncus pygmaeus,OpenWetPoor
821595,Juncus pygmaeus,OpenWetPoor
821596,Juncus pygmaeus,OpenWetPoor
1161628,Juncus pygmaeus,OpenWetPoor
1168543,Juncus pygmaeus,OpenWetPoor
1552617,Juncus pygmaeus,OpenWetPoor
1554917,Juncus pygmaeus,OpenWetPoor
1554918,Juncus pygmaeus,OpenWetPoor
1557218,Juncus pygmaeus,OpenWetPoor
1557219,Juncus pygmaeus,OpenWetPoor
1559518,Juncus pygmaeus,OpenWetPoor
1559519,Juncus pygmaeus,OpenWetPoor
1561818,Juncus pygmaeus,OpenWetPoor
1561819,Juncus pygmaeus,OpenWetPoor
2605977,Juncus pygmaeus,OpenWetPoor
2608277,Juncus pygmaeus,OpenWetPoor
2610577,Juncus pygmaeus,OpenWetPoor
2833677,Juncus pygmaeus,OpenWetPoor
2835977,Juncus pygmaeus,OpenWetPoor
2838277,Juncus pygmaeus,OpenWetPoor
3490477,Juncus pygmaeus,OpenWetPoor
3492775,Juncus pygmaeus,OpenWetPoor
3492776,Juncus pygmaeus,OpenWetPoor
3492777,Juncus pygmaeus,OpenWetPoor
3492778,Juncus pygmaeus,OpenWetPoor
3495076,Juncus pygmaeus,OpenWetPoor
3495077,Juncus pygmaeus,OpenWetPoor
3495078,Juncus pygmaeus,OpenWetPoor
3495079,Juncus pygmaeus,OpenWetPoor
3497376,Juncus pygmaeus,OpenWetPoor
3497377,Juncus pygmaeus,OpenWetPoor
3497378,Juncus pygmaeus,OpenWetPoor
3497379,Juncus pygmaeus,OpenWetPoor
