276684,Orchis mascula,OpenWetPoor
278976,Orchis mascula,OpenWetPoor
278977,Orchis mascula,OpenWetPoor
281276,Orchis mascula,OpenWetPoor
858431,Orchis mascula,OpenWetPoor
858432,Orchis mascula,OpenWetPoor
860727,Orchis mascula,OpenWetPoor
860730,Orchis mascula,OpenWetPoor
860731,Orchis mascula,OpenWetPoor
860732,Orchis mascula,OpenWetPoor
860733,Orchis mascula,OpenWetPoor
863025,Orchis mascula,OpenWetPoor
863028,Orchis mascula,OpenWetPoor
863029,Orchis mascula,OpenWetPoor
863030,Orchis mascula,OpenWetPoor
863031,Orchis mascula,OpenWetPoor
863032,Orchis mascula,OpenWetPoor
863034,Orchis mascula,OpenWetPoor
865324,Orchis mascula,OpenWetPoor
865325,Orchis mascula,OpenWetPoor
865329,Orchis mascula,OpenWetPoor
865333,Orchis mascula,OpenWetPoor
867625,Orchis mascula,OpenWetPoor
867627,Orchis mascula,OpenWetPoor
867628,Orchis mascula,OpenWetPoor
867629,Orchis mascula,OpenWetPoor
867630,Orchis mascula,OpenWetPoor
867631,Orchis mascula,OpenWetPoor
867632,Orchis mascula,OpenWetPoor
867633,Orchis mascula,OpenWetPoor
869924,Orchis mascula,OpenWetPoor
869925,Orchis mascula,OpenWetPoor
869926,Orchis mascula,OpenWetPoor
869927,Orchis mascula,OpenWetPoor
869928,Orchis mascula,OpenWetPoor
872224,Orchis mascula,OpenWetPoor
872226,Orchis mascula,OpenWetPoor
872227,Orchis mascula,OpenWetPoor
927116,Orchis mascula,OpenWetPoor
929415,Orchis mascula,OpenWetPoor
929416,Orchis mascula,OpenWetPoor
929417,Orchis mascula,OpenWetPoor
929418,Orchis mascula,OpenWetPoor
931715,Orchis mascula,OpenWetPoor
931716,Orchis mascula,OpenWetPoor
931717,Orchis mascula,OpenWetPoor
931718,Orchis mascula,OpenWetPoor
934015,Orchis mascula,OpenWetPoor
934018,Orchis mascula,OpenWetPoor
1058714,Orchis mascula,OpenWetPoor
1058715,Orchis mascula,OpenWetPoor
1058716,Orchis mascula,OpenWetPoor
1058717,Orchis mascula,OpenWetPoor
1061014,Orchis mascula,OpenWetPoor
1061016,Orchis mascula,OpenWetPoor
1061017,Orchis mascula,OpenWetPoor
1063309,Orchis mascula,OpenWetPoor
1063310,Orchis mascula,OpenWetPoor
1063311,Orchis mascula,OpenWetPoor
1063312,Orchis mascula,OpenWetPoor
1063317,Orchis mascula,OpenWetPoor
1063318,Orchis mascula,OpenWetPoor
1065609,Orchis mascula,OpenWetPoor
1065610,Orchis mascula,OpenWetPoor
1065611,Orchis mascula,OpenWetPoor
1065612,Orchis mascula,OpenWetPoor
1065617,Orchis mascula,OpenWetPoor
1067909,Orchis mascula,OpenWetPoor
1067910,Orchis mascula,OpenWetPoor
1067911,Orchis mascula,OpenWetPoor
1067912,Orchis mascula,OpenWetPoor
1067916,Orchis mascula,OpenWetPoor
1067917,Orchis mascula,OpenWetPoor
1070210,Orchis mascula,OpenWetPoor
1070211,Orchis mascula,OpenWetPoor
1072510,Orchis mascula,OpenWetPoor
1072511,Orchis mascula,OpenWetPoor
1072517,Orchis mascula,OpenWetPoor
1074809,Orchis mascula,OpenWetPoor
1074810,Orchis mascula,OpenWetPoor
1074811,Orchis mascula,OpenWetPoor
1074812,Orchis mascula,OpenWetPoor
1074813,Orchis mascula,OpenWetPoor
1074814,Orchis mascula,OpenWetPoor
1074815,Orchis mascula,OpenWetPoor
1074816,Orchis mascula,OpenWetPoor
1074817,Orchis mascula,OpenWetPoor
1074818,Orchis mascula,OpenWetPoor
1077109,Orchis mascula,OpenWetPoor
1077110,Orchis mascula,OpenWetPoor
1077115,Orchis mascula,OpenWetPoor
1077116,Orchis mascula,OpenWetPoor
1077117,Orchis mascula,OpenWetPoor
1077118,Orchis mascula,OpenWetPoor
1079409,Orchis mascula,OpenWetPoor
1079410,Orchis mascula,OpenWetPoor
1079414,Orchis mascula,OpenWetPoor
1079415,Orchis mascula,OpenWetPoor
1079416,Orchis mascula,OpenWetPoor
1081711,Orchis mascula,OpenWetPoor
1164400,Orchis mascula,OpenWetPoor
1166700,Orchis mascula,OpenWetPoor
1168999,Orchis mascula,OpenWetPoor
1169000,Orchis mascula,OpenWetPoor
1169001,Orchis mascula,OpenWetPoor
1169002,Orchis mascula,OpenWetPoor
1169003,Orchis mascula,OpenWetPoor
1171303,Orchis mascula,OpenWetPoor
1173601,Orchis mascula,OpenWetPoor
1173603,Orchis mascula,OpenWetPoor
1182807,Orchis mascula,OpenWetPoor
1182808,Orchis mascula,OpenWetPoor
1237981,Orchis mascula,OpenWetPoor
1237983,Orchis mascula,OpenWetPoor
1240281,Orchis mascula,OpenWetPoor
1359999,Orchis mascula,OpenWetPoor
1360002,Orchis mascula,OpenWetPoor
1362300,Orchis mascula,OpenWetPoor
1362301,Orchis mascula,OpenWetPoor
1364601,Orchis mascula,OpenWetPoor
1364615,Orchis mascula,OpenWetPoor
1366912,Orchis mascula,OpenWetPoor
1366915,Orchis mascula,OpenWetPoor
1366916,Orchis mascula,OpenWetPoor
1366918,Orchis mascula,OpenWetPoor
1366929,Orchis mascula,OpenWetPoor
1369217,Orchis mascula,OpenWetPoor
1369218,Orchis mascula,OpenWetPoor
1371518,Orchis mascula,OpenWetPoor
1371527,Orchis mascula,OpenWetPoor
1371531,Orchis mascula,OpenWetPoor
1373818,Orchis mascula,OpenWetPoor
1373827,Orchis mascula,OpenWetPoor
1376115,Orchis mascula,OpenWetPoor
1376116,Orchis mascula,OpenWetPoor
1376117,Orchis mascula,OpenWetPoor
1376118,Orchis mascula,OpenWetPoor
1376127,Orchis mascula,OpenWetPoor
1376128,Orchis mascula,OpenWetPoor
1376129,Orchis mascula,OpenWetPoor
1376130,Orchis mascula,OpenWetPoor
1378406,Orchis mascula,OpenWetPoor
1378407,Orchis mascula,OpenWetPoor
1378416,Orchis mascula,OpenWetPoor
1378417,Orchis mascula,OpenWetPoor
1385232,Orchis mascula,OpenWetPoor
1387531,Orchis mascula,OpenWetPoor
1387532,Orchis mascula,OpenWetPoor
1389831,Orchis mascula,OpenWetPoor
1410584,Orchis mascula,OpenWetPoor
1410585,Orchis mascula,OpenWetPoor
1410588,Orchis mascula,OpenWetPoor
1410589,Orchis mascula,OpenWetPoor
1412887,Orchis mascula,OpenWetPoor
1412889,Orchis mascula,OpenWetPoor
1415188,Orchis mascula,OpenWetPoor
1415189,Orchis mascula,OpenWetPoor
1417466,Orchis mascula,OpenWetPoor
1417489,Orchis mascula,OpenWetPoor
1417490,Orchis mascula,OpenWetPoor
1419765,Orchis mascula,OpenWetPoor
1419766,Orchis mascula,OpenWetPoor
1419790,Orchis mascula,OpenWetPoor
1422064,Orchis mascula,OpenWetPoor
1422090,Orchis mascula,OpenWetPoor
1426691,Orchis mascula,OpenWetPoor
1426692,Orchis mascula,OpenWetPoor
1431296,Orchis mascula,OpenWetPoor
1433596,Orchis mascula,OpenWetPoor
1435895,Orchis mascula,OpenWetPoor
1435896,Orchis mascula,OpenWetPoor
1435897,Orchis mascula,OpenWetPoor
1438193,Orchis mascula,OpenWetPoor
1438195,Orchis mascula,OpenWetPoor
1440495,Orchis mascula,OpenWetPoor
1440496,Orchis mascula,OpenWetPoor
1442795,Orchis mascula,OpenWetPoor
1445096,Orchis mascula,OpenWetPoor
1447084,Orchis mascula,OpenWetPoor
1697980,Orchis mascula,OpenWetPoor
1697981,Orchis mascula,OpenWetPoor
1700277,Orchis mascula,OpenWetPoor
1774118,Orchis mascula,OpenWetPoor
1847734,Orchis mascula,OpenWetPoor
1850033,Orchis mascula,OpenWetPoor
1879664,Orchis mascula,OpenWetPoor
1900362,Orchis mascula,OpenWetPoor
1907261,Orchis mascula,OpenWetPoor
1921400,Orchis mascula,OpenWetPoor
1923700,Orchis mascula,OpenWetPoor
1928183,Orchis mascula,OpenWetPoor
1928184,Orchis mascula,OpenWetPoor
1928185,Orchis mascula,OpenWetPoor
1928186,Orchis mascula,OpenWetPoor
1930483,Orchis mascula,OpenWetPoor
1930484,Orchis mascula,OpenWetPoor
1930486,Orchis mascula,OpenWetPoor
1932785,Orchis mascula,OpenWetPoor
1951201,Orchis mascula,OpenWetPoor
1951202,Orchis mascula,OpenWetPoor
1951203,Orchis mascula,OpenWetPoor
1953501,Orchis mascula,OpenWetPoor
1953502,Orchis mascula,OpenWetPoor
1990245,Orchis mascula,OpenWetPoor
1990246,Orchis mascula,OpenWetPoor
1992545,Orchis mascula,OpenWetPoor
1992546,Orchis mascula,OpenWetPoor
1992547,Orchis mascula,OpenWetPoor
1994844,Orchis mascula,OpenWetPoor
1994846,Orchis mascula,OpenWetPoor
1994847,Orchis mascula,OpenWetPoor
1997144,Orchis mascula,OpenWetPoor
1997145,Orchis mascula,OpenWetPoor
1997146,Orchis mascula,OpenWetPoor
2072940,Orchis mascula,OpenWetPoor
2084457,Orchis mascula,OpenWetPoor
2139635,Orchis mascula,OpenWetPoor
2139637,Orchis mascula,OpenWetPoor
2139638,Orchis mascula,OpenWetPoor
2141935,Orchis mascula,OpenWetPoor
2141940,Orchis mascula,OpenWetPoor
2144236,Orchis mascula,OpenWetPoor
2144237,Orchis mascula,OpenWetPoor
2144240,Orchis mascula,OpenWetPoor
2144241,Orchis mascula,OpenWetPoor
2144285,Orchis mascula,OpenWetPoor
2144286,Orchis mascula,OpenWetPoor
2146538,Orchis mascula,OpenWetPoor
2146539,Orchis mascula,OpenWetPoor
2146586,Orchis mascula,OpenWetPoor
2148817,Orchis mascula,OpenWetPoor
2148818,Orchis mascula,OpenWetPoor
2151117,Orchis mascula,OpenWetPoor
2151118,Orchis mascula,OpenWetPoor
2153417,Orchis mascula,OpenWetPoor
2153418,Orchis mascula,OpenWetPoor
2153427,Orchis mascula,OpenWetPoor
2153428,Orchis mascula,OpenWetPoor
2155717,Orchis mascula,OpenWetPoor
2155718,Orchis mascula,OpenWetPoor
2155719,Orchis mascula,OpenWetPoor
2155720,Orchis mascula,OpenWetPoor
2158017,Orchis mascula,OpenWetPoor
2158018,Orchis mascula,OpenWetPoor
2158020,Orchis mascula,OpenWetPoor
2160320,Orchis mascula,OpenWetPoor
2160321,Orchis mascula,OpenWetPoor
2169544,Orchis mascula,OpenWetPoor
2169545,Orchis mascula,OpenWetPoor
2204106,Orchis mascula,OpenWetPoor
2254600,Orchis mascula,OpenWetPoor
2256902,Orchis mascula,OpenWetPoor
2308146,Orchis mascula,OpenWetPoor
2310442,Orchis mascula,OpenWetPoor
2312742,Orchis mascula,OpenWetPoor
2315054,Orchis mascula,OpenWetPoor
2317349,Orchis mascula,OpenWetPoor
2317350,Orchis mascula,OpenWetPoor
2319649,Orchis mascula,OpenWetPoor
2319650,Orchis mascula,OpenWetPoor
2319651,Orchis mascula,OpenWetPoor
2321949,Orchis mascula,OpenWetPoor
2321950,Orchis mascula,OpenWetPoor
2321951,Orchis mascula,OpenWetPoor
2323640,Orchis mascula,OpenWetPoor
2323641,Orchis mascula,OpenWetPoor
2324251,Orchis mascula,OpenWetPoor
2325939,Orchis mascula,OpenWetPoor
2325941,Orchis mascula,OpenWetPoor
2326548,Orchis mascula,OpenWetPoor
2326552,Orchis mascula,OpenWetPoor
2328240,Orchis mascula,OpenWetPoor
2328241,Orchis mascula,OpenWetPoor
2328851,Orchis mascula,OpenWetPoor
2328852,Orchis mascula,OpenWetPoor
2330541,Orchis mascula,OpenWetPoor
2331150,Orchis mascula,OpenWetPoor
2331151,Orchis mascula,OpenWetPoor
2331152,Orchis mascula,OpenWetPoor
2333450,Orchis mascula,OpenWetPoor
2333451,Orchis mascula,OpenWetPoor
2342535,Orchis mascula,OpenWetPoor
2342536,Orchis mascula,OpenWetPoor
2344836,Orchis mascula,OpenWetPoor
2344837,Orchis mascula,OpenWetPoor
2347137,Orchis mascula,OpenWetPoor
2347143,Orchis mascula,OpenWetPoor
2348788,Orchis mascula,OpenWetPoor
2349437,Orchis mascula,OpenWetPoor
2369695,Orchis mascula,OpenWetPoor
2371743,Orchis mascula,OpenWetPoor
2378894,Orchis mascula,OpenWetPoor
2378895,Orchis mascula,OpenWetPoor
2378896,Orchis mascula,OpenWetPoor
2381195,Orchis mascula,OpenWetPoor
2381196,Orchis mascula,OpenWetPoor
2381197,Orchis mascula,OpenWetPoor
2383494,Orchis mascula,OpenWetPoor
2383496,Orchis mascula,OpenWetPoor
2383497,Orchis mascula,OpenWetPoor
2383498,Orchis mascula,OpenWetPoor
2385795,Orchis mascula,OpenWetPoor
2385798,Orchis mascula,OpenWetPoor
2388096,Orchis mascula,OpenWetPoor
2411115,Orchis mascula,OpenWetPoor
2413416,Orchis mascula,OpenWetPoor
2457088,Orchis mascula,OpenWetPoor
2459388,Orchis mascula,OpenWetPoor
2477671,Orchis mascula,OpenWetPoor
2479967,Orchis mascula,OpenWetPoor
2482265,Orchis mascula,OpenWetPoor
2482406,Orchis mascula,OpenWetPoor
2482407,Orchis mascula,OpenWetPoor
2484695,Orchis mascula,OpenWetPoor
2484706,Orchis mascula,OpenWetPoor
2486995,Orchis mascula,OpenWetPoor
2486997,Orchis mascula,OpenWetPoor
2489295,Orchis mascula,OpenWetPoor
2489296,Orchis mascula,OpenWetPoor
2489297,Orchis mascula,OpenWetPoor
2507705,Orchis mascula,OpenWetPoor
2507706,Orchis mascula,OpenWetPoor
2510004,Orchis mascula,OpenWetPoor
2510005,Orchis mascula,OpenWetPoor
2510006,Orchis mascula,OpenWetPoor
2510007,Orchis mascula,OpenWetPoor
2512150,Orchis mascula,OpenWetPoor
2512306,Orchis mascula,OpenWetPoor
2512307,Orchis mascula,OpenWetPoor
2514449,Orchis mascula,OpenWetPoor
2514608,Orchis mascula,OpenWetPoor
2521349,Orchis mascula,OpenWetPoor
2537540,Orchis mascula,OpenWetPoor
2537541,Orchis mascula,OpenWetPoor
2537542,Orchis mascula,OpenWetPoor
2537543,Orchis mascula,OpenWetPoor
2539842,Orchis mascula,OpenWetPoor
2542141,Orchis mascula,OpenWetPoor
2544440,Orchis mascula,OpenWetPoor
2544441,Orchis mascula,OpenWetPoor
2578947,Orchis mascula,OpenWetPoor
2583546,Orchis mascula,OpenWetPoor
2623057,Orchis mascula,OpenWetPoor
2623058,Orchis mascula,OpenWetPoor
2625354,Orchis mascula,OpenWetPoor
2625355,Orchis mascula,OpenWetPoor
2627346,Orchis mascula,OpenWetPoor
2627653,Orchis mascula,OpenWetPoor
2627654,Orchis mascula,OpenWetPoor
2627655,Orchis mascula,OpenWetPoor
2627656,Orchis mascula,OpenWetPoor
2629955,Orchis mascula,OpenWetPoor
2629956,Orchis mascula,OpenWetPoor
2631942,Orchis mascula,OpenWetPoor
2631947,Orchis mascula,OpenWetPoor
2631948,Orchis mascula,OpenWetPoor
2632252,Orchis mascula,OpenWetPoor
2632253,Orchis mascula,OpenWetPoor
2632254,Orchis mascula,OpenWetPoor
2632255,Orchis mascula,OpenWetPoor
2632256,Orchis mascula,OpenWetPoor
2634242,Orchis mascula,OpenWetPoor
2634246,Orchis mascula,OpenWetPoor
2634247,Orchis mascula,OpenWetPoor
2634552,Orchis mascula,OpenWetPoor
2634553,Orchis mascula,OpenWetPoor
2634554,Orchis mascula,OpenWetPoor
2636545,Orchis mascula,OpenWetPoor
2636546,Orchis mascula,OpenWetPoor
2636852,Orchis mascula,OpenWetPoor
2636853,Orchis mascula,OpenWetPoor
2636854,Orchis mascula,OpenWetPoor
2726089,Orchis mascula,OpenWetPoor
2726580,Orchis mascula,OpenWetPoor
2728880,Orchis mascula,OpenWetPoor
2728881,Orchis mascula,OpenWetPoor
2730194,Orchis mascula,OpenWetPoor
2730195,Orchis mascula,OpenWetPoor
2730196,Orchis mascula,OpenWetPoor
2730197,Orchis mascula,OpenWetPoor
2732493,Orchis mascula,OpenWetPoor
2732495,Orchis mascula,OpenWetPoor
2732497,Orchis mascula,OpenWetPoor
2734793,Orchis mascula,OpenWetPoor
2734794,Orchis mascula,OpenWetPoor
2734795,Orchis mascula,OpenWetPoor
2735146,Orchis mascula,OpenWetPoor
2737096,Orchis mascula,OpenWetPoor
2737444,Orchis mascula,OpenWetPoor
2737445,Orchis mascula,OpenWetPoor
2739742,Orchis mascula,OpenWetPoor
2739744,Orchis mascula,OpenWetPoor
2739745,Orchis mascula,OpenWetPoor
2739746,Orchis mascula,OpenWetPoor
2739800,Orchis mascula,OpenWetPoor
2739801,Orchis mascula,OpenWetPoor
2742040,Orchis mascula,OpenWetPoor
2742041,Orchis mascula,OpenWetPoor
2751871,Orchis mascula,OpenWetPoor
2754172,Orchis mascula,OpenWetPoor
2755824,Orchis mascula,OpenWetPoor
2756470,Orchis mascula,OpenWetPoor
2758124,Orchis mascula,OpenWetPoor
2758769,Orchis mascula,OpenWetPoor
2758770,Orchis mascula,OpenWetPoor
2758771,Orchis mascula,OpenWetPoor
2758781,Orchis mascula,OpenWetPoor
2760423,Orchis mascula,OpenWetPoor
2762723,Orchis mascula,OpenWetPoor
2762726,Orchis mascula,OpenWetPoor
2762727,Orchis mascula,OpenWetPoor
2765025,Orchis mascula,OpenWetPoor
2765026,Orchis mascula,OpenWetPoor
2765123,Orchis mascula,OpenWetPoor
2765680,Orchis mascula,OpenWetPoor
2767324,Orchis mascula,OpenWetPoor
2767325,Orchis mascula,OpenWetPoor
2767424,Orchis mascula,OpenWetPoor
2769725,Orchis mascula,OpenWetPoor
2774881,Orchis mascula,OpenWetPoor
2809572,Orchis mascula,OpenWetPoor
2834443,Orchis mascula,OpenWetPoor
2836743,Orchis mascula,OpenWetPoor
2850547,Orchis mascula,OpenWetPoor
2877991,Orchis mascula,OpenWetPoor
2880289,Orchis mascula,OpenWetPoor
2880290,Orchis mascula,OpenWetPoor
2880291,Orchis mascula,OpenWetPoor
2880293,Orchis mascula,OpenWetPoor
2882589,Orchis mascula,OpenWetPoor
2882590,Orchis mascula,OpenWetPoor
2882749,Orchis mascula,OpenWetPoor
2884889,Orchis mascula,OpenWetPoor
2885047,Orchis mascula,OpenWetPoor
2885048,Orchis mascula,OpenWetPoor
2885050,Orchis mascula,OpenWetPoor
2887165,Orchis mascula,OpenWetPoor
2887166,Orchis mascula,OpenWetPoor
2887347,Orchis mascula,OpenWetPoor
2887350,Orchis mascula,OpenWetPoor
2887351,Orchis mascula,OpenWetPoor
2889466,Orchis mascula,OpenWetPoor
2889467,Orchis mascula,OpenWetPoor
2889651,Orchis mascula,OpenWetPoor
2891765,Orchis mascula,OpenWetPoor
2891766,Orchis mascula,OpenWetPoor
2891767,Orchis mascula,OpenWetPoor
2891948,Orchis mascula,OpenWetPoor
2891949,Orchis mascula,OpenWetPoor
2891950,Orchis mascula,OpenWetPoor
2894064,Orchis mascula,OpenWetPoor
2894065,Orchis mascula,OpenWetPoor
2894066,Orchis mascula,OpenWetPoor
2894067,Orchis mascula,OpenWetPoor
2894096,Orchis mascula,OpenWetPoor
2894248,Orchis mascula,OpenWetPoor
2896366,Orchis mascula,OpenWetPoor
2896395,Orchis mascula,OpenWetPoor
2896546,Orchis mascula,OpenWetPoor
2907619,Orchis mascula,OpenWetPoor
2909916,Orchis mascula,OpenWetPoor
2909919,Orchis mascula,OpenWetPoor
2912219,Orchis mascula,OpenWetPoor
2921645,Orchis mascula,OpenWetPoor
2923945,Orchis mascula,OpenWetPoor
2923946,Orchis mascula,OpenWetPoor
2923947,Orchis mascula,OpenWetPoor
2926244,Orchis mascula,OpenWetPoor
2926245,Orchis mascula,OpenWetPoor
2926246,Orchis mascula,OpenWetPoor
2926248,Orchis mascula,OpenWetPoor
2928545,Orchis mascula,OpenWetPoor
2928546,Orchis mascula,OpenWetPoor
2928547,Orchis mascula,OpenWetPoor
2928548,Orchis mascula,OpenWetPoor
2930844,Orchis mascula,OpenWetPoor
2930845,Orchis mascula,OpenWetPoor
2930847,Orchis mascula,OpenWetPoor
2933145,Orchis mascula,OpenWetPoor
2935444,Orchis mascula,OpenWetPoor
2935446,Orchis mascula,OpenWetPoor
2935447,Orchis mascula,OpenWetPoor
2937745,Orchis mascula,OpenWetPoor
2937746,Orchis mascula,OpenWetPoor
2937748,Orchis mascula,OpenWetPoor
2940046,Orchis mascula,OpenWetPoor
2940047,Orchis mascula,OpenWetPoor
2940048,Orchis mascula,OpenWetPoor
2940049,Orchis mascula,OpenWetPoor
2942344,Orchis mascula,OpenWetPoor
2942345,Orchis mascula,OpenWetPoor
2942347,Orchis mascula,OpenWetPoor
2942348,Orchis mascula,OpenWetPoor
2942349,Orchis mascula,OpenWetPoor
2942350,Orchis mascula,OpenWetPoor
2944647,Orchis mascula,OpenWetPoor
2944650,Orchis mascula,OpenWetPoor
2946947,Orchis mascula,OpenWetPoor
2954467,Orchis mascula,OpenWetPoor
2958435,Orchis mascula,OpenWetPoor
2958436,Orchis mascula,OpenWetPoor
2960561,Orchis mascula,OpenWetPoor
2965164,Orchis mascula,OpenWetPoor
3041754,Orchis mascula,OpenWetPoor
3043502,Orchis mascula,OpenWetPoor
3045800,Orchis mascula,OpenWetPoor
3047364,Orchis mascula,OpenWetPoor
3047365,Orchis mascula,OpenWetPoor
3047366,Orchis mascula,OpenWetPoor
3049664,Orchis mascula,OpenWetPoor
3049665,Orchis mascula,OpenWetPoor
3051965,Orchis mascula,OpenWetPoor
3051966,Orchis mascula,OpenWetPoor
3053254,Orchis mascula,OpenWetPoor
3053255,Orchis mascula,OpenWetPoor
3054263,Orchis mascula,OpenWetPoor
3054264,Orchis mascula,OpenWetPoor
3054265,Orchis mascula,OpenWetPoor
3055554,Orchis mascula,OpenWetPoor
3056561,Orchis mascula,OpenWetPoor
3056562,Orchis mascula,OpenWetPoor
3056563,Orchis mascula,OpenWetPoor
3056564,Orchis mascula,OpenWetPoor
3056565,Orchis mascula,OpenWetPoor
3058860,Orchis mascula,OpenWetPoor
3058861,Orchis mascula,OpenWetPoor
3058862,Orchis mascula,OpenWetPoor
3058863,Orchis mascula,OpenWetPoor
3058864,Orchis mascula,OpenWetPoor
3058865,Orchis mascula,OpenWetPoor
3061160,Orchis mascula,OpenWetPoor
3061161,Orchis mascula,OpenWetPoor
3061162,Orchis mascula,OpenWetPoor
3061163,Orchis mascula,OpenWetPoor
3061164,Orchis mascula,OpenWetPoor
3063460,Orchis mascula,OpenWetPoor
3063462,Orchis mascula,OpenWetPoor
3063463,Orchis mascula,OpenWetPoor
3063466,Orchis mascula,OpenWetPoor
3065760,Orchis mascula,OpenWetPoor
3065761,Orchis mascula,OpenWetPoor
3070365,Orchis mascula,OpenWetPoor
3072665,Orchis mascula,OpenWetPoor
3074964,Orchis mascula,OpenWetPoor
3074965,Orchis mascula,OpenWetPoor
3077265,Orchis mascula,OpenWetPoor
3081861,Orchis mascula,OpenWetPoor
3100259,Orchis mascula,OpenWetPoor
3102558,Orchis mascula,OpenWetPoor
3102559,Orchis mascula,OpenWetPoor
3107577,Orchis mascula,OpenWetPoor
3107578,Orchis mascula,OpenWetPoor
3109876,Orchis mascula,OpenWetPoor
3109877,Orchis mascula,OpenWetPoor
3109878,Orchis mascula,OpenWetPoor
3109879,Orchis mascula,OpenWetPoor
3112175,Orchis mascula,OpenWetPoor
3112176,Orchis mascula,OpenWetPoor
3112177,Orchis mascula,OpenWetPoor
3112178,Orchis mascula,OpenWetPoor
3112179,Orchis mascula,OpenWetPoor
3114476,Orchis mascula,OpenWetPoor
3114477,Orchis mascula,OpenWetPoor
3114478,Orchis mascula,OpenWetPoor
3116776,Orchis mascula,OpenWetPoor
3116778,Orchis mascula,OpenWetPoor
3116779,Orchis mascula,OpenWetPoor
3117806,Orchis mascula,OpenWetPoor
3120106,Orchis mascula,OpenWetPoor
3121734,Orchis mascula,OpenWetPoor
3121735,Orchis mascula,OpenWetPoor
3121736,Orchis mascula,OpenWetPoor
3121890,Orchis mascula,OpenWetPoor
3123257,Orchis mascula,OpenWetPoor
3132487,Orchis mascula,OpenWetPoor
3134787,Orchis mascula,OpenWetPoor
3140370,Orchis mascula,OpenWetPoor
3142632,Orchis mascula,OpenWetPoor
3142633,Orchis mascula,OpenWetPoor
3142635,Orchis mascula,OpenWetPoor
3142670,Orchis mascula,OpenWetPoor
3142671,Orchis mascula,OpenWetPoor
3144927,Orchis mascula,OpenWetPoor
3144930,Orchis mascula,OpenWetPoor
3144932,Orchis mascula,OpenWetPoor
3144933,Orchis mascula,OpenWetPoor
3144934,Orchis mascula,OpenWetPoor
3144936,Orchis mascula,OpenWetPoor
3144970,Orchis mascula,OpenWetPoor
3144971,Orchis mascula,OpenWetPoor
3144972,Orchis mascula,OpenWetPoor
3147227,Orchis mascula,OpenWetPoor
3147231,Orchis mascula,OpenWetPoor
3147267,Orchis mascula,OpenWetPoor
3147269,Orchis mascula,OpenWetPoor
3147272,Orchis mascula,OpenWetPoor
3148592,Orchis mascula,OpenWetPoor
3149532,Orchis mascula,OpenWetPoor
3149570,Orchis mascula,OpenWetPoor
3149928,Orchis mascula,OpenWetPoor
3149931,Orchis mascula,OpenWetPoor
3151870,Orchis mascula,OpenWetPoor
3152228,Orchis mascula,OpenWetPoor
3152229,Orchis mascula,OpenWetPoor
3152230,Orchis mascula,OpenWetPoor
3152231,Orchis mascula,OpenWetPoor
3157749,Orchis mascula,OpenWetPoor
3167849,Orchis mascula,OpenWetPoor
3167850,Orchis mascula,OpenWetPoor
3169297,Orchis mascula,OpenWetPoor
3170148,Orchis mascula,OpenWetPoor
3177128,Orchis mascula,OpenWetPoor
3179420,Orchis mascula,OpenWetPoor
3179425,Orchis mascula,OpenWetPoor
3179427,Orchis mascula,OpenWetPoor
3180812,Orchis mascula,OpenWetPoor
3180821,Orchis mascula,OpenWetPoor
3181720,Orchis mascula,OpenWetPoor
3181723,Orchis mascula,OpenWetPoor
3181725,Orchis mascula,OpenWetPoor
3204670,Orchis mascula,OpenWetPoor
3204673,Orchis mascula,OpenWetPoor
3212956,Orchis mascula,OpenWetPoor
3212957,Orchis mascula,OpenWetPoor
3215256,Orchis mascula,OpenWetPoor
3215257,Orchis mascula,OpenWetPoor
3217556,Orchis mascula,OpenWetPoor
3217557,Orchis mascula,OpenWetPoor
3217558,Orchis mascula,OpenWetPoor
3218050,Orchis mascula,OpenWetPoor
3219856,Orchis mascula,OpenWetPoor
3219857,Orchis mascula,OpenWetPoor
3220351,Orchis mascula,OpenWetPoor
3236006,Orchis mascula,OpenWetPoor
3240608,Orchis mascula,OpenWetPoor
3246348,Orchis mascula,OpenWetPoor
3246349,Orchis mascula,OpenWetPoor
3248648,Orchis mascula,OpenWetPoor
3250145,Orchis mascula,OpenWetPoor
3250146,Orchis mascula,OpenWetPoor
3250947,Orchis mascula,OpenWetPoor
3250950,Orchis mascula,OpenWetPoor
3252117,Orchis mascula,OpenWetPoor
3252445,Orchis mascula,OpenWetPoor
3253250,Orchis mascula,OpenWetPoor
3254744,Orchis mascula,OpenWetPoor
3254747,Orchis mascula,OpenWetPoor
3256717,Orchis mascula,OpenWetPoor
3257045,Orchis mascula,OpenWetPoor
3259017,Orchis mascula,OpenWetPoor
3259345,Orchis mascula,OpenWetPoor
3262732,Orchis mascula,OpenWetPoor
3265032,Orchis mascula,OpenWetPoor
3268219,Orchis mascula,OpenWetPoor
3270527,Orchis mascula,OpenWetPoor
3270530,Orchis mascula,OpenWetPoor
3273194,Orchis mascula,OpenWetPoor
3273198,Orchis mascula,OpenWetPoor
3275116,Orchis mascula,OpenWetPoor
3278195,Orchis mascula,OpenWetPoor
3279764,Orchis mascula,OpenWetPoor
3279765,Orchis mascula,OpenWetPoor
3280495,Orchis mascula,OpenWetPoor
3282794,Orchis mascula,OpenWetPoor
3284313,Orchis mascula,OpenWetPoor
3288905,Orchis mascula,OpenWetPoor
3291212,Orchis mascula,OpenWetPoor
3298174,Orchis mascula,OpenWetPoor
3298175,Orchis mascula,OpenWetPoor
3311940,Orchis mascula,OpenWetPoor
3314552,Orchis mascula,OpenWetPoor
3316851,Orchis mascula,OpenWetPoor
3316853,Orchis mascula,OpenWetPoor
3319149,Orchis mascula,OpenWetPoor
3319153,Orchis mascula,OpenWetPoor
3320217,Orchis mascula,OpenWetPoor
3321451,Orchis mascula,OpenWetPoor
3322516,Orchis mascula,OpenWetPoor
3322518,Orchis mascula,OpenWetPoor
3324051,Orchis mascula,OpenWetPoor
3325676,Orchis mascula,OpenWetPoor
3326449,Orchis mascula,OpenWetPoor
3331050,Orchis mascula,OpenWetPoor
3333350,Orchis mascula,OpenWetPoor
3334876,Orchis mascula,OpenWetPoor
3334878,Orchis mascula,OpenWetPoor
3340259,Orchis mascula,OpenWetPoor
3341778,Orchis mascula,OpenWetPoor
3342559,Orchis mascula,OpenWetPoor
3344862,Orchis mascula,OpenWetPoor
3346482,Orchis mascula,OpenWetPoor
3346483,Orchis mascula,OpenWetPoor
3348781,Orchis mascula,OpenWetPoor
3350981,Orchis mascula,OpenWetPoor
3350982,Orchis mascula,OpenWetPoor
3351080,Orchis mascula,OpenWetPoor
3351081,Orchis mascula,OpenWetPoor
3351082,Orchis mascula,OpenWetPoor
3353380,Orchis mascula,OpenWetPoor
3353381,Orchis mascula,OpenWetPoor
3354617,Orchis mascula,OpenWetPoor
3354618,Orchis mascula,OpenWetPoor
3354619,Orchis mascula,OpenWetPoor
3355681,Orchis mascula,OpenWetPoor
3355682,Orchis mascula,OpenWetPoor
3356917,Orchis mascula,OpenWetPoor
3356918,Orchis mascula,OpenWetPoor
3356919,Orchis mascula,OpenWetPoor
3357978,Orchis mascula,OpenWetPoor
3357981,Orchis mascula,OpenWetPoor
3357982,Orchis mascula,OpenWetPoor
3359218,Orchis mascula,OpenWetPoor
3360281,Orchis mascula,OpenWetPoor
3360282,Orchis mascula,OpenWetPoor
3362578,Orchis mascula,OpenWetPoor
3362580,Orchis mascula,OpenWetPoor
3364879,Orchis mascula,OpenWetPoor
3364880,Orchis mascula,OpenWetPoor
3364881,Orchis mascula,OpenWetPoor
3368420,Orchis mascula,OpenWetPoor
3369483,Orchis mascula,OpenWetPoor
3381340,Orchis mascula,OpenWetPoor
3381341,Orchis mascula,OpenWetPoor
3383639,Orchis mascula,OpenWetPoor
3383640,Orchis mascula,OpenWetPoor
3383641,Orchis mascula,OpenWetPoor
3383642,Orchis mascula,OpenWetPoor
3384254,Orchis mascula,OpenWetPoor
3386499,Orchis mascula,OpenWetPoor
3386554,Orchis mascula,OpenWetPoor
3388239,Orchis mascula,OpenWetPoor
3388644,Orchis mascula,OpenWetPoor
3388645,Orchis mascula,OpenWetPoor
3388646,Orchis mascula,OpenWetPoor
3388854,Orchis mascula,OpenWetPoor
3390945,Orchis mascula,OpenWetPoor
3390965,Orchis mascula,OpenWetPoor
3391154,Orchis mascula,OpenWetPoor
3392852,Orchis mascula,OpenWetPoor
3392853,Orchis mascula,OpenWetPoor
3393245,Orchis mascula,OpenWetPoor
3393260,Orchis mascula,OpenWetPoor
3393261,Orchis mascula,OpenWetPoor
3395153,Orchis mascula,OpenWetPoor
3399754,Orchis mascula,OpenWetPoor
3400350,Orchis mascula,OpenWetPoor
3400351,Orchis mascula,OpenWetPoor
3401649,Orchis mascula,OpenWetPoor
3402054,Orchis mascula,OpenWetPoor
3403949,Orchis mascula,OpenWetPoor
3406243,Orchis mascula,OpenWetPoor
3430252,Orchis mascula,OpenWetPoor
3432551,Orchis mascula,OpenWetPoor
3434850,Orchis mascula,OpenWetPoor
3437149,Orchis mascula,OpenWetPoor
3511203,Orchis mascula,OpenWetPoor
3531378,Orchis mascula,OpenWetPoor
3559027,Orchis mascula,OpenWetPoor
3567875,Orchis mascula,OpenWetPoor
3572479,Orchis mascula,OpenWetPoor
3575139,Orchis mascula,OpenWetPoor
3582525,Orchis mascula,OpenWetPoor
3582526,Orchis mascula,OpenWetPoor
3582527,Orchis mascula,OpenWetPoor
3582528,Orchis mascula,OpenWetPoor
3582529,Orchis mascula,OpenWetPoor
3584827,Orchis mascula,OpenWetPoor
3584828,Orchis mascula,OpenWetPoor
3584829,Orchis mascula,OpenWetPoor
3586289,Orchis mascula,OpenWetPoor
3612221,Orchis mascula,OpenWetPoor
3616469,Orchis mascula,OpenWetPoor
3618818,Orchis mascula,OpenWetPoor
3627670,Orchis mascula,OpenWetPoor
3628137,Orchis mascula,OpenWetPoor
3628138,Orchis mascula,OpenWetPoor
3630437,Orchis mascula,OpenWetPoor
3632309,Orchis mascula,OpenWetPoor
3648402,Orchis mascula,OpenWetPoor
3650702,Orchis mascula,OpenWetPoor
3651117,Orchis mascula,OpenWetPoor
3653417,Orchis mascula,OpenWetPoor
3655970,Orchis mascula,OpenWetPoor
3658270,Orchis mascula,OpenWetPoor
3658271,Orchis mascula,OpenWetPoor
3660571,Orchis mascula,OpenWetPoor
3662221,Orchis mascula,OpenWetPoor
3662869,Orchis mascula,OpenWetPoor
3662870,Orchis mascula,OpenWetPoor
3662871,Orchis mascula,OpenWetPoor
3664521,Orchis mascula,OpenWetPoor
3664522,Orchis mascula,OpenWetPoor
3664523,Orchis mascula,OpenWetPoor
3665170,Orchis mascula,OpenWetPoor
3665171,Orchis mascula,OpenWetPoor
3679037,Orchis mascula,OpenWetPoor
3681337,Orchis mascula,OpenWetPoor
3690078,Orchis mascula,OpenWetPoor
3692379,Orchis mascula,OpenWetPoor
3694314,Orchis mascula,OpenWetPoor
3701301,Orchis mascula,OpenWetPoor
3715481,Orchis mascula,OpenWetPoor
3720081,Orchis mascula,OpenWetPoor
3724908,Orchis mascula,OpenWetPoor
3736385,Orchis mascula,OpenWetPoor
3738605,Orchis mascula,OpenWetPoor
3738606,Orchis mascula,OpenWetPoor
3740712,Orchis mascula,OpenWetPoor
3740905,Orchis mascula,OpenWetPoor
3740907,Orchis mascula,OpenWetPoor
3743012,Orchis mascula,OpenWetPoor
3749911,Orchis mascula,OpenWetPoor
3760999,Orchis mascula,OpenWetPoor
3777873,Orchis mascula,OpenWetPoor
3780172,Orchis mascula,OpenWetPoor
3797764,Orchis mascula,OpenWetPoor
3823834,Orchis mascula,OpenWetPoor
3823835,Orchis mascula,OpenWetPoor
3823836,Orchis mascula,OpenWetPoor
3828437,Orchis mascula,OpenWetPoor
3832674,Orchis mascula,OpenWetPoor
3839569,Orchis mascula,OpenWetPoor
3844565,Orchis mascula,OpenWetPoor
3846841,Orchis mascula,OpenWetPoor
3846842,Orchis mascula,OpenWetPoor
3851069,Orchis mascula,OpenWetPoor
3858296,Orchis mascula,OpenWetPoor
3860595,Orchis mascula,OpenWetPoor
3862895,Orchis mascula,OpenWetPoor
3865196,Orchis mascula,OpenWetPoor
3865197,Orchis mascula,OpenWetPoor
3865198,Orchis mascula,OpenWetPoor
3867496,Orchis mascula,OpenWetPoor
3867497,Orchis mascula,OpenWetPoor
3867498,Orchis mascula,OpenWetPoor
3874449,Orchis mascula,OpenWetPoor
3874450,Orchis mascula,OpenWetPoor
3874451,Orchis mascula,OpenWetPoor
3876749,Orchis mascula,OpenWetPoor
3876750,Orchis mascula,OpenWetPoor
3890548,Orchis mascula,OpenWetPoor
3892849,Orchis mascula,OpenWetPoor
3892850,Orchis mascula,OpenWetPoor
3895149,Orchis mascula,OpenWetPoor
3920436,Orchis mascula,OpenWetPoor
3920437,Orchis mascula,OpenWetPoor
3920438,Orchis mascula,OpenWetPoor
3922737,Orchis mascula,OpenWetPoor
3925036,Orchis mascula,OpenWetPoor
3925037,Orchis mascula,OpenWetPoor
3927337,Orchis mascula,OpenWetPoor
3934235,Orchis mascula,OpenWetPoor
3934237,Orchis mascula,OpenWetPoor
3971009,Orchis mascula,OpenWetPoor
3973309,Orchis mascula,OpenWetPoor
3977884,Orchis mascula,OpenWetPoor
3980210,Orchis mascula,OpenWetPoor
3989404,Orchis mascula,OpenWetPoor
3989405,Orchis mascula,OpenWetPoor
3991677,Orchis mascula,OpenWetPoor
3991687,Orchis mascula,OpenWetPoor
3991705,Orchis mascula,OpenWetPoor
3993977,Orchis mascula,OpenWetPoor
3993978,Orchis mascula,OpenWetPoor
3993987,Orchis mascula,OpenWetPoor
4049120,Orchis mascula,OpenWetPoor
4049121,Orchis mascula,OpenWetPoor
4049122,Orchis mascula,OpenWetPoor
4051420,Orchis mascula,OpenWetPoor
4051421,Orchis mascula,OpenWetPoor
4051422,Orchis mascula,OpenWetPoor
4051423,Orchis mascula,OpenWetPoor
4053721,Orchis mascula,OpenWetPoor
4053722,Orchis mascula,OpenWetPoor
4053723,Orchis mascula,OpenWetPoor
4056022,Orchis mascula,OpenWetPoor
4056023,Orchis mascula,OpenWetPoor
