265193,Selinum carvifolia,OpenWetPoor
265194,Selinum carvifolia,OpenWetPoor
265195,Selinum carvifolia,OpenWetPoor
267492,Selinum carvifolia,OpenWetPoor
267494,Selinum carvifolia,OpenWetPoor
267495,Selinum carvifolia,OpenWetPoor
269794,Selinum carvifolia,OpenWetPoor
269795,Selinum carvifolia,OpenWetPoor
302057,Selinum carvifolia,OpenWetPoor
304357,Selinum carvifolia,OpenWetPoor
306657,Selinum carvifolia,OpenWetPoor
308957,Selinum carvifolia,OpenWetPoor
308958,Selinum carvifolia,OpenWetPoor
311256,Selinum carvifolia,OpenWetPoor
311258,Selinum carvifolia,OpenWetPoor
327354,Selinum carvifolia,OpenWetPoor
327355,Selinum carvifolia,OpenWetPoor
329652,Selinum carvifolia,OpenWetPoor
329655,Selinum carvifolia,OpenWetPoor
331951,Selinum carvifolia,OpenWetPoor
331952,Selinum carvifolia,OpenWetPoor
331955,Selinum carvifolia,OpenWetPoor
334252,Selinum carvifolia,OpenWetPoor
334253,Selinum carvifolia,OpenWetPoor
334254,Selinum carvifolia,OpenWetPoor
334255,Selinum carvifolia,OpenWetPoor
336553,Selinum carvifolia,OpenWetPoor
336554,Selinum carvifolia,OpenWetPoor
934039,Selinum carvifolia,OpenWetPoor
934040,Selinum carvifolia,OpenWetPoor
934041,Selinum carvifolia,OpenWetPoor
936340,Selinum carvifolia,OpenWetPoor
936341,Selinum carvifolia,OpenWetPoor
936342,Selinum carvifolia,OpenWetPoor
984948,Selinum carvifolia,OpenWetPoor
984949,Selinum carvifolia,OpenWetPoor
987246,Selinum carvifolia,OpenWetPoor
987247,Selinum carvifolia,OpenWetPoor
987248,Selinum carvifolia,OpenWetPoor
987249,Selinum carvifolia,OpenWetPoor
989546,Selinum carvifolia,OpenWetPoor
989547,Selinum carvifolia,OpenWetPoor
989548,Selinum carvifolia,OpenWetPoor
1007837,Selinum carvifolia,OpenWetPoor
1012435,Selinum carvifolia,OpenWetPoor
1019602,Selinum carvifolia,OpenWetPoor
1021900,Selinum carvifolia,OpenWetPoor
1021902,Selinum carvifolia,OpenWetPoor
1021903,Selinum carvifolia,OpenWetPoor
1024199,Selinum carvifolia,OpenWetPoor
1024201,Selinum carvifolia,OpenWetPoor
1024203,Selinum carvifolia,OpenWetPoor
1024204,Selinum carvifolia,OpenWetPoor
1026499,Selinum carvifolia,OpenWetPoor
1026501,Selinum carvifolia,OpenWetPoor
1026503,Selinum carvifolia,OpenWetPoor
1026504,Selinum carvifolia,OpenWetPoor
1028800,Selinum carvifolia,OpenWetPoor
1028801,Selinum carvifolia,OpenWetPoor
1028802,Selinum carvifolia,OpenWetPoor
1083799,Selinum carvifolia,OpenWetPoor
1086098,Selinum carvifolia,OpenWetPoor
1090696,Selinum carvifolia,OpenWetPoor
1090697,Selinum carvifolia,OpenWetPoor
1106592,Selinum carvifolia,OpenWetPoor
1106593,Selinum carvifolia,OpenWetPoor
1108893,Selinum carvifolia,OpenWetPoor
1111192,Selinum carvifolia,OpenWetPoor
1113490,Selinum carvifolia,OpenWetPoor
1113491,Selinum carvifolia,OpenWetPoor
1115789,Selinum carvifolia,OpenWetPoor
1115790,Selinum carvifolia,OpenWetPoor
1118300,Selinum carvifolia,OpenWetPoor
1120592,Selinum carvifolia,OpenWetPoor
1122891,Selinum carvifolia,OpenWetPoor
1122892,Selinum carvifolia,OpenWetPoor
1122901,Selinum carvifolia,OpenWetPoor
1122902,Selinum carvifolia,OpenWetPoor
1122903,Selinum carvifolia,OpenWetPoor
1125189,Selinum carvifolia,OpenWetPoor
1125190,Selinum carvifolia,OpenWetPoor
1125191,Selinum carvifolia,OpenWetPoor
1125192,Selinum carvifolia,OpenWetPoor
1125202,Selinum carvifolia,OpenWetPoor
1125203,Selinum carvifolia,OpenWetPoor
1127489,Selinum carvifolia,OpenWetPoor
1127490,Selinum carvifolia,OpenWetPoor
1127491,Selinum carvifolia,OpenWetPoor
1129791,Selinum carvifolia,OpenWetPoor
1150624,Selinum carvifolia,OpenWetPoor
1150625,Selinum carvifolia,OpenWetPoor
1150626,Selinum carvifolia,OpenWetPoor
1152927,Selinum carvifolia,OpenWetPoor
1155109,Selinum carvifolia,OpenWetPoor
1155228,Selinum carvifolia,OpenWetPoor
1157408,Selinum carvifolia,OpenWetPoor
1157410,Selinum carvifolia,OpenWetPoor
1157525,Selinum carvifolia,OpenWetPoor
1157526,Selinum carvifolia,OpenWetPoor
1159708,Selinum carvifolia,OpenWetPoor
1159709,Selinum carvifolia,OpenWetPoor
1159710,Selinum carvifolia,OpenWetPoor
1162008,Selinum carvifolia,OpenWetPoor
1164303,Selinum carvifolia,OpenWetPoor
1164304,Selinum carvifolia,OpenWetPoor
1164308,Selinum carvifolia,OpenWetPoor
1168904,Selinum carvifolia,OpenWetPoor
1168905,Selinum carvifolia,OpenWetPoor
1171205,Selinum carvifolia,OpenWetPoor
1184970,Selinum carvifolia,OpenWetPoor
1184971,Selinum carvifolia,OpenWetPoor
1187270,Selinum carvifolia,OpenWetPoor
1187271,Selinum carvifolia,OpenWetPoor
1187272,Selinum carvifolia,OpenWetPoor
1187314,Selinum carvifolia,OpenWetPoor
1187315,Selinum carvifolia,OpenWetPoor
1187316,Selinum carvifolia,OpenWetPoor
1187317,Selinum carvifolia,OpenWetPoor
1189569,Selinum carvifolia,OpenWetPoor
1189572,Selinum carvifolia,OpenWetPoor
1189573,Selinum carvifolia,OpenWetPoor
1189616,Selinum carvifolia,OpenWetPoor
1189620,Selinum carvifolia,OpenWetPoor
1191871,Selinum carvifolia,OpenWetPoor
1191872,Selinum carvifolia,OpenWetPoor
1191873,Selinum carvifolia,OpenWetPoor
1191920,Selinum carvifolia,OpenWetPoor
1191921,Selinum carvifolia,OpenWetPoor
1194169,Selinum carvifolia,OpenWetPoor
1194170,Selinum carvifolia,OpenWetPoor
1194171,Selinum carvifolia,OpenWetPoor
1194172,Selinum carvifolia,OpenWetPoor
1196521,Selinum carvifolia,OpenWetPoor
1196522,Selinum carvifolia,OpenWetPoor
1198821,Selinum carvifolia,OpenWetPoor
1205722,Selinum carvifolia,OpenWetPoor
1212631,Selinum carvifolia,OpenWetPoor
1214930,Selinum carvifolia,OpenWetPoor
1214931,Selinum carvifolia,OpenWetPoor
1217231,Selinum carvifolia,OpenWetPoor
1217232,Selinum carvifolia,OpenWetPoor
1224193,Selinum carvifolia,OpenWetPoor
1226489,Selinum carvifolia,OpenWetPoor
1226490,Selinum carvifolia,OpenWetPoor
1226491,Selinum carvifolia,OpenWetPoor
1228789,Selinum carvifolia,OpenWetPoor
1228790,Selinum carvifolia,OpenWetPoor
1240223,Selinum carvifolia,OpenWetPoor
1240225,Selinum carvifolia,OpenWetPoor
1242524,Selinum carvifolia,OpenWetPoor
1270177,Selinum carvifolia,OpenWetPoor
1281674,Selinum carvifolia,OpenWetPoor
1309312,Selinum carvifolia,OpenWetPoor
1309313,Selinum carvifolia,OpenWetPoor
1309314,Selinum carvifolia,OpenWetPoor
1311611,Selinum carvifolia,OpenWetPoor
1311612,Selinum carvifolia,OpenWetPoor
1311613,Selinum carvifolia,OpenWetPoor
1311614,Selinum carvifolia,OpenWetPoor
1313911,Selinum carvifolia,OpenWetPoor
1313912,Selinum carvifolia,OpenWetPoor
1313913,Selinum carvifolia,OpenWetPoor
1316211,Selinum carvifolia,OpenWetPoor
1316212,Selinum carvifolia,OpenWetPoor
1316213,Selinum carvifolia,OpenWetPoor
1316214,Selinum carvifolia,OpenWetPoor
1316215,Selinum carvifolia,OpenWetPoor
1316216,Selinum carvifolia,OpenWetPoor
1318476,Selinum carvifolia,OpenWetPoor
1318513,Selinum carvifolia,OpenWetPoor
1318514,Selinum carvifolia,OpenWetPoor
1318515,Selinum carvifolia,OpenWetPoor
1318516,Selinum carvifolia,OpenWetPoor
1323074,Selinum carvifolia,OpenWetPoor
1323119,Selinum carvifolia,OpenWetPoor
1323120,Selinum carvifolia,OpenWetPoor
1323121,Selinum carvifolia,OpenWetPoor
1325371,Selinum carvifolia,OpenWetPoor
1325418,Selinum carvifolia,OpenWetPoor
1325419,Selinum carvifolia,OpenWetPoor
1325420,Selinum carvifolia,OpenWetPoor
1325421,Selinum carvifolia,OpenWetPoor
1325423,Selinum carvifolia,OpenWetPoor
1325424,Selinum carvifolia,OpenWetPoor
1327670,Selinum carvifolia,OpenWetPoor
1327718,Selinum carvifolia,OpenWetPoor
1327719,Selinum carvifolia,OpenWetPoor
1327724,Selinum carvifolia,OpenWetPoor
1330018,Selinum carvifolia,OpenWetPoor
1330019,Selinum carvifolia,OpenWetPoor
1330020,Selinum carvifolia,OpenWetPoor
1334569,Selinum carvifolia,OpenWetPoor
1334570,Selinum carvifolia,OpenWetPoor
1334571,Selinum carvifolia,OpenWetPoor
1369001,Selinum carvifolia,OpenWetPoor
1369002,Selinum carvifolia,OpenWetPoor
1369003,Selinum carvifolia,OpenWetPoor
1371300,Selinum carvifolia,OpenWetPoor
1373600,Selinum carvifolia,OpenWetPoor
1373601,Selinum carvifolia,OpenWetPoor
1373602,Selinum carvifolia,OpenWetPoor
1373603,Selinum carvifolia,OpenWetPoor
1373604,Selinum carvifolia,OpenWetPoor
1375901,Selinum carvifolia,OpenWetPoor
1375902,Selinum carvifolia,OpenWetPoor
1375903,Selinum carvifolia,OpenWetPoor
1376030,Selinum carvifolia,OpenWetPoor
1376031,Selinum carvifolia,OpenWetPoor
1378202,Selinum carvifolia,OpenWetPoor
1378333,Selinum carvifolia,OpenWetPoor
1380633,Selinum carvifolia,OpenWetPoor
1385232,Selinum carvifolia,OpenWetPoor
1387531,Selinum carvifolia,OpenWetPoor
1387532,Selinum carvifolia,OpenWetPoor
1389831,Selinum carvifolia,OpenWetPoor
1408282,Selinum carvifolia,OpenWetPoor
1410584,Selinum carvifolia,OpenWetPoor
1410585,Selinum carvifolia,OpenWetPoor
1410588,Selinum carvifolia,OpenWetPoor
1412883,Selinum carvifolia,OpenWetPoor
1412887,Selinum carvifolia,OpenWetPoor
1412889,Selinum carvifolia,OpenWetPoor
1415189,Selinum carvifolia,OpenWetPoor
1417489,Selinum carvifolia,OpenWetPoor
1417490,Selinum carvifolia,OpenWetPoor
1419736,Selinum carvifolia,OpenWetPoor
1419738,Selinum carvifolia,OpenWetPoor
1419790,Selinum carvifolia,OpenWetPoor
1422038,Selinum carvifolia,OpenWetPoor
1422039,Selinum carvifolia,OpenWetPoor
1422040,Selinum carvifolia,OpenWetPoor
1426570,Selinum carvifolia,OpenWetPoor
1426571,Selinum carvifolia,OpenWetPoor
1426637,Selinum carvifolia,OpenWetPoor
1428869,Selinum carvifolia,OpenWetPoor
1428870,Selinum carvifolia,OpenWetPoor
1428938,Selinum carvifolia,OpenWetPoor
1442797,Selinum carvifolia,OpenWetPoor
1442798,Selinum carvifolia,OpenWetPoor
1442799,Selinum carvifolia,OpenWetPoor
1442800,Selinum carvifolia,OpenWetPoor
1445097,Selinum carvifolia,OpenWetPoor
1445098,Selinum carvifolia,OpenWetPoor
1445099,Selinum carvifolia,OpenWetPoor
1445100,Selinum carvifolia,OpenWetPoor
1445101,Selinum carvifolia,OpenWetPoor
1447397,Selinum carvifolia,OpenWetPoor
1447398,Selinum carvifolia,OpenWetPoor
1447399,Selinum carvifolia,OpenWetPoor
1447400,Selinum carvifolia,OpenWetPoor
1447401,Selinum carvifolia,OpenWetPoor
1449697,Selinum carvifolia,OpenWetPoor
1449698,Selinum carvifolia,OpenWetPoor
1449699,Selinum carvifolia,OpenWetPoor
1490763,Selinum carvifolia,OpenWetPoor
1491009,Selinum carvifolia,OpenWetPoor
1497774,Selinum carvifolia,OpenWetPoor
1500073,Selinum carvifolia,OpenWetPoor
1504673,Selinum carvifolia,OpenWetPoor
1504674,Selinum carvifolia,OpenWetPoor
1520965,Selinum carvifolia,OpenWetPoor
1520966,Selinum carvifolia,OpenWetPoor
1520967,Selinum carvifolia,OpenWetPoor
1523264,Selinum carvifolia,OpenWetPoor
1523265,Selinum carvifolia,OpenWetPoor
1523266,Selinum carvifolia,OpenWetPoor
1523268,Selinum carvifolia,OpenWetPoor
1525564,Selinum carvifolia,OpenWetPoor
1525565,Selinum carvifolia,OpenWetPoor
1525566,Selinum carvifolia,OpenWetPoor
1525567,Selinum carvifolia,OpenWetPoor
1527864,Selinum carvifolia,OpenWetPoor
1527865,Selinum carvifolia,OpenWetPoor
1527866,Selinum carvifolia,OpenWetPoor
1530164,Selinum carvifolia,OpenWetPoor
1530165,Selinum carvifolia,OpenWetPoor
1532460,Selinum carvifolia,OpenWetPoor
1532461,Selinum carvifolia,OpenWetPoor
1534759,Selinum carvifolia,OpenWetPoor
1534760,Selinum carvifolia,OpenWetPoor
1537058,Selinum carvifolia,OpenWetPoor
1537059,Selinum carvifolia,OpenWetPoor
1537060,Selinum carvifolia,OpenWetPoor
1537061,Selinum carvifolia,OpenWetPoor
1537062,Selinum carvifolia,OpenWetPoor
1539360,Selinum carvifolia,OpenWetPoor
1541660,Selinum carvifolia,OpenWetPoor
1548507,Selinum carvifolia,OpenWetPoor
1548509,Selinum carvifolia,OpenWetPoor
1550807,Selinum carvifolia,OpenWetPoor
1553106,Selinum carvifolia,OpenWetPoor
1608027,Selinum carvifolia,OpenWetPoor
1608028,Selinum carvifolia,OpenWetPoor
1608030,Selinum carvifolia,OpenWetPoor
1608031,Selinum carvifolia,OpenWetPoor
1610327,Selinum carvifolia,OpenWetPoor
1610328,Selinum carvifolia,OpenWetPoor
1610330,Selinum carvifolia,OpenWetPoor
1612627,Selinum carvifolia,OpenWetPoor
1612628,Selinum carvifolia,OpenWetPoor
1615067,Selinum carvifolia,OpenWetPoor
1615068,Selinum carvifolia,OpenWetPoor
1615069,Selinum carvifolia,OpenWetPoor
1617366,Selinum carvifolia,OpenWetPoor
1617367,Selinum carvifolia,OpenWetPoor
1617368,Selinum carvifolia,OpenWetPoor
1617369,Selinum carvifolia,OpenWetPoor
1617370,Selinum carvifolia,OpenWetPoor
1617488,Selinum carvifolia,OpenWetPoor
1617490,Selinum carvifolia,OpenWetPoor
1619666,Selinum carvifolia,OpenWetPoor
1619667,Selinum carvifolia,OpenWetPoor
1619668,Selinum carvifolia,OpenWetPoor
1619669,Selinum carvifolia,OpenWetPoor
1619670,Selinum carvifolia,OpenWetPoor
1619787,Selinum carvifolia,OpenWetPoor
1619788,Selinum carvifolia,OpenWetPoor
1619791,Selinum carvifolia,OpenWetPoor
1621966,Selinum carvifolia,OpenWetPoor
1621967,Selinum carvifolia,OpenWetPoor
1621968,Selinum carvifolia,OpenWetPoor
1621970,Selinum carvifolia,OpenWetPoor
1622087,Selinum carvifolia,OpenWetPoor
1622088,Selinum carvifolia,OpenWetPoor
1622089,Selinum carvifolia,OpenWetPoor
1622091,Selinum carvifolia,OpenWetPoor
1624084,Selinum carvifolia,OpenWetPoor
1624200,Selinum carvifolia,OpenWetPoor
1624267,Selinum carvifolia,OpenWetPoor
1624268,Selinum carvifolia,OpenWetPoor
1624269,Selinum carvifolia,OpenWetPoor
1624391,Selinum carvifolia,OpenWetPoor
1624395,Selinum carvifolia,OpenWetPoor
1626384,Selinum carvifolia,OpenWetPoor
1626385,Selinum carvifolia,OpenWetPoor
1626499,Selinum carvifolia,OpenWetPoor
1626500,Selinum carvifolia,OpenWetPoor
1626501,Selinum carvifolia,OpenWetPoor
1626690,Selinum carvifolia,OpenWetPoor
1626697,Selinum carvifolia,OpenWetPoor
1628685,Selinum carvifolia,OpenWetPoor
1628686,Selinum carvifolia,OpenWetPoor
1628799,Selinum carvifolia,OpenWetPoor
1628800,Selinum carvifolia,OpenWetPoor
1628998,Selinum carvifolia,OpenWetPoor
1631099,Selinum carvifolia,OpenWetPoor
1631100,Selinum carvifolia,OpenWetPoor
1631294,Selinum carvifolia,OpenWetPoor
1631295,Selinum carvifolia,OpenWetPoor
1631299,Selinum carvifolia,OpenWetPoor
1633594,Selinum carvifolia,OpenWetPoor
1633595,Selinum carvifolia,OpenWetPoor
1633596,Selinum carvifolia,OpenWetPoor
1633597,Selinum carvifolia,OpenWetPoor
1633598,Selinum carvifolia,OpenWetPoor
1633599,Selinum carvifolia,OpenWetPoor
1633600,Selinum carvifolia,OpenWetPoor
1635896,Selinum carvifolia,OpenWetPoor
1635897,Selinum carvifolia,OpenWetPoor
1635899,Selinum carvifolia,OpenWetPoor
1638196,Selinum carvifolia,OpenWetPoor
1638197,Selinum carvifolia,OpenWetPoor
1638198,Selinum carvifolia,OpenWetPoor
1638200,Selinum carvifolia,OpenWetPoor
1638201,Selinum carvifolia,OpenWetPoor
1640501,Selinum carvifolia,OpenWetPoor
1642800,Selinum carvifolia,OpenWetPoor
1642801,Selinum carvifolia,OpenWetPoor
1649534,Selinum carvifolia,OpenWetPoor
1654132,Selinum carvifolia,OpenWetPoor
1656432,Selinum carvifolia,OpenWetPoor
1658725,Selinum carvifolia,OpenWetPoor
1658726,Selinum carvifolia,OpenWetPoor
1661026,Selinum carvifolia,OpenWetPoor
1661027,Selinum carvifolia,OpenWetPoor
1663291,Selinum carvifolia,OpenWetPoor
1663325,Selinum carvifolia,OpenWetPoor
1663326,Selinum carvifolia,OpenWetPoor
1663512,Selinum carvifolia,OpenWetPoor
1665589,Selinum carvifolia,OpenWetPoor
1665610,Selinum carvifolia,OpenWetPoor
1665624,Selinum carvifolia,OpenWetPoor
1665625,Selinum carvifolia,OpenWetPoor
1665627,Selinum carvifolia,OpenWetPoor
1665812,Selinum carvifolia,OpenWetPoor
1667924,Selinum carvifolia,OpenWetPoor
1667925,Selinum carvifolia,OpenWetPoor
1670211,Selinum carvifolia,OpenWetPoor
1670213,Selinum carvifolia,OpenWetPoor
1670214,Selinum carvifolia,OpenWetPoor
1670215,Selinum carvifolia,OpenWetPoor
1670216,Selinum carvifolia,OpenWetPoor
1670217,Selinum carvifolia,OpenWetPoor
1670413,Selinum carvifolia,OpenWetPoor
1670547,Selinum carvifolia,OpenWetPoor
1672513,Selinum carvifolia,OpenWetPoor
1672514,Selinum carvifolia,OpenWetPoor
1672515,Selinum carvifolia,OpenWetPoor
1672516,Selinum carvifolia,OpenWetPoor
1672517,Selinum carvifolia,OpenWetPoor
1674813,Selinum carvifolia,OpenWetPoor
1674814,Selinum carvifolia,OpenWetPoor
1674815,Selinum carvifolia,OpenWetPoor
1674816,Selinum carvifolia,OpenWetPoor
1677114,Selinum carvifolia,OpenWetPoor
1677444,Selinum carvifolia,OpenWetPoor
1677445,Selinum carvifolia,OpenWetPoor
1684196,Selinum carvifolia,OpenWetPoor
1684197,Selinum carvifolia,OpenWetPoor
1684198,Selinum carvifolia,OpenWetPoor
1686497,Selinum carvifolia,OpenWetPoor
1686499,Selinum carvifolia,OpenWetPoor
1688796,Selinum carvifolia,OpenWetPoor
1688799,Selinum carvifolia,OpenWetPoor
1690993,Selinum carvifolia,OpenWetPoor
1691095,Selinum carvifolia,OpenWetPoor
1691096,Selinum carvifolia,OpenWetPoor
1691097,Selinum carvifolia,OpenWetPoor
1691099,Selinum carvifolia,OpenWetPoor
1697975,Selinum carvifolia,OpenWetPoor
1697976,Selinum carvifolia,OpenWetPoor
1697980,Selinum carvifolia,OpenWetPoor
1697981,Selinum carvifolia,OpenWetPoor
1700275,Selinum carvifolia,OpenWetPoor
1700276,Selinum carvifolia,OpenWetPoor
1700277,Selinum carvifolia,OpenWetPoor
1702577,Selinum carvifolia,OpenWetPoor
1702578,Selinum carvifolia,OpenWetPoor
1702705,Selinum carvifolia,OpenWetPoor
1702706,Selinum carvifolia,OpenWetPoor
1704881,Selinum carvifolia,OpenWetPoor
1704882,Selinum carvifolia,OpenWetPoor
1705004,Selinum carvifolia,OpenWetPoor
1705005,Selinum carvifolia,OpenWetPoor
1711904,Selinum carvifolia,OpenWetPoor
1711905,Selinum carvifolia,OpenWetPoor
1714166,Selinum carvifolia,OpenWetPoor
1716465,Selinum carvifolia,OpenWetPoor
1716689,Selinum carvifolia,OpenWetPoor
1718988,Selinum carvifolia,OpenWetPoor
1721288,Selinum carvifolia,OpenWetPoor
1721289,Selinum carvifolia,OpenWetPoor
1721290,Selinum carvifolia,OpenWetPoor
1721291,Selinum carvifolia,OpenWetPoor
1723224,Selinum carvifolia,OpenWetPoor
1723365,Selinum carvifolia,OpenWetPoor
1723588,Selinum carvifolia,OpenWetPoor
1725522,Selinum carvifolia,OpenWetPoor
1725523,Selinum carvifolia,OpenWetPoor
1725524,Selinum carvifolia,OpenWetPoor
1725888,Selinum carvifolia,OpenWetPoor
1725889,Selinum carvifolia,OpenWetPoor
1725890,Selinum carvifolia,OpenWetPoor
1727821,Selinum carvifolia,OpenWetPoor
1727822,Selinum carvifolia,OpenWetPoor
1727823,Selinum carvifolia,OpenWetPoor
1728078,Selinum carvifolia,OpenWetPoor
1728079,Selinum carvifolia,OpenWetPoor
1728080,Selinum carvifolia,OpenWetPoor
1732680,Selinum carvifolia,OpenWetPoor
1734889,Selinum carvifolia,OpenWetPoor
1734980,Selinum carvifolia,OpenWetPoor
1734981,Selinum carvifolia,OpenWetPoor
1737018,Selinum carvifolia,OpenWetPoor
1737020,Selinum carvifolia,OpenWetPoor
1737021,Selinum carvifolia,OpenWetPoor
1737086,Selinum carvifolia,OpenWetPoor
1737087,Selinum carvifolia,OpenWetPoor
1737088,Selinum carvifolia,OpenWetPoor
1737188,Selinum carvifolia,OpenWetPoor
1737189,Selinum carvifolia,OpenWetPoor
1739319,Selinum carvifolia,OpenWetPoor
1739320,Selinum carvifolia,OpenWetPoor
1739322,Selinum carvifolia,OpenWetPoor
1739384,Selinum carvifolia,OpenWetPoor
1739385,Selinum carvifolia,OpenWetPoor
1739386,Selinum carvifolia,OpenWetPoor
1739387,Selinum carvifolia,OpenWetPoor
1739389,Selinum carvifolia,OpenWetPoor
1739397,Selinum carvifolia,OpenWetPoor
1739398,Selinum carvifolia,OpenWetPoor
1739487,Selinum carvifolia,OpenWetPoor
1739488,Selinum carvifolia,OpenWetPoor
1741620,Selinum carvifolia,OpenWetPoor
1741621,Selinum carvifolia,OpenWetPoor
1741622,Selinum carvifolia,OpenWetPoor
1741683,Selinum carvifolia,OpenWetPoor
1741685,Selinum carvifolia,OpenWetPoor
1741688,Selinum carvifolia,OpenWetPoor
1741689,Selinum carvifolia,OpenWetPoor
1741690,Selinum carvifolia,OpenWetPoor
1741692,Selinum carvifolia,OpenWetPoor
1741697,Selinum carvifolia,OpenWetPoor
1741698,Selinum carvifolia,OpenWetPoor
1741732,Selinum carvifolia,OpenWetPoor
1741733,Selinum carvifolia,OpenWetPoor
1743812,Selinum carvifolia,OpenWetPoor
1743918,Selinum carvifolia,OpenWetPoor
1743921,Selinum carvifolia,OpenWetPoor
1743983,Selinum carvifolia,OpenWetPoor
1743987,Selinum carvifolia,OpenWetPoor
1743989,Selinum carvifolia,OpenWetPoor
1743990,Selinum carvifolia,OpenWetPoor
1743991,Selinum carvifolia,OpenWetPoor
1743992,Selinum carvifolia,OpenWetPoor
1743993,Selinum carvifolia,OpenWetPoor
1743996,Selinum carvifolia,OpenWetPoor
1743997,Selinum carvifolia,OpenWetPoor
1743998,Selinum carvifolia,OpenWetPoor
1744025,Selinum carvifolia,OpenWetPoor
1744032,Selinum carvifolia,OpenWetPoor
1746112,Selinum carvifolia,OpenWetPoor
1746113,Selinum carvifolia,OpenWetPoor
1746283,Selinum carvifolia,OpenWetPoor
1746284,Selinum carvifolia,OpenWetPoor
1746287,Selinum carvifolia,OpenWetPoor
1746292,Selinum carvifolia,OpenWetPoor
1746293,Selinum carvifolia,OpenWetPoor
1746295,Selinum carvifolia,OpenWetPoor
1746296,Selinum carvifolia,OpenWetPoor
1746297,Selinum carvifolia,OpenWetPoor
1746298,Selinum carvifolia,OpenWetPoor
1746327,Selinum carvifolia,OpenWetPoor
1746332,Selinum carvifolia,OpenWetPoor
1748411,Selinum carvifolia,OpenWetPoor
1748583,Selinum carvifolia,OpenWetPoor
1748584,Selinum carvifolia,OpenWetPoor
1750711,Selinum carvifolia,OpenWetPoor
1766908,Selinum carvifolia,OpenWetPoor
1767082,Selinum carvifolia,OpenWetPoor
1769208,Selinum carvifolia,OpenWetPoor
1769379,Selinum carvifolia,OpenWetPoor
1771506,Selinum carvifolia,OpenWetPoor
1771507,Selinum carvifolia,OpenWetPoor
1771633,Selinum carvifolia,OpenWetPoor
1773807,Selinum carvifolia,OpenWetPoor
1773808,Selinum carvifolia,OpenWetPoor
1773809,Selinum carvifolia,OpenWetPoor
1773932,Selinum carvifolia,OpenWetPoor
1773933,Selinum carvifolia,OpenWetPoor
1776232,Selinum carvifolia,OpenWetPoor
1776233,Selinum carvifolia,OpenWetPoor
1776234,Selinum carvifolia,OpenWetPoor
1778533,Selinum carvifolia,OpenWetPoor
1778534,Selinum carvifolia,OpenWetPoor
1780832,Selinum carvifolia,OpenWetPoor
1780833,Selinum carvifolia,OpenWetPoor
1780834,Selinum carvifolia,OpenWetPoor
1780835,Selinum carvifolia,OpenWetPoor
1780836,Selinum carvifolia,OpenWetPoor
1785685,Selinum carvifolia,OpenWetPoor
1787984,Selinum carvifolia,OpenWetPoor
1787985,Selinum carvifolia,OpenWetPoor
1790282,Selinum carvifolia,OpenWetPoor
1790283,Selinum carvifolia,OpenWetPoor
1790284,Selinum carvifolia,OpenWetPoor
1790285,Selinum carvifolia,OpenWetPoor
1792411,Selinum carvifolia,OpenWetPoor
1792412,Selinum carvifolia,OpenWetPoor
1792583,Selinum carvifolia,OpenWetPoor
1792584,Selinum carvifolia,OpenWetPoor
1794709,Selinum carvifolia,OpenWetPoor
1794710,Selinum carvifolia,OpenWetPoor
1794711,Selinum carvifolia,OpenWetPoor
1794712,Selinum carvifolia,OpenWetPoor
1794713,Selinum carvifolia,OpenWetPoor
1797008,Selinum carvifolia,OpenWetPoor
1797009,Selinum carvifolia,OpenWetPoor
1797010,Selinum carvifolia,OpenWetPoor
1797011,Selinum carvifolia,OpenWetPoor
1797012,Selinum carvifolia,OpenWetPoor
1799308,Selinum carvifolia,OpenWetPoor
1799309,Selinum carvifolia,OpenWetPoor
1799310,Selinum carvifolia,OpenWetPoor
1799311,Selinum carvifolia,OpenWetPoor
1799312,Selinum carvifolia,OpenWetPoor
1799313,Selinum carvifolia,OpenWetPoor
1801607,Selinum carvifolia,OpenWetPoor
1801608,Selinum carvifolia,OpenWetPoor
1801609,Selinum carvifolia,OpenWetPoor
1801610,Selinum carvifolia,OpenWetPoor
1801611,Selinum carvifolia,OpenWetPoor
1803904,Selinum carvifolia,OpenWetPoor
1803906,Selinum carvifolia,OpenWetPoor
1803907,Selinum carvifolia,OpenWetPoor
1803908,Selinum carvifolia,OpenWetPoor
1803909,Selinum carvifolia,OpenWetPoor
1803910,Selinum carvifolia,OpenWetPoor
1806205,Selinum carvifolia,OpenWetPoor
1806206,Selinum carvifolia,OpenWetPoor
1806207,Selinum carvifolia,OpenWetPoor
1806208,Selinum carvifolia,OpenWetPoor
1806209,Selinum carvifolia,OpenWetPoor
1808505,Selinum carvifolia,OpenWetPoor
1808506,Selinum carvifolia,OpenWetPoor
1808507,Selinum carvifolia,OpenWetPoor
1870385,Selinum carvifolia,OpenWetPoor
1870387,Selinum carvifolia,OpenWetPoor
1872685,Selinum carvifolia,OpenWetPoor
1872687,Selinum carvifolia,OpenWetPoor
1909665,Selinum carvifolia,OpenWetPoor
1916565,Selinum carvifolia,OpenWetPoor
1918865,Selinum carvifolia,OpenWetPoor
1918866,Selinum carvifolia,OpenWetPoor
1918867,Selinum carvifolia,OpenWetPoor
2024664,Selinum carvifolia,OpenWetPoor
2029309,Selinum carvifolia,OpenWetPoor
2029310,Selinum carvifolia,OpenWetPoor
2031564,Selinum carvifolia,OpenWetPoor
2031565,Selinum carvifolia,OpenWetPoor
2031607,Selinum carvifolia,OpenWetPoor
2031608,Selinum carvifolia,OpenWetPoor
2031609,Selinum carvifolia,OpenWetPoor
2033865,Selinum carvifolia,OpenWetPoor
2033907,Selinum carvifolia,OpenWetPoor
2036208,Selinum carvifolia,OpenWetPoor
2036209,Selinum carvifolia,OpenWetPoor
2059035,Selinum carvifolia,OpenWetPoor
2063637,Selinum carvifolia,OpenWetPoor
2065936,Selinum carvifolia,OpenWetPoor
2065950,Selinum carvifolia,OpenWetPoor
2065951,Selinum carvifolia,OpenWetPoor
2065952,Selinum carvifolia,OpenWetPoor
2068235,Selinum carvifolia,OpenWetPoor
2068236,Selinum carvifolia,OpenWetPoor
2068250,Selinum carvifolia,OpenWetPoor
2068252,Selinum carvifolia,OpenWetPoor
2070552,Selinum carvifolia,OpenWetPoor
2084457,Selinum carvifolia,OpenWetPoor
2139637,Selinum carvifolia,OpenWetPoor
2139638,Selinum carvifolia,OpenWetPoor
2141940,Selinum carvifolia,OpenWetPoor
2144236,Selinum carvifolia,OpenWetPoor
2144237,Selinum carvifolia,OpenWetPoor
2144240,Selinum carvifolia,OpenWetPoor
2144241,Selinum carvifolia,OpenWetPoor
2146537,Selinum carvifolia,OpenWetPoor
2146538,Selinum carvifolia,OpenWetPoor
2146539,Selinum carvifolia,OpenWetPoor
2151115,Selinum carvifolia,OpenWetPoor
2151116,Selinum carvifolia,OpenWetPoor
2153414,Selinum carvifolia,OpenWetPoor
2153416,Selinum carvifolia,OpenWetPoor
2153417,Selinum carvifolia,OpenWetPoor
2155716,Selinum carvifolia,OpenWetPoor
2155717,Selinum carvifolia,OpenWetPoor
2155718,Selinum carvifolia,OpenWetPoor
2155719,Selinum carvifolia,OpenWetPoor
2155720,Selinum carvifolia,OpenWetPoor
2158015,Selinum carvifolia,OpenWetPoor
2158016,Selinum carvifolia,OpenWetPoor
2158017,Selinum carvifolia,OpenWetPoor
2158018,Selinum carvifolia,OpenWetPoor
2158020,Selinum carvifolia,OpenWetPoor
2160320,Selinum carvifolia,OpenWetPoor
2160321,Selinum carvifolia,OpenWetPoor
2162604,Selinum carvifolia,OpenWetPoor
2164904,Selinum carvifolia,OpenWetPoor
2164906,Selinum carvifolia,OpenWetPoor
2167202,Selinum carvifolia,OpenWetPoor
2167203,Selinum carvifolia,OpenWetPoor
2167918,Selinum carvifolia,OpenWetPoor
2167919,Selinum carvifolia,OpenWetPoor
2169504,Selinum carvifolia,OpenWetPoor
2170218,Selinum carvifolia,OpenWetPoor
2172520,Selinum carvifolia,OpenWetPoor
2176384,Selinum carvifolia,OpenWetPoor
2176385,Selinum carvifolia,OpenWetPoor
2176402,Selinum carvifolia,OpenWetPoor
2178682,Selinum carvifolia,OpenWetPoor
2178683,Selinum carvifolia,OpenWetPoor
2178684,Selinum carvifolia,OpenWetPoor
2178685,Selinum carvifolia,OpenWetPoor
2178686,Selinum carvifolia,OpenWetPoor
2178702,Selinum carvifolia,OpenWetPoor
2178705,Selinum carvifolia,OpenWetPoor
2180982,Selinum carvifolia,OpenWetPoor
2181003,Selinum carvifolia,OpenWetPoor
2181004,Selinum carvifolia,OpenWetPoor
2181005,Selinum carvifolia,OpenWetPoor
2183284,Selinum carvifolia,OpenWetPoor
2183285,Selinum carvifolia,OpenWetPoor
2185583,Selinum carvifolia,OpenWetPoor
2185585,Selinum carvifolia,OpenWetPoor
2185588,Selinum carvifolia,OpenWetPoor
2187886,Selinum carvifolia,OpenWetPoor
2187887,Selinum carvifolia,OpenWetPoor
2263927,Selinum carvifolia,OpenWetPoor
2268527,Selinum carvifolia,OpenWetPoor
2296698,Selinum carvifolia,OpenWetPoor
2305150,Selinum carvifolia,OpenWetPoor
2305151,Selinum carvifolia,OpenWetPoor
2307450,Selinum carvifolia,OpenWetPoor
2307451,Selinum carvifolia,OpenWetPoor
2309749,Selinum carvifolia,OpenWetPoor
2309750,Selinum carvifolia,OpenWetPoor
2312760,Selinum carvifolia,OpenWetPoor
2314352,Selinum carvifolia,OpenWetPoor
2315059,Selinum carvifolia,OpenWetPoor
2315060,Selinum carvifolia,OpenWetPoor
2315061,Selinum carvifolia,OpenWetPoor
2315062,Selinum carvifolia,OpenWetPoor
2317360,Selinum carvifolia,OpenWetPoor
2319718,Selinum carvifolia,OpenWetPoor
2319719,Selinum carvifolia,OpenWetPoor
2319720,Selinum carvifolia,OpenWetPoor
2319721,Selinum carvifolia,OpenWetPoor
2319722,Selinum carvifolia,OpenWetPoor
2322018,Selinum carvifolia,OpenWetPoor
2322019,Selinum carvifolia,OpenWetPoor
2322020,Selinum carvifolia,OpenWetPoor
2322021,Selinum carvifolia,OpenWetPoor
2324318,Selinum carvifolia,OpenWetPoor
2324319,Selinum carvifolia,OpenWetPoor
2324320,Selinum carvifolia,OpenWetPoor
2324321,Selinum carvifolia,OpenWetPoor
2324322,Selinum carvifolia,OpenWetPoor
2326619,Selinum carvifolia,OpenWetPoor
2326620,Selinum carvifolia,OpenWetPoor
2326646,Selinum carvifolia,OpenWetPoor
2328946,Selinum carvifolia,OpenWetPoor
2331245,Selinum carvifolia,OpenWetPoor
2331248,Selinum carvifolia,OpenWetPoor
2344989,Selinum carvifolia,OpenWetPoor
2345025,Selinum carvifolia,OpenWetPoor
2347289,Selinum carvifolia,OpenWetPoor
2347291,Selinum carvifolia,OpenWetPoor
2347324,Selinum carvifolia,OpenWetPoor
2347325,Selinum carvifolia,OpenWetPoor
2349590,Selinum carvifolia,OpenWetPoor
2351890,Selinum carvifolia,OpenWetPoor
2384064,Selinum carvifolia,OpenWetPoor
2384072,Selinum carvifolia,OpenWetPoor
2386366,Selinum carvifolia,OpenWetPoor
2386367,Selinum carvifolia,OpenWetPoor
2386368,Selinum carvifolia,OpenWetPoor
2386369,Selinum carvifolia,OpenWetPoor
2386370,Selinum carvifolia,OpenWetPoor
2400178,Selinum carvifolia,OpenWetPoor
2406924,Selinum carvifolia,OpenWetPoor
2409224,Selinum carvifolia,OpenWetPoor
2411524,Selinum carvifolia,OpenWetPoor
2416273,Selinum carvifolia,OpenWetPoor
2416373,Selinum carvifolia,OpenWetPoor
2418570,Selinum carvifolia,OpenWetPoor
2418573,Selinum carvifolia,OpenWetPoor
2418574,Selinum carvifolia,OpenWetPoor
2418672,Selinum carvifolia,OpenWetPoor
2420872,Selinum carvifolia,OpenWetPoor
2454779,Selinum carvifolia,OpenWetPoor
2454780,Selinum carvifolia,OpenWetPoor
2457081,Selinum carvifolia,OpenWetPoor
2461680,Selinum carvifolia,OpenWetPoor
2464561,Selinum carvifolia,OpenWetPoor
2469163,Selinum carvifolia,OpenWetPoor
2473762,Selinum carvifolia,OpenWetPoor
2508285,Selinum carvifolia,OpenWetPoor
2510585,Selinum carvifolia,OpenWetPoor
2515188,Selinum carvifolia,OpenWetPoor
2516398,Selinum carvifolia,OpenWetPoor
2526728,Selinum carvifolia,OpenWetPoor
2526729,Selinum carvifolia,OpenWetPoor
2529029,Selinum carvifolia,OpenWetPoor
2530569,Selinum carvifolia,OpenWetPoor
2546441,Selinum carvifolia,OpenWetPoor
2546442,Selinum carvifolia,OpenWetPoor
2548741,Selinum carvifolia,OpenWetPoor
2548742,Selinum carvifolia,OpenWetPoor
2551042,Selinum carvifolia,OpenWetPoor
2552003,Selinum carvifolia,OpenWetPoor
2558776,Selinum carvifolia,OpenWetPoor
2558777,Selinum carvifolia,OpenWetPoor
2558778,Selinum carvifolia,OpenWetPoor
2561079,Selinum carvifolia,OpenWetPoor
2572596,Selinum carvifolia,OpenWetPoor
2579493,Selinum carvifolia,OpenWetPoor
2581792,Selinum carvifolia,OpenWetPoor
2581793,Selinum carvifolia,OpenWetPoor
2586393,Selinum carvifolia,OpenWetPoor
2586540,Selinum carvifolia,OpenWetPoor
2586542,Selinum carvifolia,OpenWetPoor
2588694,Selinum carvifolia,OpenWetPoor
2588839,Selinum carvifolia,OpenWetPoor
2588842,Selinum carvifolia,OpenWetPoor
2590994,Selinum carvifolia,OpenWetPoor
2590995,Selinum carvifolia,OpenWetPoor
2591140,Selinum carvifolia,OpenWetPoor
2591142,Selinum carvifolia,OpenWetPoor
2591143,Selinum carvifolia,OpenWetPoor
2593296,Selinum carvifolia,OpenWetPoor
2593443,Selinum carvifolia,OpenWetPoor
2620755,Selinum carvifolia,OpenWetPoor
2623055,Selinum carvifolia,OpenWetPoor
2623056,Selinum carvifolia,OpenWetPoor
2625298,Selinum carvifolia,OpenWetPoor
2625299,Selinum carvifolia,OpenWetPoor
2625353,Selinum carvifolia,OpenWetPoor
2625354,Selinum carvifolia,OpenWetPoor
2625355,Selinum carvifolia,OpenWetPoor
2627597,Selinum carvifolia,OpenWetPoor
2627598,Selinum carvifolia,OpenWetPoor
2627654,Selinum carvifolia,OpenWetPoor
2627655,Selinum carvifolia,OpenWetPoor
2627656,Selinum carvifolia,OpenWetPoor
2629955,Selinum carvifolia,OpenWetPoor
2629956,Selinum carvifolia,OpenWetPoor
2632254,Selinum carvifolia,OpenWetPoor
2632255,Selinum carvifolia,OpenWetPoor
2632256,Selinum carvifolia,OpenWetPoor
2657512,Selinum carvifolia,OpenWetPoor
2657513,Selinum carvifolia,OpenWetPoor
2659812,Selinum carvifolia,OpenWetPoor
2659813,Selinum carvifolia,OpenWetPoor
2659814,Selinum carvifolia,OpenWetPoor
2662088,Selinum carvifolia,OpenWetPoor
2662089,Selinum carvifolia,OpenWetPoor
2662090,Selinum carvifolia,OpenWetPoor
2662113,Selinum carvifolia,OpenWetPoor
2662114,Selinum carvifolia,OpenWetPoor
2662115,Selinum carvifolia,OpenWetPoor
2662450,Selinum carvifolia,OpenWetPoor
2664387,Selinum carvifolia,OpenWetPoor
2664390,Selinum carvifolia,OpenWetPoor
2664415,Selinum carvifolia,OpenWetPoor
2664750,Selinum carvifolia,OpenWetPoor
2666713,Selinum carvifolia,OpenWetPoor
2666736,Selinum carvifolia,OpenWetPoor
2666737,Selinum carvifolia,OpenWetPoor
2666859,Selinum carvifolia,OpenWetPoor
2666860,Selinum carvifolia,OpenWetPoor
2667050,Selinum carvifolia,OpenWetPoor
2669036,Selinum carvifolia,OpenWetPoor
2669037,Selinum carvifolia,OpenWetPoor
2669038,Selinum carvifolia,OpenWetPoor
2669159,Selinum carvifolia,OpenWetPoor
2671334,Selinum carvifolia,OpenWetPoor
2671335,Selinum carvifolia,OpenWetPoor
2671336,Selinum carvifolia,OpenWetPoor
2671337,Selinum carvifolia,OpenWetPoor
2671459,Selinum carvifolia,OpenWetPoor
2671460,Selinum carvifolia,OpenWetPoor
2673633,Selinum carvifolia,OpenWetPoor
2673634,Selinum carvifolia,OpenWetPoor
2673635,Selinum carvifolia,OpenWetPoor
2673636,Selinum carvifolia,OpenWetPoor
2673639,Selinum carvifolia,OpenWetPoor
2673759,Selinum carvifolia,OpenWetPoor
2673760,Selinum carvifolia,OpenWetPoor
2675933,Selinum carvifolia,OpenWetPoor
2675934,Selinum carvifolia,OpenWetPoor
2675935,Selinum carvifolia,OpenWetPoor
2675939,Selinum carvifolia,OpenWetPoor
2678234,Selinum carvifolia,OpenWetPoor
2678235,Selinum carvifolia,OpenWetPoor
2678236,Selinum carvifolia,OpenWetPoor
2680532,Selinum carvifolia,OpenWetPoor
2680534,Selinum carvifolia,OpenWetPoor
2680535,Selinum carvifolia,OpenWetPoor
2680536,Selinum carvifolia,OpenWetPoor
2682832,Selinum carvifolia,OpenWetPoor
2682833,Selinum carvifolia,OpenWetPoor
2682834,Selinum carvifolia,OpenWetPoor
2685133,Selinum carvifolia,OpenWetPoor
2685134,Selinum carvifolia,OpenWetPoor
2687435,Selinum carvifolia,OpenWetPoor
2692052,Selinum carvifolia,OpenWetPoor
2694351,Selinum carvifolia,OpenWetPoor
2694352,Selinum carvifolia,OpenWetPoor
2694354,Selinum carvifolia,OpenWetPoor
2694356,Selinum carvifolia,OpenWetPoor
2696650,Selinum carvifolia,OpenWetPoor
2696651,Selinum carvifolia,OpenWetPoor
2698939,Selinum carvifolia,OpenWetPoor
2698940,Selinum carvifolia,OpenWetPoor
2698943,Selinum carvifolia,OpenWetPoor
2698950,Selinum carvifolia,OpenWetPoor
2698954,Selinum carvifolia,OpenWetPoor
2698956,Selinum carvifolia,OpenWetPoor
2701238,Selinum carvifolia,OpenWetPoor
2701239,Selinum carvifolia,OpenWetPoor
2701243,Selinum carvifolia,OpenWetPoor
2701244,Selinum carvifolia,OpenWetPoor
2701256,Selinum carvifolia,OpenWetPoor
2701257,Selinum carvifolia,OpenWetPoor
2703540,Selinum carvifolia,OpenWetPoor
2703544,Selinum carvifolia,OpenWetPoor
2703557,Selinum carvifolia,OpenWetPoor
2708143,Selinum carvifolia,OpenWetPoor
2708145,Selinum carvifolia,OpenWetPoor
2708146,Selinum carvifolia,OpenWetPoor
2710441,Selinum carvifolia,OpenWetPoor
2710443,Selinum carvifolia,OpenWetPoor
2710445,Selinum carvifolia,OpenWetPoor
2710446,Selinum carvifolia,OpenWetPoor
2710447,Selinum carvifolia,OpenWetPoor
2710459,Selinum carvifolia,OpenWetPoor
2712746,Selinum carvifolia,OpenWetPoor
2712747,Selinum carvifolia,OpenWetPoor
2712760,Selinum carvifolia,OpenWetPoor
2712909,Selinum carvifolia,OpenWetPoor
2712910,Selinum carvifolia,OpenWetPoor
2715045,Selinum carvifolia,OpenWetPoor
2715046,Selinum carvifolia,OpenWetPoor
2715209,Selinum carvifolia,OpenWetPoor
2715211,Selinum carvifolia,OpenWetPoor
2715212,Selinum carvifolia,OpenWetPoor
2717346,Selinum carvifolia,OpenWetPoor
2717510,Selinum carvifolia,OpenWetPoor
2719609,Selinum carvifolia,OpenWetPoor
2719808,Selinum carvifolia,OpenWetPoor
2719809,Selinum carvifolia,OpenWetPoor
2721909,Selinum carvifolia,OpenWetPoor
2721963,Selinum carvifolia,OpenWetPoor
2722109,Selinum carvifolia,OpenWetPoor
2724209,Selinum carvifolia,OpenWetPoor
2724210,Selinum carvifolia,OpenWetPoor
2728809,Selinum carvifolia,OpenWetPoor
2728810,Selinum carvifolia,OpenWetPoor
2728811,Selinum carvifolia,OpenWetPoor
2728862,Selinum carvifolia,OpenWetPoor
2731109,Selinum carvifolia,OpenWetPoor
2731110,Selinum carvifolia,OpenWetPoor
2731111,Selinum carvifolia,OpenWetPoor
2733459,Selinum carvifolia,OpenWetPoor
2735759,Selinum carvifolia,OpenWetPoor
2738059,Selinum carvifolia,OpenWetPoor
2738060,Selinum carvifolia,OpenWetPoor
2738061,Selinum carvifolia,OpenWetPoor
2743051,Selinum carvifolia,OpenWetPoor
2743052,Selinum carvifolia,OpenWetPoor
2745350,Selinum carvifolia,OpenWetPoor
2745351,Selinum carvifolia,OpenWetPoor
2745352,Selinum carvifolia,OpenWetPoor
2745353,Selinum carvifolia,OpenWetPoor
2747649,Selinum carvifolia,OpenWetPoor
2747650,Selinum carvifolia,OpenWetPoor
2747651,Selinum carvifolia,OpenWetPoor
2747652,Selinum carvifolia,OpenWetPoor
2747653,Selinum carvifolia,OpenWetPoor
2749949,Selinum carvifolia,OpenWetPoor
2749950,Selinum carvifolia,OpenWetPoor
2749951,Selinum carvifolia,OpenWetPoor
2749952,Selinum carvifolia,OpenWetPoor
2749953,Selinum carvifolia,OpenWetPoor
2752250,Selinum carvifolia,OpenWetPoor
2752251,Selinum carvifolia,OpenWetPoor
2752252,Selinum carvifolia,OpenWetPoor
2752253,Selinum carvifolia,OpenWetPoor
2772948,Selinum carvifolia,OpenWetPoor
2772949,Selinum carvifolia,OpenWetPoor
2772950,Selinum carvifolia,OpenWetPoor
2772951,Selinum carvifolia,OpenWetPoor
2775247,Selinum carvifolia,OpenWetPoor
2775248,Selinum carvifolia,OpenWetPoor
2775249,Selinum carvifolia,OpenWetPoor
2775250,Selinum carvifolia,OpenWetPoor
2775251,Selinum carvifolia,OpenWetPoor
2777549,Selinum carvifolia,OpenWetPoor
2777550,Selinum carvifolia,OpenWetPoor
2777551,Selinum carvifolia,OpenWetPoor
2779848,Selinum carvifolia,OpenWetPoor
2779849,Selinum carvifolia,OpenWetPoor
2779850,Selinum carvifolia,OpenWetPoor
2784065,Selinum carvifolia,OpenWetPoor
2786364,Selinum carvifolia,OpenWetPoor
2786366,Selinum carvifolia,OpenWetPoor
2788664,Selinum carvifolia,OpenWetPoor
2809572,Selinum carvifolia,OpenWetPoor
2811610,Selinum carvifolia,OpenWetPoor
2811612,Selinum carvifolia,OpenWetPoor
2811872,Selinum carvifolia,OpenWetPoor
2813911,Selinum carvifolia,OpenWetPoor
2813913,Selinum carvifolia,OpenWetPoor
2814171,Selinum carvifolia,OpenWetPoor
2814172,Selinum carvifolia,OpenWetPoor
2816213,Selinum carvifolia,OpenWetPoor
2816263,Selinum carvifolia,OpenWetPoor
2822649,Selinum carvifolia,OpenWetPoor
2822650,Selinum carvifolia,OpenWetPoor
2823164,Selinum carvifolia,OpenWetPoor
2824947,Selinum carvifolia,OpenWetPoor
2824948,Selinum carvifolia,OpenWetPoor
2824949,Selinum carvifolia,OpenWetPoor
2824951,Selinum carvifolia,OpenWetPoor
2825464,Selinum carvifolia,OpenWetPoor
2827764,Selinum carvifolia,OpenWetPoor
2830128,Selinum carvifolia,OpenWetPoor
2830129,Selinum carvifolia,OpenWetPoor
2832427,Selinum carvifolia,OpenWetPoor
2832428,Selinum carvifolia,OpenWetPoor
2832430,Selinum carvifolia,OpenWetPoor
2832431,Selinum carvifolia,OpenWetPoor
2834727,Selinum carvifolia,OpenWetPoor
2834728,Selinum carvifolia,OpenWetPoor
2834731,Selinum carvifolia,OpenWetPoor
2834952,Selinum carvifolia,OpenWetPoor
2834954,Selinum carvifolia,OpenWetPoor
2837027,Selinum carvifolia,OpenWetPoor
2837028,Selinum carvifolia,OpenWetPoor
2837029,Selinum carvifolia,OpenWetPoor
2837030,Selinum carvifolia,OpenWetPoor
2837252,Selinum carvifolia,OpenWetPoor
2837253,Selinum carvifolia,OpenWetPoor
2837254,Selinum carvifolia,OpenWetPoor
2839552,Selinum carvifolia,OpenWetPoor
2839553,Selinum carvifolia,OpenWetPoor
2841853,Selinum carvifolia,OpenWetPoor
2844151,Selinum carvifolia,OpenWetPoor
2850718,Selinum carvifolia,OpenWetPoor
2850720,Selinum carvifolia,OpenWetPoor
2853018,Selinum carvifolia,OpenWetPoor
2853019,Selinum carvifolia,OpenWetPoor
2853020,Selinum carvifolia,OpenWetPoor
2853021,Selinum carvifolia,OpenWetPoor
2855319,Selinum carvifolia,OpenWetPoor
2855320,Selinum carvifolia,OpenWetPoor
2855321,Selinum carvifolia,OpenWetPoor
2855541,Selinum carvifolia,OpenWetPoor
2857620,Selinum carvifolia,OpenWetPoor
2859920,Selinum carvifolia,OpenWetPoor
2860161,Selinum carvifolia,OpenWetPoor
2862218,Selinum carvifolia,OpenWetPoor
2862220,Selinum carvifolia,OpenWetPoor
2862461,Selinum carvifolia,OpenWetPoor
2864275,Selinum carvifolia,OpenWetPoor
2864518,Selinum carvifolia,OpenWetPoor
2864519,Selinum carvifolia,OpenWetPoor
2864520,Selinum carvifolia,OpenWetPoor
2864761,Selinum carvifolia,OpenWetPoor
2866575,Selinum carvifolia,OpenWetPoor
2866576,Selinum carvifolia,OpenWetPoor
2868794,Selinum carvifolia,OpenWetPoor
2868796,Selinum carvifolia,OpenWetPoor
2868797,Selinum carvifolia,OpenWetPoor
2868798,Selinum carvifolia,OpenWetPoor
2868876,Selinum carvifolia,OpenWetPoor
2868877,Selinum carvifolia,OpenWetPoor
2871092,Selinum carvifolia,OpenWetPoor
2871096,Selinum carvifolia,OpenWetPoor
2871097,Selinum carvifolia,OpenWetPoor
2871098,Selinum carvifolia,OpenWetPoor
2871177,Selinum carvifolia,OpenWetPoor
2871178,Selinum carvifolia,OpenWetPoor
2873393,Selinum carvifolia,OpenWetPoor
2875693,Selinum carvifolia,OpenWetPoor
2880293,Selinum carvifolia,OpenWetPoor
2880615,Selinum carvifolia,OpenWetPoor
2880616,Selinum carvifolia,OpenWetPoor
2882594,Selinum carvifolia,OpenWetPoor
2882914,Selinum carvifolia,OpenWetPoor
2882915,Selinum carvifolia,OpenWetPoor
2882916,Selinum carvifolia,OpenWetPoor
2882917,Selinum carvifolia,OpenWetPoor
2883239,Selinum carvifolia,OpenWetPoor
2884896,Selinum carvifolia,OpenWetPoor
2885214,Selinum carvifolia,OpenWetPoor
2885215,Selinum carvifolia,OpenWetPoor
2885216,Selinum carvifolia,OpenWetPoor
2885217,Selinum carvifolia,OpenWetPoor
2885538,Selinum carvifolia,OpenWetPoor
2885539,Selinum carvifolia,OpenWetPoor
2887515,Selinum carvifolia,OpenWetPoor
2887516,Selinum carvifolia,OpenWetPoor
2887517,Selinum carvifolia,OpenWetPoor
2887518,Selinum carvifolia,OpenWetPoor
2887838,Selinum carvifolia,OpenWetPoor
2887840,Selinum carvifolia,OpenWetPoor
2887841,Selinum carvifolia,OpenWetPoor
2887842,Selinum carvifolia,OpenWetPoor
2889814,Selinum carvifolia,OpenWetPoor
2889815,Selinum carvifolia,OpenWetPoor
2889816,Selinum carvifolia,OpenWetPoor
2889817,Selinum carvifolia,OpenWetPoor
2890138,Selinum carvifolia,OpenWetPoor
2890141,Selinum carvifolia,OpenWetPoor
2890142,Selinum carvifolia,OpenWetPoor
2892114,Selinum carvifolia,OpenWetPoor
2892115,Selinum carvifolia,OpenWetPoor
2892116,Selinum carvifolia,OpenWetPoor
2892117,Selinum carvifolia,OpenWetPoor
2892439,Selinum carvifolia,OpenWetPoor
2892441,Selinum carvifolia,OpenWetPoor
2894415,Selinum carvifolia,OpenWetPoor
2894417,Selinum carvifolia,OpenWetPoor
2894544,Selinum carvifolia,OpenWetPoor
2894545,Selinum carvifolia,OpenWetPoor
2894739,Selinum carvifolia,OpenWetPoor
2894740,Selinum carvifolia,OpenWetPoor
2896714,Selinum carvifolia,OpenWetPoor
2896715,Selinum carvifolia,OpenWetPoor
2896716,Selinum carvifolia,OpenWetPoor
2896717,Selinum carvifolia,OpenWetPoor
2896843,Selinum carvifolia,OpenWetPoor
2896844,Selinum carvifolia,OpenWetPoor
2897045,Selinum carvifolia,OpenWetPoor
2903944,Selinum carvifolia,OpenWetPoor
2906244,Selinum carvifolia,OpenWetPoor
2912652,Selinum carvifolia,OpenWetPoor
2917254,Selinum carvifolia,OpenWetPoor
2923676,Selinum carvifolia,OpenWetPoor
2925976,Selinum carvifolia,OpenWetPoor
2928276,Selinum carvifolia,OpenWetPoor
2935993,Selinum carvifolia,OpenWetPoor
2935994,Selinum carvifolia,OpenWetPoor
2937736,Selinum carvifolia,OpenWetPoor
2937738,Selinum carvifolia,OpenWetPoor
2938293,Selinum carvifolia,OpenWetPoor
2938294,Selinum carvifolia,OpenWetPoor
2940036,Selinum carvifolia,OpenWetPoor
2954467,Selinum carvifolia,OpenWetPoor
2979805,Selinum carvifolia,OpenWetPoor
2982103,Selinum carvifolia,OpenWetPoor
2984403,Selinum carvifolia,OpenWetPoor
3013591,Selinum carvifolia,OpenWetPoor
3013721,Selinum carvifolia,OpenWetPoor
3015888,Selinum carvifolia,OpenWetPoor
3018191,Selinum carvifolia,OpenWetPoor
3022921,Selinum carvifolia,OpenWetPoor
3031733,Selinum carvifolia,OpenWetPoor
3031734,Selinum carvifolia,OpenWetPoor
3034036,Selinum carvifolia,OpenWetPoor
3034037,Selinum carvifolia,OpenWetPoor
3034038,Selinum carvifolia,OpenWetPoor
3036331,Selinum carvifolia,OpenWetPoor
3036334,Selinum carvifolia,OpenWetPoor
3036335,Selinum carvifolia,OpenWetPoor
3036336,Selinum carvifolia,OpenWetPoor
3036337,Selinum carvifolia,OpenWetPoor
3036338,Selinum carvifolia,OpenWetPoor
3043670,Selinum carvifolia,OpenWetPoor
3044189,Selinum carvifolia,OpenWetPoor
3045969,Selinum carvifolia,OpenWetPoor
3045970,Selinum carvifolia,OpenWetPoor
3048269,Selinum carvifolia,OpenWetPoor
3048868,Selinum carvifolia,OpenWetPoor
3050860,Selinum carvifolia,OpenWetPoor
3051168,Selinum carvifolia,OpenWetPoor
3051169,Selinum carvifolia,OpenWetPoor
3053159,Selinum carvifolia,OpenWetPoor
3053254,Selinum carvifolia,OpenWetPoor
3053255,Selinum carvifolia,OpenWetPoor
3053468,Selinum carvifolia,OpenWetPoor
3053469,Selinum carvifolia,OpenWetPoor
3053470,Selinum carvifolia,OpenWetPoor
3055458,Selinum carvifolia,OpenWetPoor
3055554,Selinum carvifolia,OpenWetPoor
3055769,Selinum carvifolia,OpenWetPoor
3055770,Selinum carvifolia,OpenWetPoor
3055771,Selinum carvifolia,OpenWetPoor
3057298,Selinum carvifolia,OpenWetPoor
3057299,Selinum carvifolia,OpenWetPoor
3058070,Selinum carvifolia,OpenWetPoor
3058071,Selinum carvifolia,OpenWetPoor
3058072,Selinum carvifolia,OpenWetPoor
3059598,Selinum carvifolia,OpenWetPoor
3059599,Selinum carvifolia,OpenWetPoor
3060370,Selinum carvifolia,OpenWetPoor
3060371,Selinum carvifolia,OpenWetPoor
3060372,Selinum carvifolia,OpenWetPoor
3061899,Selinum carvifolia,OpenWetPoor
3061900,Selinum carvifolia,OpenWetPoor
3061902,Selinum carvifolia,OpenWetPoor
3062671,Selinum carvifolia,OpenWetPoor
3064199,Selinum carvifolia,OpenWetPoor
3064200,Selinum carvifolia,OpenWetPoor
3064971,Selinum carvifolia,OpenWetPoor
3083041,Selinum carvifolia,OpenWetPoor
3087434,Selinum carvifolia,OpenWetPoor
3087435,Selinum carvifolia,OpenWetPoor
3087436,Selinum carvifolia,OpenWetPoor
3087438,Selinum carvifolia,OpenWetPoor
3087639,Selinum carvifolia,OpenWetPoor
3087640,Selinum carvifolia,OpenWetPoor
3087642,Selinum carvifolia,OpenWetPoor
3089502,Selinum carvifolia,OpenWetPoor
3089734,Selinum carvifolia,OpenWetPoor
3089735,Selinum carvifolia,OpenWetPoor
3089736,Selinum carvifolia,OpenWetPoor
3089737,Selinum carvifolia,OpenWetPoor
3089738,Selinum carvifolia,OpenWetPoor
3089739,Selinum carvifolia,OpenWetPoor
3089740,Selinum carvifolia,OpenWetPoor
3089939,Selinum carvifolia,OpenWetPoor
3089940,Selinum carvifolia,OpenWetPoor
3089942,Selinum carvifolia,OpenWetPoor
3091801,Selinum carvifolia,OpenWetPoor
3091803,Selinum carvifolia,OpenWetPoor
3091804,Selinum carvifolia,OpenWetPoor
3091805,Selinum carvifolia,OpenWetPoor
3092034,Selinum carvifolia,OpenWetPoor
3092035,Selinum carvifolia,OpenWetPoor
3092036,Selinum carvifolia,OpenWetPoor
3092037,Selinum carvifolia,OpenWetPoor
3092038,Selinum carvifolia,OpenWetPoor
3092039,Selinum carvifolia,OpenWetPoor
3092040,Selinum carvifolia,OpenWetPoor
3092240,Selinum carvifolia,OpenWetPoor
3092241,Selinum carvifolia,OpenWetPoor
3092242,Selinum carvifolia,OpenWetPoor
3094101,Selinum carvifolia,OpenWetPoor
3094102,Selinum carvifolia,OpenWetPoor
3094103,Selinum carvifolia,OpenWetPoor
3094104,Selinum carvifolia,OpenWetPoor
3094105,Selinum carvifolia,OpenWetPoor
3094338,Selinum carvifolia,OpenWetPoor
3094339,Selinum carvifolia,OpenWetPoor
3094341,Selinum carvifolia,OpenWetPoor
3096403,Selinum carvifolia,OpenWetPoor
3096637,Selinum carvifolia,OpenWetPoor
3096639,Selinum carvifolia,OpenWetPoor
3096640,Selinum carvifolia,OpenWetPoor
3096641,Selinum carvifolia,OpenWetPoor
3096642,Selinum carvifolia,OpenWetPoor
3098936,Selinum carvifolia,OpenWetPoor
3098939,Selinum carvifolia,OpenWetPoor
3098940,Selinum carvifolia,OpenWetPoor
3103537,Selinum carvifolia,OpenWetPoor
3110109,Selinum carvifolia,OpenWetPoor
3110110,Selinum carvifolia,OpenWetPoor
3110111,Selinum carvifolia,OpenWetPoor
3110780,Selinum carvifolia,OpenWetPoor
3112408,Selinum carvifolia,OpenWetPoor
3112409,Selinum carvifolia,OpenWetPoor
3112410,Selinum carvifolia,OpenWetPoor
3112411,Selinum carvifolia,OpenWetPoor
3112412,Selinum carvifolia,OpenWetPoor
3114709,Selinum carvifolia,OpenWetPoor
3114710,Selinum carvifolia,OpenWetPoor
3114712,Selinum carvifolia,OpenWetPoor
3115379,Selinum carvifolia,OpenWetPoor
3117008,Selinum carvifolia,OpenWetPoor
3117009,Selinum carvifolia,OpenWetPoor
3117010,Selinum carvifolia,OpenWetPoor
3117011,Selinum carvifolia,OpenWetPoor
3117012,Selinum carvifolia,OpenWetPoor
3117013,Selinum carvifolia,OpenWetPoor
3119311,Selinum carvifolia,OpenWetPoor
3119312,Selinum carvifolia,OpenWetPoor
3121611,Selinum carvifolia,OpenWetPoor
3121959,Selinum carvifolia,OpenWetPoor
3124259,Selinum carvifolia,OpenWetPoor
3126558,Selinum carvifolia,OpenWetPoor
3126559,Selinum carvifolia,OpenWetPoor
3128857,Selinum carvifolia,OpenWetPoor
3128858,Selinum carvifolia,OpenWetPoor
3129183,Selinum carvifolia,OpenWetPoor
3129184,Selinum carvifolia,OpenWetPoor
3129185,Selinum carvifolia,OpenWetPoor
3129186,Selinum carvifolia,OpenWetPoor
3131157,Selinum carvifolia,OpenWetPoor
3131483,Selinum carvifolia,OpenWetPoor
3131484,Selinum carvifolia,OpenWetPoor
3133787,Selinum carvifolia,OpenWetPoor
3138385,Selinum carvifolia,OpenWetPoor
3142670,Selinum carvifolia,OpenWetPoor
3142671,Selinum carvifolia,OpenWetPoor
3142947,Selinum carvifolia,OpenWetPoor
3144705,Selinum carvifolia,OpenWetPoor
3144708,Selinum carvifolia,OpenWetPoor
3144970,Selinum carvifolia,OpenWetPoor
3144971,Selinum carvifolia,OpenWetPoor
3147231,Selinum carvifolia,OpenWetPoor
3147267,Selinum carvifolia,OpenWetPoor
3147269,Selinum carvifolia,OpenWetPoor
3147272,Selinum carvifolia,OpenWetPoor
3149532,Selinum carvifolia,OpenWetPoor
3149570,Selinum carvifolia,OpenWetPoor
3149928,Selinum carvifolia,OpenWetPoor
3149931,Selinum carvifolia,OpenWetPoor
3151868,Selinum carvifolia,OpenWetPoor
3151870,Selinum carvifolia,OpenWetPoor
3151871,Selinum carvifolia,OpenWetPoor
3152226,Selinum carvifolia,OpenWetPoor
3152228,Selinum carvifolia,OpenWetPoor
3152229,Selinum carvifolia,OpenWetPoor
3152230,Selinum carvifolia,OpenWetPoor
3152231,Selinum carvifolia,OpenWetPoor
3153918,Selinum carvifolia,OpenWetPoor
3154171,Selinum carvifolia,OpenWetPoor
3154172,Selinum carvifolia,OpenWetPoor
3154521,Selinum carvifolia,OpenWetPoor
3154522,Selinum carvifolia,OpenWetPoor
3154533,Selinum carvifolia,OpenWetPoor
3156813,Selinum carvifolia,OpenWetPoor
3156814,Selinum carvifolia,OpenWetPoor
3156832,Selinum carvifolia,OpenWetPoor
3156833,Selinum carvifolia,OpenWetPoor
3156837,Selinum carvifolia,OpenWetPoor
3156840,Selinum carvifolia,OpenWetPoor
3158679,Selinum carvifolia,OpenWetPoor
3158681,Selinum carvifolia,OpenWetPoor
3158776,Selinum carvifolia,OpenWetPoor
3158777,Selinum carvifolia,OpenWetPoor
3158778,Selinum carvifolia,OpenWetPoor
3158784,Selinum carvifolia,OpenWetPoor
3159132,Selinum carvifolia,OpenWetPoor
3160982,Selinum carvifolia,OpenWetPoor
3161077,Selinum carvifolia,OpenWetPoor
3161078,Selinum carvifolia,OpenWetPoor
3161079,Selinum carvifolia,OpenWetPoor
3161433,Selinum carvifolia,OpenWetPoor
3161435,Selinum carvifolia,OpenWetPoor
3163280,Selinum carvifolia,OpenWetPoor
3163378,Selinum carvifolia,OpenWetPoor
3163379,Selinum carvifolia,OpenWetPoor
3163380,Selinum carvifolia,OpenWetPoor
3163382,Selinum carvifolia,OpenWetPoor
3163383,Selinum carvifolia,OpenWetPoor
3163384,Selinum carvifolia,OpenWetPoor
3163732,Selinum carvifolia,OpenWetPoor
3163741,Selinum carvifolia,OpenWetPoor
3163742,Selinum carvifolia,OpenWetPoor
3165581,Selinum carvifolia,OpenWetPoor
3165683,Selinum carvifolia,OpenWetPoor
3174746,Selinum carvifolia,OpenWetPoor
3177044,Selinum carvifolia,OpenWetPoor
3179344,Selinum carvifolia,OpenWetPoor
3183943,Selinum carvifolia,OpenWetPoor
3186243,Selinum carvifolia,OpenWetPoor
3186244,Selinum carvifolia,OpenWetPoor
3189024,Selinum carvifolia,OpenWetPoor
3189025,Selinum carvifolia,OpenWetPoor
3191325,Selinum carvifolia,OpenWetPoor
3191326,Selinum carvifolia,OpenWetPoor
3191337,Selinum carvifolia,OpenWetPoor
3193626,Selinum carvifolia,OpenWetPoor
3193637,Selinum carvifolia,OpenWetPoor
3195458,Selinum carvifolia,OpenWetPoor
3195906,Selinum carvifolia,OpenWetPoor
3195907,Selinum carvifolia,OpenWetPoor
3198206,Selinum carvifolia,OpenWetPoor
3198207,Selinum carvifolia,OpenWetPoor
3200056,Selinum carvifolia,OpenWetPoor
3200057,Selinum carvifolia,OpenWetPoor
3200506,Selinum carvifolia,OpenWetPoor
3200507,Selinum carvifolia,OpenWetPoor
3202486,Selinum carvifolia,OpenWetPoor
3202487,Selinum carvifolia,OpenWetPoor
3207092,Selinum carvifolia,OpenWetPoor
3211561,Selinum carvifolia,OpenWetPoor
3211562,Selinum carvifolia,OpenWetPoor
3216300,Selinum carvifolia,OpenWetPoor
3216608,Selinum carvifolia,OpenWetPoor
3218599,Selinum carvifolia,OpenWetPoor
3218601,Selinum carvifolia,OpenWetPoor
3218908,Selinum carvifolia,OpenWetPoor
3220901,Selinum carvifolia,OpenWetPoor
3221208,Selinum carvifolia,OpenWetPoor
3223201,Selinum carvifolia,OpenWetPoor
3223507,Selinum carvifolia,OpenWetPoor
3229984,Selinum carvifolia,OpenWetPoor
3232549,Selinum carvifolia,OpenWetPoor
3232550,Selinum carvifolia,OpenWetPoor
3232551,Selinum carvifolia,OpenWetPoor
3232552,Selinum carvifolia,OpenWetPoor
3232553,Selinum carvifolia,OpenWetPoor
3234852,Selinum carvifolia,OpenWetPoor
3237152,Selinum carvifolia,OpenWetPoor
3237153,Selinum carvifolia,OpenWetPoor
3239451,Selinum carvifolia,OpenWetPoor
3255282,Selinum carvifolia,OpenWetPoor
3255330,Selinum carvifolia,OpenWetPoor
3257581,Selinum carvifolia,OpenWetPoor
3257582,Selinum carvifolia,OpenWetPoor
3259879,Selinum carvifolia,OpenWetPoor
3275116,Selinum carvifolia,OpenWetPoor
3287454,Selinum carvifolia,OpenWetPoor
3287459,Selinum carvifolia,OpenWetPoor
3291212,Selinum carvifolia,OpenWetPoor
3295810,Selinum carvifolia,OpenWetPoor
3297081,Selinum carvifolia,OpenWetPoor
3299382,Selinum carvifolia,OpenWetPoor
3301682,Selinum carvifolia,OpenWetPoor
3310806,Selinum carvifolia,OpenWetPoor
3311990,Selinum carvifolia,OpenWetPoor
3320141,Selinum carvifolia,OpenWetPoor
3327027,Selinum carvifolia,OpenWetPoor
3327057,Selinum carvifolia,OpenWetPoor
3327058,Selinum carvifolia,OpenWetPoor
3329328,Selinum carvifolia,OpenWetPoor
3329329,Selinum carvifolia,OpenWetPoor
3329357,Selinum carvifolia,OpenWetPoor
3330386,Selinum carvifolia,OpenWetPoor
3331593,Selinum carvifolia,OpenWetPoor
3331594,Selinum carvifolia,OpenWetPoor
3331632,Selinum carvifolia,OpenWetPoor
3331633,Selinum carvifolia,OpenWetPoor
3332687,Selinum carvifolia,OpenWetPoor
3333892,Selinum carvifolia,OpenWetPoor
3333893,Selinum carvifolia,OpenWetPoor
3333923,Selinum carvifolia,OpenWetPoor
3333958,Selinum carvifolia,OpenWetPoor
3333959,Selinum carvifolia,OpenWetPoor
3336193,Selinum carvifolia,OpenWetPoor
3336222,Selinum carvifolia,OpenWetPoor
3336231,Selinum carvifolia,OpenWetPoor
3336232,Selinum carvifolia,OpenWetPoor
3336259,Selinum carvifolia,OpenWetPoor
3336261,Selinum carvifolia,OpenWetPoor
3338519,Selinum carvifolia,OpenWetPoor
3338520,Selinum carvifolia,OpenWetPoor
3338521,Selinum carvifolia,OpenWetPoor
3338522,Selinum carvifolia,OpenWetPoor
3338523,Selinum carvifolia,OpenWetPoor
3338561,Selinum carvifolia,OpenWetPoor
3340799,Selinum carvifolia,OpenWetPoor
3340820,Selinum carvifolia,OpenWetPoor
3343100,Selinum carvifolia,OpenWetPoor
3350014,Selinum carvifolia,OpenWetPoor
3350015,Selinum carvifolia,OpenWetPoor
3350016,Selinum carvifolia,OpenWetPoor
3351403,Selinum carvifolia,OpenWetPoor
3352316,Selinum carvifolia,OpenWetPoor
3352418,Selinum carvifolia,OpenWetPoor
3353701,Selinum carvifolia,OpenWetPoor
3354617,Selinum carvifolia,OpenWetPoor
3354618,Selinum carvifolia,OpenWetPoor
3354619,Selinum carvifolia,OpenWetPoor
3356917,Selinum carvifolia,OpenWetPoor
3356918,Selinum carvifolia,OpenWetPoor
3356919,Selinum carvifolia,OpenWetPoor
3358660,Selinum carvifolia,OpenWetPoor
3358661,Selinum carvifolia,OpenWetPoor
3359218,Selinum carvifolia,OpenWetPoor
3360281,Selinum carvifolia,OpenWetPoor
3360282,Selinum carvifolia,OpenWetPoor
3362580,Selinum carvifolia,OpenWetPoor
3364880,Selinum carvifolia,OpenWetPoor
3364881,Selinum carvifolia,OpenWetPoor
3368420,Selinum carvifolia,OpenWetPoor
3395292,Selinum carvifolia,OpenWetPoor
3395605,Selinum carvifolia,OpenWetPoor
3395607,Selinum carvifolia,OpenWetPoor
3398389,Selinum carvifolia,OpenWetPoor
3400206,Selinum carvifolia,OpenWetPoor
3402352,Selinum carvifolia,OpenWetPoor
3404652,Selinum carvifolia,OpenWetPoor
3404653,Selinum carvifolia,OpenWetPoor
3404654,Selinum carvifolia,OpenWetPoor
3404656,Selinum carvifolia,OpenWetPoor
3406953,Selinum carvifolia,OpenWetPoor
3406954,Selinum carvifolia,OpenWetPoor
3406955,Selinum carvifolia,OpenWetPoor
3406956,Selinum carvifolia,OpenWetPoor
3409252,Selinum carvifolia,OpenWetPoor
3409253,Selinum carvifolia,OpenWetPoor
3409254,Selinum carvifolia,OpenWetPoor
3409255,Selinum carvifolia,OpenWetPoor
3409256,Selinum carvifolia,OpenWetPoor
3411553,Selinum carvifolia,OpenWetPoor
3411554,Selinum carvifolia,OpenWetPoor
3411555,Selinum carvifolia,OpenWetPoor
3413904,Selinum carvifolia,OpenWetPoor
3413905,Selinum carvifolia,OpenWetPoor
3426019,Selinum carvifolia,OpenWetPoor
3426020,Selinum carvifolia,OpenWetPoor
3426022,Selinum carvifolia,OpenWetPoor
3428321,Selinum carvifolia,OpenWetPoor
3428322,Selinum carvifolia,OpenWetPoor
3430620,Selinum carvifolia,OpenWetPoor
3430621,Selinum carvifolia,OpenWetPoor
3430622,Selinum carvifolia,OpenWetPoor
3430623,Selinum carvifolia,OpenWetPoor
3432922,Selinum carvifolia,OpenWetPoor
3435222,Selinum carvifolia,OpenWetPoor
3437490,Selinum carvifolia,OpenWetPoor
3437491,Selinum carvifolia,OpenWetPoor
3437522,Selinum carvifolia,OpenWetPoor
3437523,Selinum carvifolia,OpenWetPoor
3439790,Selinum carvifolia,OpenWetPoor
3439793,Selinum carvifolia,OpenWetPoor
3442123,Selinum carvifolia,OpenWetPoor
3442124,Selinum carvifolia,OpenWetPoor
3442125,Selinum carvifolia,OpenWetPoor
3442126,Selinum carvifolia,OpenWetPoor
3460376,Selinum carvifolia,OpenWetPoor
3460437,Selinum carvifolia,OpenWetPoor
3460438,Selinum carvifolia,OpenWetPoor
3462676,Selinum carvifolia,OpenWetPoor
3462740,Selinum carvifolia,OpenWetPoor
3465037,Selinum carvifolia,OpenWetPoor
3465038,Selinum carvifolia,OpenWetPoor
3467037,Selinum carvifolia,OpenWetPoor
3467338,Selinum carvifolia,OpenWetPoor
3469338,Selinum carvifolia,OpenWetPoor
3471637,Selinum carvifolia,OpenWetPoor
3481277,Selinum carvifolia,OpenWetPoor
3481278,Selinum carvifolia,OpenWetPoor
3485713,Selinum carvifolia,OpenWetPoor
3485879,Selinum carvifolia,OpenWetPoor
3488169,Selinum carvifolia,OpenWetPoor
3488174,Selinum carvifolia,OpenWetPoor
3490471,Selinum carvifolia,OpenWetPoor
3490473,Selinum carvifolia,OpenWetPoor
3490474,Selinum carvifolia,OpenWetPoor
3490477,Selinum carvifolia,OpenWetPoor
3492769,Selinum carvifolia,OpenWetPoor
3492770,Selinum carvifolia,OpenWetPoor
3492771,Selinum carvifolia,OpenWetPoor
3495070,Selinum carvifolia,OpenWetPoor
3508933,Selinum carvifolia,OpenWetPoor
3508934,Selinum carvifolia,OpenWetPoor
3511231,Selinum carvifolia,OpenWetPoor
3511232,Selinum carvifolia,OpenWetPoor
3511233,Selinum carvifolia,OpenWetPoor
3513532,Selinum carvifolia,OpenWetPoor
3513533,Selinum carvifolia,OpenWetPoor
3517554,Selinum carvifolia,OpenWetPoor
3519855,Selinum carvifolia,OpenWetPoor
3556634,Selinum carvifolia,OpenWetPoor
3556635,Selinum carvifolia,OpenWetPoor
3558934,Selinum carvifolia,OpenWetPoor
3558935,Selinum carvifolia,OpenWetPoor
3561232,Selinum carvifolia,OpenWetPoor
3561233,Selinum carvifolia,OpenWetPoor
3561234,Selinum carvifolia,OpenWetPoor
3561235,Selinum carvifolia,OpenWetPoor
3563534,Selinum carvifolia,OpenWetPoor
3573338,Selinum carvifolia,OpenWetPoor
3575638,Selinum carvifolia,OpenWetPoor
3575639,Selinum carvifolia,OpenWetPoor
3577938,Selinum carvifolia,OpenWetPoor
3580237,Selinum carvifolia,OpenWetPoor
3580238,Selinum carvifolia,OpenWetPoor
3582538,Selinum carvifolia,OpenWetPoor
3584836,Selinum carvifolia,OpenWetPoor
3584838,Selinum carvifolia,OpenWetPoor
3587136,Selinum carvifolia,OpenWetPoor
3587137,Selinum carvifolia,OpenWetPoor
3587140,Selinum carvifolia,OpenWetPoor
3587141,Selinum carvifolia,OpenWetPoor
3587142,Selinum carvifolia,OpenWetPoor
3589441,Selinum carvifolia,OpenWetPoor
3589442,Selinum carvifolia,OpenWetPoor
3651117,Selinum carvifolia,OpenWetPoor
3653417,Selinum carvifolia,OpenWetPoor
3673537,Selinum carvifolia,OpenWetPoor
3675836,Selinum carvifolia,OpenWetPoor
3675839,Selinum carvifolia,OpenWetPoor
3678136,Selinum carvifolia,OpenWetPoor
3678137,Selinum carvifolia,OpenWetPoor
3678138,Selinum carvifolia,OpenWetPoor
3678139,Selinum carvifolia,OpenWetPoor
3680436,Selinum carvifolia,OpenWetPoor
3680437,Selinum carvifolia,OpenWetPoor
3680439,Selinum carvifolia,OpenWetPoor
3680440,Selinum carvifolia,OpenWetPoor
3682739,Selinum carvifolia,OpenWetPoor
3687337,Selinum carvifolia,OpenWetPoor
3687338,Selinum carvifolia,OpenWetPoor
3689636,Selinum carvifolia,OpenWetPoor
3689637,Selinum carvifolia,OpenWetPoor
3689638,Selinum carvifolia,OpenWetPoor
3713084,Selinum carvifolia,OpenWetPoor
3713085,Selinum carvifolia,OpenWetPoor
3713086,Selinum carvifolia,OpenWetPoor
3715385,Selinum carvifolia,OpenWetPoor
3715386,Selinum carvifolia,OpenWetPoor
3717686,Selinum carvifolia,OpenWetPoor
3717688,Selinum carvifolia,OpenWetPoor
3719986,Selinum carvifolia,OpenWetPoor
3719987,Selinum carvifolia,OpenWetPoor
3768680,Selinum carvifolia,OpenWetPoor
3768681,Selinum carvifolia,OpenWetPoor
3770950,Selinum carvifolia,OpenWetPoor
3788974,Selinum carvifolia,OpenWetPoor
3788975,Selinum carvifolia,OpenWetPoor
3791275,Selinum carvifolia,OpenWetPoor
3793871,Selinum carvifolia,OpenWetPoor
3803073,Selinum carvifolia,OpenWetPoor
3823834,Selinum carvifolia,OpenWetPoor
3835337,Selinum carvifolia,OpenWetPoor
3837640,Selinum carvifolia,OpenWetPoor
3839938,Selinum carvifolia,OpenWetPoor
3842240,Selinum carvifolia,OpenWetPoor
3849107,Selinum carvifolia,OpenWetPoor
3849108,Selinum carvifolia,OpenWetPoor
3858294,Selinum carvifolia,OpenWetPoor
3858295,Selinum carvifolia,OpenWetPoor
3858296,Selinum carvifolia,OpenWetPoor
3860594,Selinum carvifolia,OpenWetPoor
3860595,Selinum carvifolia,OpenWetPoor
3862894,Selinum carvifolia,OpenWetPoor
3862895,Selinum carvifolia,OpenWetPoor
3865196,Selinum carvifolia,OpenWetPoor
3865197,Selinum carvifolia,OpenWetPoor
3865198,Selinum carvifolia,OpenWetPoor
3867442,Selinum carvifolia,OpenWetPoor
3867495,Selinum carvifolia,OpenWetPoor
3867496,Selinum carvifolia,OpenWetPoor
3867497,Selinum carvifolia,OpenWetPoor
3867498,Selinum carvifolia,OpenWetPoor
3867499,Selinum carvifolia,OpenWetPoor
3895140,Selinum carvifolia,OpenWetPoor
3895141,Selinum carvifolia,OpenWetPoor
3895142,Selinum carvifolia,OpenWetPoor
3897439,Selinum carvifolia,OpenWetPoor
3897441,Selinum carvifolia,OpenWetPoor
3897442,Selinum carvifolia,OpenWetPoor
3897443,Selinum carvifolia,OpenWetPoor
3899739,Selinum carvifolia,OpenWetPoor
3899744,Selinum carvifolia,OpenWetPoor
3902039,Selinum carvifolia,OpenWetPoor
3902040,Selinum carvifolia,OpenWetPoor
3915841,Selinum carvifolia,OpenWetPoor
3918138,Selinum carvifolia,OpenWetPoor
3918139,Selinum carvifolia,OpenWetPoor
3920350,Selinum carvifolia,OpenWetPoor
3920438,Selinum carvifolia,OpenWetPoor
3922681,Selinum carvifolia,OpenWetPoor
3924986,Selinum carvifolia,OpenWetPoor
3924987,Selinum carvifolia,OpenWetPoor
3927287,Selinum carvifolia,OpenWetPoor
3929586,Selinum carvifolia,OpenWetPoor
3929587,Selinum carvifolia,OpenWetPoor
3931887,Selinum carvifolia,OpenWetPoor
3934185,Selinum carvifolia,OpenWetPoor
3934186,Selinum carvifolia,OpenWetPoor
3934234,Selinum carvifolia,OpenWetPoor
3934235,Selinum carvifolia,OpenWetPoor
3934237,Selinum carvifolia,OpenWetPoor
4026145,Selinum carvifolia,OpenWetPoor
4026146,Selinum carvifolia,OpenWetPoor
4028442,Selinum carvifolia,OpenWetPoor
4028443,Selinum carvifolia,OpenWetPoor
4028444,Selinum carvifolia,OpenWetPoor
4028445,Selinum carvifolia,OpenWetPoor
