661062,Spirobassia hirsuta,OpenWetPoor
663361,Spirobassia hirsuta,OpenWetPoor
663362,Spirobassia hirsuta,OpenWetPoor
665662,Spirobassia hirsuta,OpenWetPoor
667962,Spirobassia hirsuta,OpenWetPoor
918344,Spirobassia hirsuta,OpenWetPoor
920642,Spirobassia hirsuta,OpenWetPoor
920645,Spirobassia hirsuta,OpenWetPoor
922946,Spirobassia hirsuta,OpenWetPoor
938932,Spirobassia hirsuta,OpenWetPoor
938935,Spirobassia hirsuta,OpenWetPoor
941233,Spirobassia hirsuta,OpenWetPoor
943592,Spirobassia hirsuta,OpenWetPoor
943593,Spirobassia hirsuta,OpenWetPoor
943594,Spirobassia hirsuta,OpenWetPoor
945881,Spirobassia hirsuta,OpenWetPoor
945882,Spirobassia hirsuta,OpenWetPoor
945883,Spirobassia hirsuta,OpenWetPoor
945892,Spirobassia hirsuta,OpenWetPoor
945893,Spirobassia hirsuta,OpenWetPoor
945894,Spirobassia hirsuta,OpenWetPoor
948181,Spirobassia hirsuta,OpenWetPoor
948182,Spirobassia hirsuta,OpenWetPoor
948183,Spirobassia hirsuta,OpenWetPoor
948193,Spirobassia hirsuta,OpenWetPoor
950452,Spirobassia hirsuta,OpenWetPoor
950453,Spirobassia hirsuta,OpenWetPoor
950482,Spirobassia hirsuta,OpenWetPoor
950495,Spirobassia hirsuta,OpenWetPoor
952750,Spirobassia hirsuta,OpenWetPoor
952751,Spirobassia hirsuta,OpenWetPoor
952752,Spirobassia hirsuta,OpenWetPoor
952753,Spirobassia hirsuta,OpenWetPoor
952754,Spirobassia hirsuta,OpenWetPoor
952795,Spirobassia hirsuta,OpenWetPoor
952796,Spirobassia hirsuta,OpenWetPoor
952797,Spirobassia hirsuta,OpenWetPoor
955096,Spirobassia hirsuta,OpenWetPoor
955097,Spirobassia hirsuta,OpenWetPoor
971168,Spirobassia hirsuta,OpenWetPoor
971169,Spirobassia hirsuta,OpenWetPoor
971170,Spirobassia hirsuta,OpenWetPoor
973466,Spirobassia hirsuta,OpenWetPoor
973467,Spirobassia hirsuta,OpenWetPoor
973468,Spirobassia hirsuta,OpenWetPoor
973469,Spirobassia hirsuta,OpenWetPoor
973470,Spirobassia hirsuta,OpenWetPoor
973471,Spirobassia hirsuta,OpenWetPoor
973473,Spirobassia hirsuta,OpenWetPoor
973474,Spirobassia hirsuta,OpenWetPoor
973476,Spirobassia hirsuta,OpenWetPoor
975767,Spirobassia hirsuta,OpenWetPoor
975768,Spirobassia hirsuta,OpenWetPoor
975769,Spirobassia hirsuta,OpenWetPoor
975770,Spirobassia hirsuta,OpenWetPoor
975771,Spirobassia hirsuta,OpenWetPoor
975772,Spirobassia hirsuta,OpenWetPoor
975773,Spirobassia hirsuta,OpenWetPoor
975774,Spirobassia hirsuta,OpenWetPoor
975775,Spirobassia hirsuta,OpenWetPoor
975776,Spirobassia hirsuta,OpenWetPoor
975778,Spirobassia hirsuta,OpenWetPoor
975779,Spirobassia hirsuta,OpenWetPoor
978072,Spirobassia hirsuta,OpenWetPoor
978073,Spirobassia hirsuta,OpenWetPoor
978074,Spirobassia hirsuta,OpenWetPoor
978075,Spirobassia hirsuta,OpenWetPoor
978079,Spirobassia hirsuta,OpenWetPoor
980380,Spirobassia hirsuta,OpenWetPoor
980381,Spirobassia hirsuta,OpenWetPoor
982690,Spirobassia hirsuta,OpenWetPoor
982693,Spirobassia hirsuta,OpenWetPoor
1005676,Spirobassia hirsuta,OpenWetPoor
1005677,Spirobassia hirsuta,OpenWetPoor
1010277,Spirobassia hirsuta,OpenWetPoor
1010278,Spirobassia hirsuta,OpenWetPoor
1012576,Spirobassia hirsuta,OpenWetPoor
1012577,Spirobassia hirsuta,OpenWetPoor
1012578,Spirobassia hirsuta,OpenWetPoor
1014876,Spirobassia hirsuta,OpenWetPoor
1014877,Spirobassia hirsuta,OpenWetPoor
1053908,Spirobassia hirsuta,OpenWetPoor
1053909,Spirobassia hirsuta,OpenWetPoor
2086899,Spirobassia hirsuta,OpenWetPoor
2086902,Spirobassia hirsuta,OpenWetPoor
2089200,Spirobassia hirsuta,OpenWetPoor
2616101,Spirobassia hirsuta,OpenWetPoor
2616102,Spirobassia hirsuta,OpenWetPoor
2616103,Spirobassia hirsuta,OpenWetPoor
2618401,Spirobassia hirsuta,OpenWetPoor
2618402,Spirobassia hirsuta,OpenWetPoor
2646317,Spirobassia hirsuta,OpenWetPoor
2692294,Spirobassia hirsuta,OpenWetPoor
2696895,Spirobassia hirsuta,OpenWetPoor
2852848,Spirobassia hirsuta,OpenWetPoor
2857449,Spirobassia hirsuta,OpenWetPoor
2862049,Spirobassia hirsuta,OpenWetPoor
2862050,Spirobassia hirsuta,OpenWetPoor
2864349,Spirobassia hirsuta,OpenWetPoor
2864350,Spirobassia hirsuta,OpenWetPoor
2864351,Spirobassia hirsuta,OpenWetPoor
2866651,Spirobassia hirsuta,OpenWetPoor
2871250,Spirobassia hirsuta,OpenWetPoor
3068789,Spirobassia hirsuta,OpenWetPoor
3071089,Spirobassia hirsuta,OpenWetPoor
3071090,Spirobassia hirsuta,OpenWetPoor
3105600,Spirobassia hirsuta,OpenWetPoor
3107900,Spirobassia hirsuta,OpenWetPoor
3144254,Spirobassia hirsuta,OpenWetPoor
3146554,Spirobassia hirsuta,OpenWetPoor
3188386,Spirobassia hirsuta,OpenWetPoor
3190685,Spirobassia hirsuta,OpenWetPoor
3190686,Spirobassia hirsuta,OpenWetPoor
3190687,Spirobassia hirsuta,OpenWetPoor
3192986,Spirobassia hirsuta,OpenWetPoor
3192987,Spirobassia hirsuta,OpenWetPoor
3197587,Spirobassia hirsuta,OpenWetPoor
3199887,Spirobassia hirsuta,OpenWetPoor
3199888,Spirobassia hirsuta,OpenWetPoor
3199889,Spirobassia hirsuta,OpenWetPoor
3202189,Spirobassia hirsuta,OpenWetPoor
3204488,Spirobassia hirsuta,OpenWetPoor
3204489,Spirobassia hirsuta,OpenWetPoor
3206787,Spirobassia hirsuta,OpenWetPoor
3206788,Spirobassia hirsuta,OpenWetPoor
3211390,Spirobassia hirsuta,OpenWetPoor
3211716,Spirobassia hirsuta,OpenWetPoor
3214015,Spirobassia hirsuta,OpenWetPoor
3246348,Spirobassia hirsuta,OpenWetPoor
3246349,Spirobassia hirsuta,OpenWetPoor
3248648,Spirobassia hirsuta,OpenWetPoor
3250947,Spirobassia hirsuta,OpenWetPoor
3250950,Spirobassia hirsuta,OpenWetPoor
3253246,Spirobassia hirsuta,OpenWetPoor
3260126,Spirobassia hirsuta,OpenWetPoor
3260128,Spirobassia hirsuta,OpenWetPoor
3262426,Spirobassia hirsuta,OpenWetPoor
3262427,Spirobassia hirsuta,OpenWetPoor
3262428,Spirobassia hirsuta,OpenWetPoor
3264726,Spirobassia hirsuta,OpenWetPoor
3264727,Spirobassia hirsuta,OpenWetPoor
3264728,Spirobassia hirsuta,OpenWetPoor
3267026,Spirobassia hirsuta,OpenWetPoor
3267027,Spirobassia hirsuta,OpenWetPoor
3287750,Spirobassia hirsuta,OpenWetPoor
3292349,Spirobassia hirsuta,OpenWetPoor
3292350,Spirobassia hirsuta,OpenWetPoor
3292351,Spirobassia hirsuta,OpenWetPoor
3294650,Spirobassia hirsuta,OpenWetPoor
3294651,Spirobassia hirsuta,OpenWetPoor
3313060,Spirobassia hirsuta,OpenWetPoor
3315365,Spirobassia hirsuta,OpenWetPoor
3319963,Spirobassia hirsuta,OpenWetPoor
3319968,Spirobassia hirsuta,OpenWetPoor
3322233,Spirobassia hirsuta,OpenWetPoor
3322265,Spirobassia hirsuta,OpenWetPoor
3322267,Spirobassia hirsuta,OpenWetPoor
3435110,Spirobassia hirsuta,OpenWetPoor
3435111,Spirobassia hirsuta,OpenWetPoor
3437410,Spirobassia hirsuta,OpenWetPoor
3437411,Spirobassia hirsuta,OpenWetPoor
3437412,Spirobassia hirsuta,OpenWetPoor
3439711,Spirobassia hirsuta,OpenWetPoor
3448912,Spirobassia hirsuta,OpenWetPoor
3462183,Spirobassia hirsuta,OpenWetPoor
3542732,Spirobassia hirsuta,OpenWetPoor
3542733,Spirobassia hirsuta,OpenWetPoor
3545033,Spirobassia hirsuta,OpenWetPoor
3545034,Spirobassia hirsuta,OpenWetPoor
3547331,Spirobassia hirsuta,OpenWetPoor
3547332,Spirobassia hirsuta,OpenWetPoor
3547333,Spirobassia hirsuta,OpenWetPoor
3549631,Spirobassia hirsuta,OpenWetPoor
3551931,Spirobassia hirsuta,OpenWetPoor
3575002,Spirobassia hirsuta,OpenWetPoor
3575025,Spirobassia hirsuta,OpenWetPoor
3577301,Spirobassia hirsuta,OpenWetPoor
3577302,Spirobassia hirsuta,OpenWetPoor
3577303,Spirobassia hirsuta,OpenWetPoor
3577325,Spirobassia hirsuta,OpenWetPoor
3579600,Spirobassia hirsuta,OpenWetPoor
3579601,Spirobassia hirsuta,OpenWetPoor
3579602,Spirobassia hirsuta,OpenWetPoor
3581902,Spirobassia hirsuta,OpenWetPoor
3581903,Spirobassia hirsuta,OpenWetPoor
3584202,Spirobassia hirsuta,OpenWetPoor
3584203,Spirobassia hirsuta,OpenWetPoor
3586502,Spirobassia hirsuta,OpenWetPoor
3632490,Spirobassia hirsuta,OpenWetPoor
3632507,Spirobassia hirsuta,OpenWetPoor
3632508,Spirobassia hirsuta,OpenWetPoor
3632509,Spirobassia hirsuta,OpenWetPoor
3634807,Spirobassia hirsuta,OpenWetPoor
3634808,Spirobassia hirsuta,OpenWetPoor
3637108,Spirobassia hirsuta,OpenWetPoor
3637110,Spirobassia hirsuta,OpenWetPoor
3644075,Spirobassia hirsuta,OpenWetPoor
3644076,Spirobassia hirsuta,OpenWetPoor
3646335,Spirobassia hirsuta,OpenWetPoor
3646336,Spirobassia hirsuta,OpenWetPoor
3646337,Spirobassia hirsuta,OpenWetPoor
3646338,Spirobassia hirsuta,OpenWetPoor
3646351,Spirobassia hirsuta,OpenWetPoor
3646352,Spirobassia hirsuta,OpenWetPoor
3646375,Spirobassia hirsuta,OpenWetPoor
3646376,Spirobassia hirsuta,OpenWetPoor
3648636,Spirobassia hirsuta,OpenWetPoor
3648637,Spirobassia hirsuta,OpenWetPoor
3648638,Spirobassia hirsuta,OpenWetPoor
3648650,Spirobassia hirsuta,OpenWetPoor
3648651,Spirobassia hirsuta,OpenWetPoor
3648652,Spirobassia hirsuta,OpenWetPoor
3650935,Spirobassia hirsuta,OpenWetPoor
3650940,Spirobassia hirsuta,OpenWetPoor
3650952,Spirobassia hirsuta,OpenWetPoor
3653234,Spirobassia hirsuta,OpenWetPoor
3653235,Spirobassia hirsuta,OpenWetPoor
3667418,Spirobassia hirsuta,OpenWetPoor
3669838,Spirobassia hirsuta,OpenWetPoor
3672017,Spirobassia hirsuta,OpenWetPoor
3672139,Spirobassia hirsuta,OpenWetPoor
3672141,Spirobassia hirsuta,OpenWetPoor
3674317,Spirobassia hirsuta,OpenWetPoor
3678916,Spirobassia hirsuta,OpenWetPoor
3681215,Spirobassia hirsuta,OpenWetPoor
3681216,Spirobassia hirsuta,OpenWetPoor
3701883,Spirobassia hirsuta,OpenWetPoor
3703872,Spirobassia hirsuta,OpenWetPoor
3708476,Spirobassia hirsuta,OpenWetPoor
3708784,Spirobassia hirsuta,OpenWetPoor
3715338,Spirobassia hirsuta,OpenWetPoor
3715339,Spirobassia hirsuta,OpenWetPoor
3715340,Spirobassia hirsuta,OpenWetPoor
3715385,Spirobassia hirsuta,OpenWetPoor
3715386,Spirobassia hirsuta,OpenWetPoor
3717639,Spirobassia hirsuta,OpenWetPoor
3717640,Spirobassia hirsuta,OpenWetPoor
3717686,Spirobassia hirsuta,OpenWetPoor
3719986,Spirobassia hirsuta,OpenWetPoor
3719987,Spirobassia hirsuta,OpenWetPoor
3719988,Spirobassia hirsuta,OpenWetPoor
3722287,Spirobassia hirsuta,OpenWetPoor
3722288,Spirobassia hirsuta,OpenWetPoor
3724587,Spirobassia hirsuta,OpenWetPoor
3736385,Spirobassia hirsuta,OpenWetPoor
3747882,Spirobassia hirsuta,OpenWetPoor
3747883,Spirobassia hirsuta,OpenWetPoor
3747884,Spirobassia hirsuta,OpenWetPoor
3750182,Spirobassia hirsuta,OpenWetPoor
3750183,Spirobassia hirsuta,OpenWetPoor
3754401,Spirobassia hirsuta,OpenWetPoor
3754403,Spirobassia hirsuta,OpenWetPoor
3754404,Spirobassia hirsuta,OpenWetPoor
3756703,Spirobassia hirsuta,OpenWetPoor
3756704,Spirobassia hirsuta,OpenWetPoor
3756705,Spirobassia hirsuta,OpenWetPoor
3759002,Spirobassia hirsuta,OpenWetPoor
3759005,Spirobassia hirsuta,OpenWetPoor
3759006,Spirobassia hirsuta,OpenWetPoor
3779770,Spirobassia hirsuta,OpenWetPoor
3800460,Spirobassia hirsuta,OpenWetPoor
3802760,Spirobassia hirsuta,OpenWetPoor
3805059,Spirobassia hirsuta,OpenWetPoor
3805062,Spirobassia hirsuta,OpenWetPoor
3807361,Spirobassia hirsuta,OpenWetPoor
3841868,Spirobassia hirsuta,OpenWetPoor
3841869,Spirobassia hirsuta,OpenWetPoor
3848768,Spirobassia hirsuta,OpenWetPoor
3853369,Spirobassia hirsuta,OpenWetPoor
3855669,Spirobassia hirsuta,OpenWetPoor
3855670,Spirobassia hirsuta,OpenWetPoor
4060627,Spirobassia hirsuta,OpenWetPoor
4060628,Spirobassia hirsuta,OpenWetPoor
4062927,Spirobassia hirsuta,OpenWetPoor
4062928,Spirobassia hirsuta,OpenWetPoor
