2483050,Gymnadenia conopsea,ForestDryPoor
2485350,Gymnadenia conopsea,ForestDryPoor
2485351,Gymnadenia conopsea,ForestDryPoor
2485352,Gymnadenia conopsea,ForestDryPoor
2489951,Gymnadenia conopsea,ForestDryPoor
2496848,Gymnadenia conopsea,ForestDryPoor
2496849,Gymnadenia conopsea,ForestDryPoor
2496850,Gymnadenia conopsea,ForestDryPoor
2499148,Gymnadenia conopsea,ForestDryPoor
2501455,Gymnadenia conopsea,ForestDryPoor
2501457,Gymnadenia conopsea,ForestDryPoor
2501459,Gymnadenia conopsea,ForestDryPoor
2503756,Gymnadenia conopsea,ForestDryPoor
2503757,Gymnadenia conopsea,ForestDryPoor
2503758,Gymnadenia conopsea,ForestDryPoor
2503759,Gymnadenia conopsea,ForestDryPoor
2505794,Gymnadenia conopsea,ForestDryPoor
2505795,Gymnadenia conopsea,ForestDryPoor
2505796,Gymnadenia conopsea,ForestDryPoor
2506057,Gymnadenia conopsea,ForestDryPoor
2508096,Gymnadenia conopsea,ForestDryPoor
2508342,Gymnadenia conopsea,ForestDryPoor
2510393,Gymnadenia conopsea,ForestDryPoor
2510395,Gymnadenia conopsea,ForestDryPoor
2510396,Gymnadenia conopsea,ForestDryPoor
2510642,Gymnadenia conopsea,ForestDryPoor
2510643,Gymnadenia conopsea,ForestDryPoor
2512694,Gymnadenia conopsea,ForestDryPoor
2512695,Gymnadenia conopsea,ForestDryPoor
2512696,Gymnadenia conopsea,ForestDryPoor
2512698,Gymnadenia conopsea,ForestDryPoor
2512699,Gymnadenia conopsea,ForestDryPoor
2512941,Gymnadenia conopsea,ForestDryPoor
2514996,Gymnadenia conopsea,ForestDryPoor
2514997,Gymnadenia conopsea,ForestDryPoor
2517296,Gymnadenia conopsea,ForestDryPoor
2519595,Gymnadenia conopsea,ForestDryPoor
2519596,Gymnadenia conopsea,ForestDryPoor
2519597,Gymnadenia conopsea,ForestDryPoor
2526754,Gymnadenia conopsea,ForestDryPoor
2529054,Gymnadenia conopsea,ForestDryPoor
2538202,Gymnadenia conopsea,ForestDryPoor
2574892,Gymnadenia conopsea,ForestDryPoor
2574893,Gymnadenia conopsea,ForestDryPoor
2577191,Gymnadenia conopsea,ForestDryPoor
2577192,Gymnadenia conopsea,ForestDryPoor
2577193,Gymnadenia conopsea,ForestDryPoor
2579491,Gymnadenia conopsea,ForestDryPoor
2579492,Gymnadenia conopsea,ForestDryPoor
2579493,Gymnadenia conopsea,ForestDryPoor
2581792,Gymnadenia conopsea,ForestDryPoor
2581793,Gymnadenia conopsea,ForestDryPoor
2581798,Gymnadenia conopsea,ForestDryPoor
2584092,Gymnadenia conopsea,ForestDryPoor
2586393,Gymnadenia conopsea,ForestDryPoor
2588694,Gymnadenia conopsea,ForestDryPoor
2590995,Gymnadenia conopsea,ForestDryPoor
2593296,Gymnadenia conopsea,ForestDryPoor
2595598,Gymnadenia conopsea,ForestDryPoor
3092038,Gymnadenia conopsea,ForestDryPoor
3094338,Gymnadenia conopsea,ForestDryPoor
3096637,Gymnadenia conopsea,ForestDryPoor
3096639,Gymnadenia conopsea,ForestDryPoor
3096640,Gymnadenia conopsea,ForestDryPoor
3098936,Gymnadenia conopsea,ForestDryPoor
3098939,Gymnadenia conopsea,ForestDryPoor
3098940,Gymnadenia conopsea,ForestDryPoor
3101238,Gymnadenia conopsea,ForestDryPoor
3897441,Gymnadenia conopsea,ForestDryPoor
3904339,Gymnadenia conopsea,ForestDryPoor
