368720,Sanicula europaea,ForestDryPoor
368725,Sanicula europaea,ForestDryPoor
371019,Sanicula europaea,ForestDryPoor
371020,Sanicula europaea,ForestDryPoor
371021,Sanicula europaea,ForestDryPoor
371027,Sanicula europaea,ForestDryPoor
373320,Sanicula europaea,ForestDryPoor
373321,Sanicula europaea,ForestDryPoor
373322,Sanicula europaea,ForestDryPoor
373325,Sanicula europaea,ForestDryPoor
373328,Sanicula europaea,ForestDryPoor
375619,Sanicula europaea,ForestDryPoor
375620,Sanicula europaea,ForestDryPoor
375621,Sanicula europaea,ForestDryPoor
375628,Sanicula europaea,ForestDryPoor
377920,Sanicula europaea,ForestDryPoor
377921,Sanicula europaea,ForestDryPoor
377925,Sanicula europaea,ForestDryPoor
398575,Sanicula europaea,ForestDryPoor
398576,Sanicula europaea,ForestDryPoor
403231,Sanicula europaea,ForestDryPoor
403232,Sanicula europaea,ForestDryPoor
403233,Sanicula europaea,ForestDryPoor
403235,Sanicula europaea,ForestDryPoor
405528,Sanicula europaea,ForestDryPoor
405531,Sanicula europaea,ForestDryPoor
419270,Sanicula europaea,ForestDryPoor
421568,Sanicula europaea,ForestDryPoor
462868,Sanicula europaea,ForestDryPoor
462869,Sanicula europaea,ForestDryPoor
462870,Sanicula europaea,ForestDryPoor
465167,Sanicula europaea,ForestDryPoor
465168,Sanicula europaea,ForestDryPoor
465169,Sanicula europaea,ForestDryPoor
465170,Sanicula europaea,ForestDryPoor
465171,Sanicula europaea,ForestDryPoor
467471,Sanicula europaea,ForestDryPoor
469769,Sanicula europaea,ForestDryPoor
469770,Sanicula europaea,ForestDryPoor
469771,Sanicula europaea,ForestDryPoor
472069,Sanicula europaea,ForestDryPoor
472070,Sanicula europaea,ForestDryPoor
479162,Sanicula europaea,ForestDryPoor
479163,Sanicula europaea,ForestDryPoor
479164,Sanicula europaea,ForestDryPoor
481461,Sanicula europaea,ForestDryPoor
481462,Sanicula europaea,ForestDryPoor
481463,Sanicula europaea,ForestDryPoor
481465,Sanicula europaea,ForestDryPoor
483762,Sanicula europaea,ForestDryPoor
483765,Sanicula europaea,ForestDryPoor
486061,Sanicula europaea,ForestDryPoor
486064,Sanicula europaea,ForestDryPoor
486065,Sanicula europaea,ForestDryPoor
506790,Sanicula europaea,ForestDryPoor
520587,Sanicula europaea,ForestDryPoor
522886,Sanicula europaea,ForestDryPoor
522887,Sanicula europaea,ForestDryPoor
525187,Sanicula europaea,ForestDryPoor
527485,Sanicula europaea,ForestDryPoor
527486,Sanicula europaea,ForestDryPoor
527487,Sanicula europaea,ForestDryPoor
578074,Sanicula europaea,ForestDryPoor
578075,Sanicula europaea,ForestDryPoor
578076,Sanicula europaea,ForestDryPoor
580374,Sanicula europaea,ForestDryPoor
580375,Sanicula europaea,ForestDryPoor
580376,Sanicula europaea,ForestDryPoor
580378,Sanicula europaea,ForestDryPoor
582674,Sanicula europaea,ForestDryPoor
582675,Sanicula europaea,ForestDryPoor
582677,Sanicula europaea,ForestDryPoor
584976,Sanicula europaea,ForestDryPoor
584977,Sanicula europaea,ForestDryPoor
598745,Sanicula europaea,ForestDryPoor
601045,Sanicula europaea,ForestDryPoor
601046,Sanicula europaea,ForestDryPoor
603345,Sanicula europaea,ForestDryPoor
603346,Sanicula europaea,ForestDryPoor
603347,Sanicula europaea,ForestDryPoor
603348,Sanicula europaea,ForestDryPoor
605644,Sanicula europaea,ForestDryPoor
605645,Sanicula europaea,ForestDryPoor
605648,Sanicula europaea,ForestDryPoor
607945,Sanicula europaea,ForestDryPoor
607946,Sanicula europaea,ForestDryPoor
607947,Sanicula europaea,ForestDryPoor
633205,Sanicula europaea,ForestDryPoor
633206,Sanicula europaea,ForestDryPoor
633207,Sanicula europaea,ForestDryPoor
642406,Sanicula europaea,ForestDryPoor
646995,Sanicula europaea,ForestDryPoor
646998,Sanicula europaea,ForestDryPoor
646999,Sanicula europaea,ForestDryPoor
649299,Sanicula europaea,ForestDryPoor
651597,Sanicula europaea,ForestDryPoor
651598,Sanicula europaea,ForestDryPoor
653897,Sanicula europaea,ForestDryPoor
653898,Sanicula europaea,ForestDryPoor
653899,Sanicula europaea,ForestDryPoor
656197,Sanicula europaea,ForestDryPoor
817265,Sanicula europaea,ForestDryPoor
819563,Sanicula europaea,ForestDryPoor
819564,Sanicula europaea,ForestDryPoor
819565,Sanicula europaea,ForestDryPoor
819566,Sanicula europaea,ForestDryPoor
821862,Sanicula europaea,ForestDryPoor
821863,Sanicula europaea,ForestDryPoor
821866,Sanicula europaea,ForestDryPoor
824161,Sanicula europaea,ForestDryPoor
824166,Sanicula europaea,ForestDryPoor
826463,Sanicula europaea,ForestDryPoor
826464,Sanicula europaea,ForestDryPoor
826465,Sanicula europaea,ForestDryPoor
881537,Sanicula europaea,ForestDryPoor
883836,Sanicula europaea,ForestDryPoor
886141,Sanicula europaea,ForestDryPoor
886142,Sanicula europaea,ForestDryPoor
888440,Sanicula europaea,ForestDryPoor
927409,Sanicula europaea,ForestDryPoor
929709,Sanicula europaea,ForestDryPoor
932009,Sanicula europaea,ForestDryPoor
932010,Sanicula europaea,ForestDryPoor
934309,Sanicula europaea,ForestDryPoor
941216,Sanicula europaea,ForestDryPoor
943516,Sanicula europaea,ForestDryPoor
943517,Sanicula europaea,ForestDryPoor
945816,Sanicula europaea,ForestDryPoor
945817,Sanicula europaea,ForestDryPoor
948116,Sanicula europaea,ForestDryPoor
948117,Sanicula europaea,ForestDryPoor
950416,Sanicula europaea,ForestDryPoor
950417,Sanicula europaea,ForestDryPoor
1088436,Sanicula europaea,ForestDryPoor
1090732,Sanicula europaea,ForestDryPoor
1090733,Sanicula europaea,ForestDryPoor
1090734,Sanicula europaea,ForestDryPoor
1090735,Sanicula europaea,ForestDryPoor
1090736,Sanicula europaea,ForestDryPoor
1093032,Sanicula europaea,ForestDryPoor
1093033,Sanicula europaea,ForestDryPoor
1093035,Sanicula europaea,ForestDryPoor
1093130,Sanicula europaea,ForestDryPoor
1095333,Sanicula europaea,ForestDryPoor
1095334,Sanicula europaea,ForestDryPoor
1095335,Sanicula europaea,ForestDryPoor
1095336,Sanicula europaea,ForestDryPoor
1095431,Sanicula europaea,ForestDryPoor
1097634,Sanicula europaea,ForestDryPoor
1097729,Sanicula europaea,ForestDryPoor
1097730,Sanicula europaea,ForestDryPoor
1115995,Sanicula europaea,ForestDryPoor
1115996,Sanicula europaea,ForestDryPoor
1118294,Sanicula europaea,ForestDryPoor
1118295,Sanicula europaea,ForestDryPoor
1118296,Sanicula europaea,ForestDryPoor
1120595,Sanicula europaea,ForestDryPoor
1120596,Sanicula europaea,ForestDryPoor
1120597,Sanicula europaea,ForestDryPoor
1120598,Sanicula europaea,ForestDryPoor
1122895,Sanicula europaea,ForestDryPoor
1122896,Sanicula europaea,ForestDryPoor
1122898,Sanicula europaea,ForestDryPoor
1125197,Sanicula europaea,ForestDryPoor
1180509,Sanicula europaea,ForestDryPoor
1182807,Sanicula europaea,ForestDryPoor
1182808,Sanicula europaea,ForestDryPoor
1182809,Sanicula europaea,ForestDryPoor
1185111,Sanicula europaea,ForestDryPoor
1187407,Sanicula europaea,ForestDryPoor
1187409,Sanicula europaea,ForestDryPoor
1187410,Sanicula europaea,ForestDryPoor
1187411,Sanicula europaea,ForestDryPoor
1189708,Sanicula europaea,ForestDryPoor
1189709,Sanicula europaea,ForestDryPoor
1189710,Sanicula europaea,ForestDryPoor
1214995,Sanicula europaea,ForestDryPoor
1214996,Sanicula europaea,ForestDryPoor
1217296,Sanicula europaea,ForestDryPoor
1217298,Sanicula europaea,ForestDryPoor
1219594,Sanicula europaea,ForestDryPoor
1219595,Sanicula europaea,ForestDryPoor
1219596,Sanicula europaea,ForestDryPoor
1219597,Sanicula europaea,ForestDryPoor
1221894,Sanicula europaea,ForestDryPoor
1221895,Sanicula europaea,ForestDryPoor
1221896,Sanicula europaea,ForestDryPoor
1221897,Sanicula europaea,ForestDryPoor
1224194,Sanicula europaea,ForestDryPoor
1224195,Sanicula europaea,ForestDryPoor
1224196,Sanicula europaea,ForestDryPoor
1224197,Sanicula europaea,ForestDryPoor
1226494,Sanicula europaea,ForestDryPoor
1226495,Sanicula europaea,ForestDryPoor
1226496,Sanicula europaea,ForestDryPoor
1228795,Sanicula europaea,ForestDryPoor
1242685,Sanicula europaea,ForestDryPoor
1242686,Sanicula europaea,ForestDryPoor
1244986,Sanicula europaea,ForestDryPoor
1244987,Sanicula europaea,ForestDryPoor
1247286,Sanicula europaea,ForestDryPoor
1247287,Sanicula europaea,ForestDryPoor
1247288,Sanicula europaea,ForestDryPoor
1249586,Sanicula europaea,ForestDryPoor
1249587,Sanicula europaea,ForestDryPoor
1249588,Sanicula europaea,ForestDryPoor
1251887,Sanicula europaea,ForestDryPoor
1270286,Sanicula europaea,ForestDryPoor
1274887,Sanicula europaea,ForestDryPoor
1371489,Sanicula europaea,ForestDryPoor
1378389,Sanicula europaea,ForestDryPoor
1385230,Sanicula europaea,ForestDryPoor
1385231,Sanicula europaea,ForestDryPoor
1385232,Sanicula europaea,ForestDryPoor
1387530,Sanicula europaea,ForestDryPoor
1387531,Sanicula europaea,ForestDryPoor
1387532,Sanicula europaea,ForestDryPoor
1389830,Sanicula europaea,ForestDryPoor
1389831,Sanicula europaea,ForestDryPoor
1392130,Sanicula europaea,ForestDryPoor
1401334,Sanicula europaea,ForestDryPoor
1403633,Sanicula europaea,ForestDryPoor
1403634,Sanicula europaea,ForestDryPoor
1405931,Sanicula europaea,ForestDryPoor
1405932,Sanicula europaea,ForestDryPoor
1405933,Sanicula europaea,ForestDryPoor
1405935,Sanicula europaea,ForestDryPoor
1405978,Sanicula europaea,ForestDryPoor
1405979,Sanicula europaea,ForestDryPoor
1405980,Sanicula europaea,ForestDryPoor
1405981,Sanicula europaea,ForestDryPoor
1408231,Sanicula europaea,ForestDryPoor
1408232,Sanicula europaea,ForestDryPoor
1408233,Sanicula europaea,ForestDryPoor
1408235,Sanicula europaea,ForestDryPoor
1408280,Sanicula europaea,ForestDryPoor
1408281,Sanicula europaea,ForestDryPoor
1410532,Sanicula europaea,ForestDryPoor
1410533,Sanicula europaea,ForestDryPoor
1410584,Sanicula europaea,ForestDryPoor
1410585,Sanicula europaea,ForestDryPoor
1412884,Sanicula europaea,ForestDryPoor
1412885,Sanicula europaea,ForestDryPoor
1412887,Sanicula europaea,ForestDryPoor
1414856,Sanicula europaea,ForestDryPoor
1414857,Sanicula europaea,ForestDryPoor
1414859,Sanicula europaea,ForestDryPoor
1415135,Sanicula europaea,ForestDryPoor
1415136,Sanicula europaea,ForestDryPoor
1415137,Sanicula europaea,ForestDryPoor
1415138,Sanicula europaea,ForestDryPoor
1415140,Sanicula europaea,ForestDryPoor
1415141,Sanicula europaea,ForestDryPoor
1415145,Sanicula europaea,ForestDryPoor
1417160,Sanicula europaea,ForestDryPoor
1417434,Sanicula europaea,ForestDryPoor
1417435,Sanicula europaea,ForestDryPoor
1417438,Sanicula europaea,ForestDryPoor
1417439,Sanicula europaea,ForestDryPoor
1417440,Sanicula europaea,ForestDryPoor
1417441,Sanicula europaea,ForestDryPoor
1417449,Sanicula europaea,ForestDryPoor
1417450,Sanicula europaea,ForestDryPoor
1417451,Sanicula europaea,ForestDryPoor
1417452,Sanicula europaea,ForestDryPoor
1417464,Sanicula europaea,ForestDryPoor
1417466,Sanicula europaea,ForestDryPoor
1417490,Sanicula europaea,ForestDryPoor
1419458,Sanicula europaea,ForestDryPoor
1419734,Sanicula europaea,ForestDryPoor
1419735,Sanicula europaea,ForestDryPoor
1419736,Sanicula europaea,ForestDryPoor
1419738,Sanicula europaea,ForestDryPoor
1419741,Sanicula europaea,ForestDryPoor
1419748,Sanicula europaea,ForestDryPoor
1419750,Sanicula europaea,ForestDryPoor
1419751,Sanicula europaea,ForestDryPoor
1419764,Sanicula europaea,ForestDryPoor
1419765,Sanicula europaea,ForestDryPoor
1419766,Sanicula europaea,ForestDryPoor
1419790,Sanicula europaea,ForestDryPoor
1421758,Sanicula europaea,ForestDryPoor
1422034,Sanicula europaea,ForestDryPoor
1422035,Sanicula europaea,ForestDryPoor
1422036,Sanicula europaea,ForestDryPoor
1422037,Sanicula europaea,ForestDryPoor
1422038,Sanicula europaea,ForestDryPoor
1422039,Sanicula europaea,ForestDryPoor
1422040,Sanicula europaea,ForestDryPoor
1422048,Sanicula europaea,ForestDryPoor
1422049,Sanicula europaea,ForestDryPoor
1422050,Sanicula europaea,ForestDryPoor
1422064,Sanicula europaea,ForestDryPoor
1422090,Sanicula europaea,ForestDryPoor
1424334,Sanicula europaea,ForestDryPoor
1424335,Sanicula europaea,ForestDryPoor
1424336,Sanicula europaea,ForestDryPoor
1424337,Sanicula europaea,ForestDryPoor
1426640,Sanicula europaea,ForestDryPoor
1426692,Sanicula europaea,ForestDryPoor
1431243,Sanicula europaea,ForestDryPoor
1431292,Sanicula europaea,ForestDryPoor
1431296,Sanicula europaea,ForestDryPoor
1433539,Sanicula europaea,ForestDryPoor
1433540,Sanicula europaea,ForestDryPoor
1433571,Sanicula europaea,ForestDryPoor
1433596,Sanicula europaea,ForestDryPoor
1435839,Sanicula europaea,ForestDryPoor
1435841,Sanicula europaea,ForestDryPoor
1435842,Sanicula europaea,ForestDryPoor
1435869,Sanicula europaea,ForestDryPoor
1435870,Sanicula europaea,ForestDryPoor
1435895,Sanicula europaea,ForestDryPoor
1438140,Sanicula europaea,ForestDryPoor
1438141,Sanicula europaea,ForestDryPoor
1438170,Sanicula europaea,ForestDryPoor
1440440,Sanicula europaea,ForestDryPoor
1440441,Sanicula europaea,ForestDryPoor
1440442,Sanicula europaea,ForestDryPoor
1440469,Sanicula europaea,ForestDryPoor
1440470,Sanicula europaea,ForestDryPoor
1440472,Sanicula europaea,ForestDryPoor
1442741,Sanicula europaea,ForestDryPoor
1442742,Sanicula europaea,ForestDryPoor
1442769,Sanicula europaea,ForestDryPoor
1442770,Sanicula europaea,ForestDryPoor
1442771,Sanicula europaea,ForestDryPoor
1442772,Sanicula europaea,ForestDryPoor
1442773,Sanicula europaea,ForestDryPoor
1445070,Sanicula europaea,ForestDryPoor
1445071,Sanicula europaea,ForestDryPoor
1445072,Sanicula europaea,ForestDryPoor
1445073,Sanicula europaea,ForestDryPoor
1451684,Sanicula europaea,ForestDryPoor
1451685,Sanicula europaea,ForestDryPoor
1454222,Sanicula europaea,ForestDryPoor
1456285,Sanicula europaea,ForestDryPoor
1456522,Sanicula europaea,ForestDryPoor
1456523,Sanicula europaea,ForestDryPoor
1458820,Sanicula europaea,ForestDryPoor
1458823,Sanicula europaea,ForestDryPoor
1460860,Sanicula europaea,ForestDryPoor
1460861,Sanicula europaea,ForestDryPoor
1461121,Sanicula europaea,ForestDryPoor
1463160,Sanicula europaea,ForestDryPoor
1463161,Sanicula europaea,ForestDryPoor
1463163,Sanicula europaea,ForestDryPoor
1465461,Sanicula europaea,ForestDryPoor
1465738,Sanicula europaea,ForestDryPoor
1465739,Sanicula europaea,ForestDryPoor
1467761,Sanicula europaea,ForestDryPoor
1467762,Sanicula europaea,ForestDryPoor
1468038,Sanicula europaea,ForestDryPoor
1511674,Sanicula europaea,ForestDryPoor
1513975,Sanicula europaea,ForestDryPoor
1516272,Sanicula europaea,ForestDryPoor
1516273,Sanicula europaea,ForestDryPoor
1516274,Sanicula europaea,ForestDryPoor
1516275,Sanicula europaea,ForestDryPoor
1518571,Sanicula europaea,ForestDryPoor
1518575,Sanicula europaea,ForestDryPoor
1606152,Sanicula europaea,ForestDryPoor
1606153,Sanicula europaea,ForestDryPoor
1608249,Sanicula europaea,ForestDryPoor
1610549,Sanicula europaea,ForestDryPoor
1610550,Sanicula europaea,ForestDryPoor
1612847,Sanicula europaea,ForestDryPoor
1612848,Sanicula europaea,ForestDryPoor
1612849,Sanicula europaea,ForestDryPoor
1615147,Sanicula europaea,ForestDryPoor
1615148,Sanicula europaea,ForestDryPoor
1622034,Sanicula europaea,ForestDryPoor
1624332,Sanicula europaea,ForestDryPoor
1624333,Sanicula europaea,ForestDryPoor
1624336,Sanicula europaea,ForestDryPoor
1645280,Sanicula europaea,ForestDryPoor
1647579,Sanicula europaea,ForestDryPoor
1647582,Sanicula europaea,ForestDryPoor
1649883,Sanicula europaea,ForestDryPoor
1652181,Sanicula europaea,ForestDryPoor
1652216,Sanicula europaea,ForestDryPoor
1654480,Sanicula europaea,ForestDryPoor
1654515,Sanicula europaea,ForestDryPoor
1654517,Sanicula europaea,ForestDryPoor
1693378,Sanicula europaea,ForestDryPoor
1695677,Sanicula europaea,ForestDryPoor
1695678,Sanicula europaea,ForestDryPoor
1697975,Sanicula europaea,ForestDryPoor
1697976,Sanicula europaea,ForestDryPoor
1697978,Sanicula europaea,ForestDryPoor
1714391,Sanicula europaea,ForestDryPoor
1718993,Sanicula europaea,ForestDryPoor
1721291,Sanicula europaea,ForestDryPoor
1723592,Sanicula europaea,ForestDryPoor
1736880,Sanicula europaea,ForestDryPoor
1736881,Sanicula europaea,ForestDryPoor
1741476,Sanicula europaea,ForestDryPoor
1746079,Sanicula europaea,ForestDryPoor
1748379,Sanicula europaea,ForestDryPoor
1750677,Sanicula europaea,ForestDryPoor
1750678,Sanicula europaea,ForestDryPoor
1752975,Sanicula europaea,ForestDryPoor
1752976,Sanicula europaea,ForestDryPoor
1752979,Sanicula europaea,ForestDryPoor
1755275,Sanicula europaea,ForestDryPoor
1755276,Sanicula europaea,ForestDryPoor
1755279,Sanicula europaea,ForestDryPoor
1757576,Sanicula europaea,ForestDryPoor
1757577,Sanicula europaea,ForestDryPoor
1757578,Sanicula europaea,ForestDryPoor
1760390,Sanicula europaea,ForestDryPoor
1760391,Sanicula europaea,ForestDryPoor
1762689,Sanicula europaea,ForestDryPoor
1762690,Sanicula europaea,ForestDryPoor
1762691,Sanicula europaea,ForestDryPoor
1762692,Sanicula europaea,ForestDryPoor
1764990,Sanicula europaea,ForestDryPoor
1764992,Sanicula europaea,ForestDryPoor
1764993,Sanicula europaea,ForestDryPoor
1766908,Sanicula europaea,ForestDryPoor
1767289,Sanicula europaea,ForestDryPoor
1767293,Sanicula europaea,ForestDryPoor
1769208,Sanicula europaea,ForestDryPoor
1769209,Sanicula europaea,ForestDryPoor
1769590,Sanicula europaea,ForestDryPoor
1769591,Sanicula europaea,ForestDryPoor
1769592,Sanicula europaea,ForestDryPoor
1771505,Sanicula europaea,ForestDryPoor
1771506,Sanicula europaea,ForestDryPoor
1771509,Sanicula europaea,ForestDryPoor
1773806,Sanicula europaea,ForestDryPoor
1773807,Sanicula europaea,ForestDryPoor
1773808,Sanicula europaea,ForestDryPoor
1792348,Sanicula europaea,ForestDryPoor
1810633,Sanicula europaea,ForestDryPoor
1886646,Sanicula europaea,ForestDryPoor
1888947,Sanicula europaea,ForestDryPoor
1895887,Sanicula europaea,ForestDryPoor
1905064,Sanicula europaea,ForestDryPoor
1905065,Sanicula europaea,ForestDryPoor
1907364,Sanicula europaea,ForestDryPoor
1907365,Sanicula europaea,ForestDryPoor
1907366,Sanicula europaea,ForestDryPoor
2020259,Sanicula europaea,ForestDryPoor
2022357,Sanicula europaea,ForestDryPoor
2022559,Sanicula europaea,ForestDryPoor
2022560,Sanicula europaea,ForestDryPoor
2022561,Sanicula europaea,ForestDryPoor
2022562,Sanicula europaea,ForestDryPoor
2047816,Sanicula europaea,ForestDryPoor
2047817,Sanicula europaea,ForestDryPoor
2047818,Sanicula europaea,ForestDryPoor
2047819,Sanicula europaea,ForestDryPoor
2050114,Sanicula europaea,ForestDryPoor
2050115,Sanicula europaea,ForestDryPoor
2050116,Sanicula europaea,ForestDryPoor
2052414,Sanicula europaea,ForestDryPoor
2052415,Sanicula europaea,ForestDryPoor
2052416,Sanicula europaea,ForestDryPoor
2054714,Sanicula europaea,ForestDryPoor
2054715,Sanicula europaea,ForestDryPoor
2057014,Sanicula europaea,ForestDryPoor
2068339,Sanicula europaea,ForestDryPoor
2072940,Sanicula europaea,ForestDryPoor
2075445,Sanicula europaea,ForestDryPoor
2077745,Sanicula europaea,ForestDryPoor
2079844,Sanicula europaea,ForestDryPoor
2084574,Sanicula europaea,ForestDryPoor
2089174,Sanicula europaea,ForestDryPoor
2153434,Sanicula europaea,ForestDryPoor
2153436,Sanicula europaea,ForestDryPoor
2155716,Sanicula europaea,ForestDryPoor
2155736,Sanicula europaea,ForestDryPoor
2158016,Sanicula europaea,ForestDryPoor
2158017,Sanicula europaea,ForestDryPoor
2158034,Sanicula europaea,ForestDryPoor
2158035,Sanicula europaea,ForestDryPoor
2160314,Sanicula europaea,ForestDryPoor
2160315,Sanicula europaea,ForestDryPoor
2162642,Sanicula europaea,ForestDryPoor
2164942,Sanicula europaea,ForestDryPoor
2167244,Sanicula europaea,ForestDryPoor
2168034,Sanicula europaea,ForestDryPoor
2169542,Sanicula europaea,ForestDryPoor
2169543,Sanicula europaea,ForestDryPoor
2169544,Sanicula europaea,ForestDryPoor
2171842,Sanicula europaea,ForestDryPoor
2171849,Sanicula europaea,ForestDryPoor
2174140,Sanicula europaea,ForestDryPoor
2174141,Sanicula europaea,ForestDryPoor
2174142,Sanicula europaea,ForestDryPoor
2176442,Sanicula europaea,ForestDryPoor
2176443,Sanicula europaea,ForestDryPoor
2176451,Sanicula europaea,ForestDryPoor
2178740,Sanicula europaea,ForestDryPoor
2178749,Sanicula europaea,ForestDryPoor
2181049,Sanicula europaea,ForestDryPoor
2181050,Sanicula europaea,ForestDryPoor
2183350,Sanicula europaea,ForestDryPoor
2192614,Sanicula europaea,ForestDryPoor
2192615,Sanicula europaea,ForestDryPoor
2194914,Sanicula europaea,ForestDryPoor
2194915,Sanicula europaea,ForestDryPoor
2197215,Sanicula europaea,ForestDryPoor
2199517,Sanicula europaea,ForestDryPoor
2199518,Sanicula europaea,ForestDryPoor
2204113,Sanicula europaea,ForestDryPoor
2206411,Sanicula europaea,ForestDryPoor
2206412,Sanicula europaea,ForestDryPoor
2206418,Sanicula europaea,ForestDryPoor
2305184,Sanicula europaea,ForestDryPoor
2307480,Sanicula europaea,ForestDryPoor
2309779,Sanicula europaea,ForestDryPoor
2309787,Sanicula europaea,ForestDryPoor
2314378,Sanicula europaea,ForestDryPoor
2314386,Sanicula europaea,ForestDryPoor
2315031,Sanicula europaea,ForestDryPoor
2315158,Sanicula europaea,ForestDryPoor
2317335,Sanicula europaea,ForestDryPoor
2317336,Sanicula europaea,ForestDryPoor
2317337,Sanicula europaea,ForestDryPoor
2317338,Sanicula europaea,ForestDryPoor
2319633,Sanicula europaea,ForestDryPoor
2319634,Sanicula europaea,ForestDryPoor
2319636,Sanicula europaea,ForestDryPoor
2321278,Sanicula europaea,ForestDryPoor
2321937,Sanicula europaea,ForestDryPoor
2328273,Sanicula europaea,ForestDryPoor
2338079,Sanicula europaea,ForestDryPoor
2346549,Sanicula europaea,ForestDryPoor
2346550,Sanicula europaea,ForestDryPoor
2347431,Sanicula europaea,ForestDryPoor
2348848,Sanicula europaea,ForestDryPoor
2351147,Sanicula europaea,ForestDryPoor
2353451,Sanicula europaea,ForestDryPoor
2353584,Sanicula europaea,ForestDryPoor
2355751,Sanicula europaea,ForestDryPoor
2358048,Sanicula europaea,ForestDryPoor
2358049,Sanicula europaea,ForestDryPoor
2358051,Sanicula europaea,ForestDryPoor
2358052,Sanicula europaea,ForestDryPoor
2360348,Sanicula europaea,ForestDryPoor
2360349,Sanicula europaea,ForestDryPoor
2360352,Sanicula europaea,ForestDryPoor
2362648,Sanicula europaea,ForestDryPoor
2362649,Sanicula europaea,ForestDryPoor
2369561,Sanicula europaea,ForestDryPoor
2374159,Sanicula europaea,ForestDryPoor
2374201,Sanicula europaea,ForestDryPoor
2376460,Sanicula europaea,ForestDryPoor
2378759,Sanicula europaea,ForestDryPoor
2378761,Sanicula europaea,ForestDryPoor
2381898,Sanicula europaea,ForestDryPoor
2384196,Sanicula europaea,ForestDryPoor
2386512,Sanicula europaea,ForestDryPoor
2414117,Sanicula europaea,ForestDryPoor
2416417,Sanicula europaea,ForestDryPoor
2425619,Sanicula europaea,ForestDryPoor
2425620,Sanicula europaea,ForestDryPoor
2427920,Sanicula europaea,ForestDryPoor
2430220,Sanicula europaea,ForestDryPoor
2439266,Sanicula europaea,ForestDryPoor
2441564,Sanicula europaea,ForestDryPoor
2443864,Sanicula europaea,ForestDryPoor
2443865,Sanicula europaea,ForestDryPoor
2446164,Sanicula europaea,ForestDryPoor
2448464,Sanicula europaea,ForestDryPoor
2455523,Sanicula europaea,ForestDryPoor
2457083,Sanicula europaea,ForestDryPoor
2459321,Sanicula europaea,ForestDryPoor
2459384,Sanicula europaea,ForestDryPoor
2461680,Sanicula europaea,ForestDryPoor
2463983,Sanicula europaea,ForestDryPoor
2464725,Sanicula europaea,ForestDryPoor
2466283,Sanicula europaea,ForestDryPoor
2466284,Sanicula europaea,ForestDryPoor
2489967,Sanicula europaea,ForestDryPoor
2492268,Sanicula europaea,ForestDryPoor
2494567,Sanicula europaea,ForestDryPoor
2494568,Sanicula europaea,ForestDryPoor
2494573,Sanicula europaea,ForestDryPoor
2496870,Sanicula europaea,ForestDryPoor
2499171,Sanicula europaea,ForestDryPoor
2510004,Sanicula europaea,ForestDryPoor
2514996,Sanicula europaea,ForestDryPoor
2514997,Sanicula europaea,ForestDryPoor
2517296,Sanicula europaea,ForestDryPoor
2519595,Sanicula europaea,ForestDryPoor
2519596,Sanicula europaea,ForestDryPoor
2519597,Sanicula europaea,ForestDryPoor
2556383,Sanicula europaea,ForestDryPoor
2556384,Sanicula europaea,ForestDryPoor
2558683,Sanicula europaea,ForestDryPoor
2558684,Sanicula europaea,ForestDryPoor
2563284,Sanicula europaea,ForestDryPoor
2563285,Sanicula europaea,ForestDryPoor
2565584,Sanicula europaea,ForestDryPoor
2601729,Sanicula europaea,ForestDryPoor
2601730,Sanicula europaea,ForestDryPoor
2604029,Sanicula europaea,ForestDryPoor
2604030,Sanicula europaea,ForestDryPoor
2613231,Sanicula europaea,ForestDryPoor
2617898,Sanicula europaea,ForestDryPoor
2620129,Sanicula europaea,ForestDryPoor
2622498,Sanicula europaea,ForestDryPoor
2622748,Sanicula europaea,ForestDryPoor
2622749,Sanicula europaea,ForestDryPoor
2624797,Sanicula europaea,ForestDryPoor
2625047,Sanicula europaea,ForestDryPoor
2627348,Sanicula europaea,ForestDryPoor
2627655,Sanicula europaea,ForestDryPoor
2627656,Sanicula europaea,ForestDryPoor
2629648,Sanicula europaea,ForestDryPoor
2629955,Sanicula europaea,ForestDryPoor
2629956,Sanicula europaea,ForestDryPoor
2631947,Sanicula europaea,ForestDryPoor
2631948,Sanicula europaea,ForestDryPoor
2632254,Sanicula europaea,ForestDryPoor
2632255,Sanicula europaea,ForestDryPoor
2632256,Sanicula europaea,ForestDryPoor
2632257,Sanicula europaea,ForestDryPoor
2632258,Sanicula europaea,ForestDryPoor
2634246,Sanicula europaea,ForestDryPoor
2634247,Sanicula europaea,ForestDryPoor
2634554,Sanicula europaea,ForestDryPoor
2636545,Sanicula europaea,ForestDryPoor
2636546,Sanicula europaea,ForestDryPoor
2636729,Sanicula europaea,ForestDryPoor
2638604,Sanicula europaea,ForestDryPoor
2639027,Sanicula europaea,ForestDryPoor
2639028,Sanicula europaea,ForestDryPoor
2639029,Sanicula europaea,ForestDryPoor
2639030,Sanicula europaea,ForestDryPoor
2640907,Sanicula europaea,ForestDryPoor
2640908,Sanicula europaea,ForestDryPoor
2641329,Sanicula europaea,ForestDryPoor
2641330,Sanicula europaea,ForestDryPoor
2641331,Sanicula europaea,ForestDryPoor
2641332,Sanicula europaea,ForestDryPoor
2643099,Sanicula europaea,ForestDryPoor
2643100,Sanicula europaea,ForestDryPoor
2643101,Sanicula europaea,ForestDryPoor
2643204,Sanicula europaea,ForestDryPoor
2643630,Sanicula europaea,ForestDryPoor
2643631,Sanicula europaea,ForestDryPoor
2643632,Sanicula europaea,ForestDryPoor
2643633,Sanicula europaea,ForestDryPoor
2645933,Sanicula europaea,ForestDryPoor
2645955,Sanicula europaea,ForestDryPoor
2661731,Sanicula europaea,ForestDryPoor
2686934,Sanicula europaea,ForestDryPoor
2686935,Sanicula europaea,ForestDryPoor
2689235,Sanicula europaea,ForestDryPoor
2689259,Sanicula europaea,ForestDryPoor
2689261,Sanicula europaea,ForestDryPoor
2689262,Sanicula europaea,ForestDryPoor
2691562,Sanicula europaea,ForestDryPoor
2692221,Sanicula europaea,ForestDryPoor
2693859,Sanicula europaea,ForestDryPoor
2693861,Sanicula europaea,ForestDryPoor
2693862,Sanicula europaea,ForestDryPoor
2696161,Sanicula europaea,ForestDryPoor
2696162,Sanicula europaea,ForestDryPoor
2700760,Sanicula europaea,ForestDryPoor
2700761,Sanicula europaea,ForestDryPoor
2700762,Sanicula europaea,ForestDryPoor
2703061,Sanicula europaea,ForestDryPoor
2705364,Sanicula europaea,ForestDryPoor
2709966,Sanicula europaea,ForestDryPoor
2709967,Sanicula europaea,ForestDryPoor
2709970,Sanicula europaea,ForestDryPoor
2709990,Sanicula europaea,ForestDryPoor
2709991,Sanicula europaea,ForestDryPoor
2712293,Sanicula europaea,ForestDryPoor
2714598,Sanicula europaea,ForestDryPoor
2716884,Sanicula europaea,ForestDryPoor
2719139,Sanicula europaea,ForestDryPoor
2721491,Sanicula europaea,ForestDryPoor
2721492,Sanicula europaea,ForestDryPoor
2723776,Sanicula europaea,ForestDryPoor
2723790,Sanicula europaea,ForestDryPoor
2723791,Sanicula europaea,ForestDryPoor
2726090,Sanicula europaea,ForestDryPoor
2726580,Sanicula europaea,ForestDryPoor
2726630,Sanicula europaea,ForestDryPoor
2726631,Sanicula europaea,ForestDryPoor
2728880,Sanicula europaea,ForestDryPoor
2730555,Sanicula europaea,ForestDryPoor
2730556,Sanicula europaea,ForestDryPoor
2730698,Sanicula europaea,ForestDryPoor
2732856,Sanicula europaea,ForestDryPoor
2733537,Sanicula europaea,ForestDryPoor
2735155,Sanicula europaea,ForestDryPoor
2737457,Sanicula europaea,ForestDryPoor
2739745,Sanicula europaea,ForestDryPoor
2739746,Sanicula europaea,ForestDryPoor
2739798,Sanicula europaea,ForestDryPoor
2739800,Sanicula europaea,ForestDryPoor
2739801,Sanicula europaea,ForestDryPoor
2739812,Sanicula europaea,ForestDryPoor
2742046,Sanicula europaea,ForestDryPoor
2742049,Sanicula europaea,ForestDryPoor
2742109,Sanicula europaea,ForestDryPoor
2744403,Sanicula europaea,ForestDryPoor
2744404,Sanicula europaea,ForestDryPoor
2744406,Sanicula europaea,ForestDryPoor
2744409,Sanicula europaea,ForestDryPoor
2746645,Sanicula europaea,ForestDryPoor
2746646,Sanicula europaea,ForestDryPoor
2746702,Sanicula europaea,ForestDryPoor
2746709,Sanicula europaea,ForestDryPoor
2746710,Sanicula europaea,ForestDryPoor
2746757,Sanicula europaea,ForestDryPoor
2749004,Sanicula europaea,ForestDryPoor
2751878,Sanicula europaea,ForestDryPoor
2751879,Sanicula europaea,ForestDryPoor
2752017,Sanicula europaea,ForestDryPoor
2753601,Sanicula europaea,ForestDryPoor
2756476,Sanicula europaea,ForestDryPoor
2756477,Sanicula europaea,ForestDryPoor
2758777,Sanicula europaea,ForestDryPoor
2767974,Sanicula europaea,ForestDryPoor
2767975,Sanicula europaea,ForestDryPoor
2770290,Sanicula europaea,ForestDryPoor
2772585,Sanicula europaea,ForestDryPoor
2774877,Sanicula europaea,ForestDryPoor
2774885,Sanicula europaea,ForestDryPoor
2774886,Sanicula europaea,ForestDryPoor
2774889,Sanicula europaea,ForestDryPoor
2777176,Sanicula europaea,ForestDryPoor
2777177,Sanicula europaea,ForestDryPoor
2777190,Sanicula europaea,ForestDryPoor
2779476,Sanicula europaea,ForestDryPoor
2779484,Sanicula europaea,ForestDryPoor
2781787,Sanicula europaea,ForestDryPoor
2790980,Sanicula europaea,ForestDryPoor
2793281,Sanicula europaea,ForestDryPoor
2795581,Sanicula europaea,ForestDryPoor
2797878,Sanicula europaea,ForestDryPoor
2797879,Sanicula europaea,ForestDryPoor
2797881,Sanicula europaea,ForestDryPoor
2800181,Sanicula europaea,ForestDryPoor
2801969,Sanicula europaea,ForestDryPoor
2804169,Sanicula europaea,ForestDryPoor
2804230,Sanicula europaea,ForestDryPoor
2814018,Sanicula europaea,ForestDryPoor
2823340,Sanicula europaea,ForestDryPoor
2825640,Sanicula europaea,ForestDryPoor
2837131,Sanicula europaea,ForestDryPoor
2839432,Sanicula europaea,ForestDryPoor
2841732,Sanicula europaea,ForestDryPoor
2850942,Sanicula europaea,ForestDryPoor
2853240,Sanicula europaea,ForestDryPoor
2855541,Sanicula europaea,ForestDryPoor
2867038,Sanicula europaea,ForestDryPoor
2867041,Sanicula europaea,ForestDryPoor
2869341,Sanicula europaea,ForestDryPoor
2871096,Sanicula europaea,ForestDryPoor
2871097,Sanicula europaea,ForestDryPoor
2871641,Sanicula europaea,ForestDryPoor
2873801,Sanicula europaea,ForestDryPoor
2873803,Sanicula europaea,ForestDryPoor
2873804,Sanicula europaea,ForestDryPoor
2876101,Sanicula europaea,ForestDryPoor
2878057,Sanicula europaea,ForestDryPoor
2878405,Sanicula europaea,ForestDryPoor
2880357,Sanicula europaea,ForestDryPoor
2882657,Sanicula europaea,ForestDryPoor
2882658,Sanicula europaea,ForestDryPoor
2884956,Sanicula europaea,ForestDryPoor
2884957,Sanicula europaea,ForestDryPoor
2889392,Sanicula europaea,ForestDryPoor
2889393,Sanicula europaea,ForestDryPoor
2903810,Sanicula europaea,ForestDryPoor
2926015,Sanicula europaea,ForestDryPoor
2928314,Sanicula europaea,ForestDryPoor
2930614,Sanicula europaea,ForestDryPoor
2930658,Sanicula europaea,ForestDryPoor
2932952,Sanicula europaea,ForestDryPoor
2932953,Sanicula europaea,ForestDryPoor
2932954,Sanicula europaea,ForestDryPoor
2932956,Sanicula europaea,ForestDryPoor
2933715,Sanicula europaea,ForestDryPoor
2933721,Sanicula europaea,ForestDryPoor
2935251,Sanicula europaea,ForestDryPoor
2935252,Sanicula europaea,ForestDryPoor
2935253,Sanicula europaea,ForestDryPoor
2935255,Sanicula europaea,ForestDryPoor
2936015,Sanicula europaea,ForestDryPoor
2937551,Sanicula europaea,ForestDryPoor
2937552,Sanicula europaea,ForestDryPoor
2937739,Sanicula europaea,ForestDryPoor
2937740,Sanicula europaea,ForestDryPoor
2937742,Sanicula europaea,ForestDryPoor
2937743,Sanicula europaea,ForestDryPoor
2938321,Sanicula europaea,ForestDryPoor
2939815,Sanicula europaea,ForestDryPoor
2939816,Sanicula europaea,ForestDryPoor
2939851,Sanicula europaea,ForestDryPoor
2939852,Sanicula europaea,ForestDryPoor
2939855,Sanicula europaea,ForestDryPoor
2939884,Sanicula europaea,ForestDryPoor
2939885,Sanicula europaea,ForestDryPoor
2940039,Sanicula europaea,ForestDryPoor
2940040,Sanicula europaea,ForestDryPoor
2940042,Sanicula europaea,ForestDryPoor
2942152,Sanicula europaea,ForestDryPoor
2942340,Sanicula europaea,ForestDryPoor
2942920,Sanicula europaea,ForestDryPoor
2944425,Sanicula europaea,ForestDryPoor
2944552,Sanicula europaea,ForestDryPoor
2944553,Sanicula europaea,ForestDryPoor
2944554,Sanicula europaea,ForestDryPoor
2946711,Sanicula europaea,ForestDryPoor
2946712,Sanicula europaea,ForestDryPoor
2946724,Sanicula europaea,ForestDryPoor
2946727,Sanicula europaea,ForestDryPoor
2946852,Sanicula europaea,ForestDryPoor
2946853,Sanicula europaea,ForestDryPoor
2946854,Sanicula europaea,ForestDryPoor
2947611,Sanicula europaea,ForestDryPoor
2947612,Sanicula europaea,ForestDryPoor
2949012,Sanicula europaea,ForestDryPoor
2949024,Sanicula europaea,ForestDryPoor
2949025,Sanicula europaea,ForestDryPoor
2949026,Sanicula europaea,ForestDryPoor
2949027,Sanicula europaea,ForestDryPoor
2949028,Sanicula europaea,ForestDryPoor
2949155,Sanicula europaea,ForestDryPoor
2949913,Sanicula europaea,ForestDryPoor
2951324,Sanicula europaea,ForestDryPoor
2951325,Sanicula europaea,ForestDryPoor
2951327,Sanicula europaea,ForestDryPoor
2951328,Sanicula europaea,ForestDryPoor
2953624,Sanicula europaea,ForestDryPoor
2953625,Sanicula europaea,ForestDryPoor
2953626,Sanicula europaea,ForestDryPoor
2953627,Sanicula europaea,ForestDryPoor
2953648,Sanicula europaea,ForestDryPoor
2953649,Sanicula europaea,ForestDryPoor
2958246,Sanicula europaea,ForestDryPoor
2958247,Sanicula europaea,ForestDryPoor
2961228,Sanicula europaea,ForestDryPoor
2963528,Sanicula europaea,ForestDryPoor
2983875,Sanicula europaea,ForestDryPoor
2983876,Sanicula europaea,ForestDryPoor
2983878,Sanicula europaea,ForestDryPoor
2984274,Sanicula europaea,ForestDryPoor
2986176,Sanicula europaea,ForestDryPoor
2986177,Sanicula europaea,ForestDryPoor
2986178,Sanicula europaea,ForestDryPoor
2988477,Sanicula europaea,ForestDryPoor
3004949,Sanicula europaea,ForestDryPoor
3005065,Sanicula europaea,ForestDryPoor
3005104,Sanicula europaea,ForestDryPoor
3007249,Sanicula europaea,ForestDryPoor
3007365,Sanicula europaea,ForestDryPoor
3009549,Sanicula europaea,ForestDryPoor
3011849,Sanicula europaea,ForestDryPoor
3014148,Sanicula europaea,ForestDryPoor
3024865,Sanicula europaea,ForestDryPoor
3024866,Sanicula europaea,ForestDryPoor
3027164,Sanicula europaea,ForestDryPoor
3027167,Sanicula europaea,ForestDryPoor
3029464,Sanicula europaea,ForestDryPoor
3029465,Sanicula europaea,ForestDryPoor
3029466,Sanicula europaea,ForestDryPoor
3029467,Sanicula europaea,ForestDryPoor
3031764,Sanicula europaea,ForestDryPoor
3031765,Sanicula europaea,ForestDryPoor
3031767,Sanicula europaea,ForestDryPoor
3031768,Sanicula europaea,ForestDryPoor
3034064,Sanicula europaea,ForestDryPoor
3034065,Sanicula europaea,ForestDryPoor
3034066,Sanicula europaea,ForestDryPoor
3034067,Sanicula europaea,ForestDryPoor
3047364,Sanicula europaea,ForestDryPoor
3047365,Sanicula europaea,ForestDryPoor
3047366,Sanicula europaea,ForestDryPoor
3049664,Sanicula europaea,ForestDryPoor
3049665,Sanicula europaea,ForestDryPoor
3049666,Sanicula europaea,ForestDryPoor
3051963,Sanicula europaea,ForestDryPoor
3051964,Sanicula europaea,ForestDryPoor
3051965,Sanicula europaea,ForestDryPoor
3051966,Sanicula europaea,ForestDryPoor
3052450,Sanicula europaea,ForestDryPoor
3054263,Sanicula europaea,ForestDryPoor
3054264,Sanicula europaea,ForestDryPoor
3054265,Sanicula europaea,ForestDryPoor
3054748,Sanicula europaea,ForestDryPoor
3054749,Sanicula europaea,ForestDryPoor
3054750,Sanicula europaea,ForestDryPoor
3054752,Sanicula europaea,ForestDryPoor
3057048,Sanicula europaea,ForestDryPoor
3059348,Sanicula europaea,ForestDryPoor
3059349,Sanicula europaea,ForestDryPoor
3061160,Sanicula europaea,ForestDryPoor
3061161,Sanicula europaea,ForestDryPoor
3061649,Sanicula europaea,ForestDryPoor
3061650,Sanicula europaea,ForestDryPoor
3062387,Sanicula europaea,ForestDryPoor
3063460,Sanicula europaea,ForestDryPoor
3063462,Sanicula europaea,ForestDryPoor
3063463,Sanicula europaea,ForestDryPoor
3065760,Sanicula europaea,ForestDryPoor
3065761,Sanicula europaea,ForestDryPoor
3065765,Sanicula europaea,ForestDryPoor
3068061,Sanicula europaea,ForestDryPoor
3068064,Sanicula europaea,ForestDryPoor
3068065,Sanicula europaea,ForestDryPoor
3070363,Sanicula europaea,ForestDryPoor
3070364,Sanicula europaea,ForestDryPoor
3070365,Sanicula europaea,ForestDryPoor
3070852,Sanicula europaea,ForestDryPoor
3070853,Sanicula europaea,ForestDryPoor
3072665,Sanicula europaea,ForestDryPoor
3073152,Sanicula europaea,ForestDryPoor
3073153,Sanicula europaea,ForestDryPoor
3074962,Sanicula europaea,ForestDryPoor
3074963,Sanicula europaea,ForestDryPoor
3075451,Sanicula europaea,ForestDryPoor
3075452,Sanicula europaea,ForestDryPoor
3075453,Sanicula europaea,ForestDryPoor
3075767,Sanicula europaea,ForestDryPoor
3077261,Sanicula europaea,ForestDryPoor
3077262,Sanicula europaea,ForestDryPoor
3077752,Sanicula europaea,ForestDryPoor
3077753,Sanicula europaea,ForestDryPoor
3080053,Sanicula europaea,ForestDryPoor
3083158,Sanicula europaea,ForestDryPoor
3084169,Sanicula europaea,ForestDryPoor
3085458,Sanicula europaea,ForestDryPoor
3086472,Sanicula europaea,ForestDryPoor
3086473,Sanicula europaea,ForestDryPoor
3088764,Sanicula europaea,ForestDryPoor
3088772,Sanicula europaea,ForestDryPoor
3088773,Sanicula europaea,ForestDryPoor
3091063,Sanicula europaea,ForestDryPoor
3091065,Sanicula europaea,ForestDryPoor
3091070,Sanicula europaea,ForestDryPoor
3093365,Sanicula europaea,ForestDryPoor
3094656,Sanicula europaea,ForestDryPoor
3095659,Sanicula europaea,ForestDryPoor
3097959,Sanicula europaea,ForestDryPoor
3097960,Sanicula europaea,ForestDryPoor
3098494,Sanicula europaea,ForestDryPoor
3100259,Sanicula europaea,ForestDryPoor
3100794,Sanicula europaea,ForestDryPoor
3100795,Sanicula europaea,ForestDryPoor
3102558,Sanicula europaea,ForestDryPoor
3102559,Sanicula europaea,ForestDryPoor
3103095,Sanicula europaea,ForestDryPoor
3103096,Sanicula europaea,ForestDryPoor
3105502,Sanicula europaea,ForestDryPoor
3105504,Sanicula europaea,ForestDryPoor
3107801,Sanicula europaea,ForestDryPoor
3117146,Sanicula europaea,ForestDryPoor
3117335,Sanicula europaea,ForestDryPoor
3117336,Sanicula europaea,ForestDryPoor
3119447,Sanicula europaea,ForestDryPoor
3121934,Sanicula europaea,ForestDryPoor
3121935,Sanicula europaea,ForestDryPoor
3121936,Sanicula europaea,ForestDryPoor
3128626,Sanicula europaea,ForestDryPoor
3130927,Sanicula europaea,ForestDryPoor
3132497,Sanicula europaea,ForestDryPoor
3133226,Sanicula europaea,ForestDryPoor
3133227,Sanicula europaea,ForestDryPoor
3134795,Sanicula europaea,ForestDryPoor
3134796,Sanicula europaea,ForestDryPoor
3134797,Sanicula europaea,ForestDryPoor
3134798,Sanicula europaea,ForestDryPoor
3135526,Sanicula europaea,ForestDryPoor
3135527,Sanicula europaea,ForestDryPoor
3135528,Sanicula europaea,ForestDryPoor
3137096,Sanicula europaea,ForestDryPoor
3137099,Sanicula europaea,ForestDryPoor
3137827,Sanicula europaea,ForestDryPoor
3139396,Sanicula europaea,ForestDryPoor
3139398,Sanicula europaea,ForestDryPoor
3139865,Sanicula europaea,ForestDryPoor
3139866,Sanicula europaea,ForestDryPoor
3139869,Sanicula europaea,ForestDryPoor
3141697,Sanicula europaea,ForestDryPoor
3142166,Sanicula europaea,ForestDryPoor
3142168,Sanicula europaea,ForestDryPoor
3142631,Sanicula europaea,ForestDryPoor
3144466,Sanicula europaea,ForestDryPoor
3144467,Sanicula europaea,ForestDryPoor
3144468,Sanicula europaea,ForestDryPoor
3144469,Sanicula europaea,ForestDryPoor
3144600,Sanicula europaea,ForestDryPoor
3144930,Sanicula europaea,ForestDryPoor
3144932,Sanicula europaea,ForestDryPoor
3144933,Sanicula europaea,ForestDryPoor
3146758,Sanicula europaea,ForestDryPoor
3147227,Sanicula europaea,ForestDryPoor
3147231,Sanicula europaea,ForestDryPoor
3149199,Sanicula europaea,ForestDryPoor
3163034,Sanicula europaea,ForestDryPoor
3165644,Sanicula europaea,ForestDryPoor
3167722,Sanicula europaea,ForestDryPoor
3167723,Sanicula europaea,ForestDryPoor
3170023,Sanicula europaea,ForestDryPoor
3170024,Sanicula europaea,ForestDryPoor
3171640,Sanicula europaea,ForestDryPoor
3174843,Sanicula europaea,ForestDryPoor
3192749,Sanicula europaea,ForestDryPoor
3192750,Sanicula europaea,ForestDryPoor
3195051,Sanicula europaea,ForestDryPoor
3195052,Sanicula europaea,ForestDryPoor
3196018,Sanicula europaea,ForestDryPoor
3197863,Sanicula europaea,ForestDryPoor
3198318,Sanicula europaea,ForestDryPoor
3212085,Sanicula europaea,ForestDryPoor
3220810,Sanicula europaea,ForestDryPoor
3225413,Sanicula europaea,ForestDryPoor
3235079,Sanicula europaea,ForestDryPoor
3235080,Sanicula europaea,ForestDryPoor
3239182,Sanicula europaea,ForestDryPoor
3241481,Sanicula europaea,ForestDryPoor
3241482,Sanicula europaea,ForestDryPoor
3247507,Sanicula europaea,ForestDryPoor
3249807,Sanicula europaea,ForestDryPoor
3252105,Sanicula europaea,ForestDryPoor
3268597,Sanicula europaea,ForestDryPoor
3270896,Sanicula europaea,ForestDryPoor
3270897,Sanicula europaea,ForestDryPoor
3270898,Sanicula europaea,ForestDryPoor
3271830,Sanicula europaea,ForestDryPoor
3271831,Sanicula europaea,ForestDryPoor
3273194,Sanicula europaea,ForestDryPoor
3273195,Sanicula europaea,ForestDryPoor
3273197,Sanicula europaea,ForestDryPoor
3273198,Sanicula europaea,ForestDryPoor
3274130,Sanicula europaea,ForestDryPoor
3274131,Sanicula europaea,ForestDryPoor
3275494,Sanicula europaea,ForestDryPoor
3275495,Sanicula europaea,ForestDryPoor
3275496,Sanicula europaea,ForestDryPoor
3275497,Sanicula europaea,ForestDryPoor
3276431,Sanicula europaea,ForestDryPoor
3280495,Sanicula europaea,ForestDryPoor
3287395,Sanicula europaea,ForestDryPoor
3298174,Sanicula europaea,ForestDryPoor
3298175,Sanicula europaea,ForestDryPoor
3300472,Sanicula europaea,ForestDryPoor
3302773,Sanicula europaea,ForestDryPoor
3302774,Sanicula europaea,ForestDryPoor
3302775,Sanicula europaea,ForestDryPoor
3302779,Sanicula europaea,ForestDryPoor
3311866,Sanicula europaea,ForestDryPoor
3311869,Sanicula europaea,ForestDryPoor
3311870,Sanicula europaea,ForestDryPoor
3314166,Sanicula europaea,ForestDryPoor
3314174,Sanicula europaea,ForestDryPoor
3314175,Sanicula europaea,ForestDryPoor
3314176,Sanicula europaea,ForestDryPoor
3316477,Sanicula europaea,ForestDryPoor
3321073,Sanicula europaea,ForestDryPoor
3321075,Sanicula europaea,ForestDryPoor
3321076,Sanicula europaea,ForestDryPoor
3323371,Sanicula europaea,ForestDryPoor
3323372,Sanicula europaea,ForestDryPoor
3356378,Sanicula europaea,ForestDryPoor
3356380,Sanicula europaea,ForestDryPoor
3356381,Sanicula europaea,ForestDryPoor
3358677,Sanicula europaea,ForestDryPoor
3358678,Sanicula europaea,ForestDryPoor
3358680,Sanicula europaea,ForestDryPoor
3360977,Sanicula europaea,ForestDryPoor
3360978,Sanicula europaea,ForestDryPoor
3363278,Sanicula europaea,ForestDryPoor
3372652,Sanicula europaea,ForestDryPoor
3379550,Sanicula europaea,ForestDryPoor
3387857,Sanicula europaea,ForestDryPoor
3387858,Sanicula europaea,ForestDryPoor
3388679,Sanicula europaea,ForestDryPoor
3388681,Sanicula europaea,ForestDryPoor
3388682,Sanicula europaea,ForestDryPoor
3390158,Sanicula europaea,ForestDryPoor
3392457,Sanicula europaea,ForestDryPoor
3392960,Sanicula europaea,ForestDryPoor
3395260,Sanicula europaea,ForestDryPoor
3395261,Sanicula europaea,ForestDryPoor
3409370,Sanicula europaea,ForestDryPoor
3409371,Sanicula europaea,ForestDryPoor
3411671,Sanicula europaea,ForestDryPoor
3411673,Sanicula europaea,ForestDryPoor
3416161,Sanicula europaea,ForestDryPoor
3416162,Sanicula europaea,ForestDryPoor
3418151,Sanicula europaea,ForestDryPoor
3418152,Sanicula europaea,ForestDryPoor
3420451,Sanicula europaea,ForestDryPoor
3420452,Sanicula europaea,ForestDryPoor
3420453,Sanicula europaea,ForestDryPoor
3425049,Sanicula europaea,ForestDryPoor
3425050,Sanicula europaea,ForestDryPoor
3425052,Sanicula europaea,ForestDryPoor
3430077,Sanicula europaea,ForestDryPoor
3434649,Sanicula europaea,ForestDryPoor
3434686,Sanicula europaea,ForestDryPoor
3436952,Sanicula europaea,ForestDryPoor
3439252,Sanicula europaea,ForestDryPoor
3441663,Sanicula europaea,ForestDryPoor
3443963,Sanicula europaea,ForestDryPoor
3443964,Sanicula europaea,ForestDryPoor
3446266,Sanicula europaea,ForestDryPoor
3448562,Sanicula europaea,ForestDryPoor
3448566,Sanicula europaea,ForestDryPoor
3450830,Sanicula europaea,ForestDryPoor
3484810,Sanicula europaea,ForestDryPoor
3487109,Sanicula europaea,ForestDryPoor
3489410,Sanicula europaea,ForestDryPoor
3489413,Sanicula europaea,ForestDryPoor
3491710,Sanicula europaea,ForestDryPoor
3491712,Sanicula europaea,ForestDryPoor
3491713,Sanicula europaea,ForestDryPoor
3494010,Sanicula europaea,ForestDryPoor
3526376,Sanicula europaea,ForestDryPoor
3531793,Sanicula europaea,ForestDryPoor
3531794,Sanicula europaea,ForestDryPoor
3534092,Sanicula europaea,ForestDryPoor
3534093,Sanicula europaea,ForestDryPoor
3534095,Sanicula europaea,ForestDryPoor
3534096,Sanicula europaea,ForestDryPoor
3536394,Sanicula europaea,ForestDryPoor
3536395,Sanicula europaea,ForestDryPoor
3536396,Sanicula europaea,ForestDryPoor
3538692,Sanicula europaea,ForestDryPoor
3538693,Sanicula europaea,ForestDryPoor
3538694,Sanicula europaea,ForestDryPoor
3538696,Sanicula europaea,ForestDryPoor
3540993,Sanicula europaea,ForestDryPoor
3540994,Sanicula europaea,ForestDryPoor
3548064,Sanicula europaea,ForestDryPoor
3550364,Sanicula europaea,ForestDryPoor
3550365,Sanicula europaea,ForestDryPoor
3552663,Sanicula europaea,ForestDryPoor
3552664,Sanicula europaea,ForestDryPoor
3552665,Sanicula europaea,ForestDryPoor
3554963,Sanicula europaea,ForestDryPoor
3554965,Sanicula europaea,ForestDryPoor
3557262,Sanicula europaea,ForestDryPoor
3557263,Sanicula europaea,ForestDryPoor
3557264,Sanicula europaea,ForestDryPoor
3566455,Sanicula europaea,ForestDryPoor
3567628,Sanicula europaea,ForestDryPoor
3568756,Sanicula europaea,ForestDryPoor
3569927,Sanicula europaea,ForestDryPoor
3569928,Sanicula europaea,ForestDryPoor
3569929,Sanicula europaea,ForestDryPoor
3569930,Sanicula europaea,ForestDryPoor
3570925,Sanicula europaea,ForestDryPoor
3572227,Sanicula europaea,ForestDryPoor
3572229,Sanicula europaea,ForestDryPoor
3572230,Sanicula europaea,ForestDryPoor
3572367,Sanicula europaea,ForestDryPoor
3572368,Sanicula europaea,ForestDryPoor
3574528,Sanicula europaea,ForestDryPoor
3574529,Sanicula europaea,ForestDryPoor
3574530,Sanicula europaea,ForestDryPoor
3574668,Sanicula europaea,ForestDryPoor
3580255,Sanicula europaea,ForestDryPoor
3580256,Sanicula europaea,ForestDryPoor
3581570,Sanicula europaea,ForestDryPoor
3582561,Sanicula europaea,ForestDryPoor
3583869,Sanicula europaea,ForestDryPoor
3584865,Sanicula europaea,ForestDryPoor
3587165,Sanicula europaea,ForestDryPoor
3587166,Sanicula europaea,ForestDryPoor
3587169,Sanicula europaea,ForestDryPoor
3612221,Sanicula europaea,ForestDryPoor
3613832,Sanicula europaea,ForestDryPoor
3650568,Sanicula europaea,ForestDryPoor
3652869,Sanicula europaea,ForestDryPoor
3655168,Sanicula europaea,ForestDryPoor
3655169,Sanicula europaea,ForestDryPoor
3657469,Sanicula europaea,ForestDryPoor
3694314,Sanicula europaea,ForestDryPoor
3698912,Sanicula europaea,ForestDryPoor
3701213,Sanicula europaea,ForestDryPoor
3835337,Sanicula europaea,ForestDryPoor
3895140,Sanicula europaea,ForestDryPoor
3895141,Sanicula europaea,ForestDryPoor
3895142,Sanicula europaea,ForestDryPoor
3897441,Sanicula europaea,ForestDryPoor
3897442,Sanicula europaea,ForestDryPoor
3897443,Sanicula europaea,ForestDryPoor
3899744,Sanicula europaea,ForestDryPoor
3920437,Sanicula europaea,ForestDryPoor
3922737,Sanicula europaea,ForestDryPoor
