419281,Stellaria nemorum,ForestDryPoor
421581,Stellaria nemorum,ForestDryPoor
423881,Stellaria nemorum,ForestDryPoor
423882,Stellaria nemorum,ForestDryPoor
488380,Stellaria nemorum,ForestDryPoor
488381,Stellaria nemorum,ForestDryPoor
490677,Stellaria nemorum,ForestDryPoor
490681,Stellaria nemorum,ForestDryPoor
492981,Stellaria nemorum,ForestDryPoor
492982,Stellaria nemorum,ForestDryPoor
495280,Stellaria nemorum,ForestDryPoor
495281,Stellaria nemorum,ForestDryPoor
495282,Stellaria nemorum,ForestDryPoor
497576,Stellaria nemorum,ForestDryPoor
497578,Stellaria nemorum,ForestDryPoor
497579,Stellaria nemorum,ForestDryPoor
497580,Stellaria nemorum,ForestDryPoor
499878,Stellaria nemorum,ForestDryPoor
587195,Stellaria nemorum,ForestDryPoor
589495,Stellaria nemorum,ForestDryPoor
589496,Stellaria nemorum,ForestDryPoor
589497,Stellaria nemorum,ForestDryPoor
591796,Stellaria nemorum,ForestDryPoor
591797,Stellaria nemorum,ForestDryPoor
591798,Stellaria nemorum,ForestDryPoor
591887,Stellaria nemorum,ForestDryPoor
594096,Stellaria nemorum,ForestDryPoor
594097,Stellaria nemorum,ForestDryPoor
594098,Stellaria nemorum,ForestDryPoor
596396,Stellaria nemorum,ForestDryPoor
596397,Stellaria nemorum,ForestDryPoor
702256,Stellaria nemorum,ForestDryPoor
704554,Stellaria nemorum,ForestDryPoor
704555,Stellaria nemorum,ForestDryPoor
704556,Stellaria nemorum,ForestDryPoor
704557,Stellaria nemorum,ForestDryPoor
706854,Stellaria nemorum,ForestDryPoor
706855,Stellaria nemorum,ForestDryPoor
706856,Stellaria nemorum,ForestDryPoor
706857,Stellaria nemorum,ForestDryPoor
706858,Stellaria nemorum,ForestDryPoor
709155,Stellaria nemorum,ForestDryPoor
711454,Stellaria nemorum,ForestDryPoor
711455,Stellaria nemorum,ForestDryPoor
725221,Stellaria nemorum,ForestDryPoor
727520,Stellaria nemorum,ForestDryPoor
727521,Stellaria nemorum,ForestDryPoor
729819,Stellaria nemorum,ForestDryPoor
729820,Stellaria nemorum,ForestDryPoor
729821,Stellaria nemorum,ForestDryPoor
729822,Stellaria nemorum,ForestDryPoor
729823,Stellaria nemorum,ForestDryPoor
732119,Stellaria nemorum,ForestDryPoor
732121,Stellaria nemorum,ForestDryPoor
732122,Stellaria nemorum,ForestDryPoor
732123,Stellaria nemorum,ForestDryPoor
734419,Stellaria nemorum,ForestDryPoor
734420,Stellaria nemorum,ForestDryPoor
734421,Stellaria nemorum,ForestDryPoor
734422,Stellaria nemorum,ForestDryPoor
812605,Stellaria nemorum,ForestDryPoor
812607,Stellaria nemorum,ForestDryPoor
812608,Stellaria nemorum,ForestDryPoor
814904,Stellaria nemorum,ForestDryPoor
814905,Stellaria nemorum,ForestDryPoor
814906,Stellaria nemorum,ForestDryPoor
814907,Stellaria nemorum,ForestDryPoor
817204,Stellaria nemorum,ForestDryPoor
817205,Stellaria nemorum,ForestDryPoor
817206,Stellaria nemorum,ForestDryPoor
817207,Stellaria nemorum,ForestDryPoor
817208,Stellaria nemorum,ForestDryPoor
819505,Stellaria nemorum,ForestDryPoor
819507,Stellaria nemorum,ForestDryPoor
819508,Stellaria nemorum,ForestDryPoor
821807,Stellaria nemorum,ForestDryPoor
936839,Stellaria nemorum,ForestDryPoor
939138,Stellaria nemorum,ForestDryPoor
941440,Stellaria nemorum,ForestDryPoor
1166460,Stellaria nemorum,ForestDryPoor
1168757,Stellaria nemorum,ForestDryPoor
1168761,Stellaria nemorum,ForestDryPoor
1171057,Stellaria nemorum,ForestDryPoor
1173357,Stellaria nemorum,ForestDryPoor
1173362,Stellaria nemorum,ForestDryPoor
1175657,Stellaria nemorum,ForestDryPoor
1175662,Stellaria nemorum,ForestDryPoor
1177957,Stellaria nemorum,ForestDryPoor
1177958,Stellaria nemorum,ForestDryPoor
1177959,Stellaria nemorum,ForestDryPoor
1177960,Stellaria nemorum,ForestDryPoor
1177962,Stellaria nemorum,ForestDryPoor
1180258,Stellaria nemorum,ForestDryPoor
1180259,Stellaria nemorum,ForestDryPoor
1180260,Stellaria nemorum,ForestDryPoor
1182558,Stellaria nemorum,ForestDryPoor
1182559,Stellaria nemorum,ForestDryPoor
1182560,Stellaria nemorum,ForestDryPoor
1184859,Stellaria nemorum,ForestDryPoor
1184860,Stellaria nemorum,ForestDryPoor
1214992,Stellaria nemorum,ForestDryPoor
1214995,Stellaria nemorum,ForestDryPoor
1214996,Stellaria nemorum,ForestDryPoor
1217296,Stellaria nemorum,ForestDryPoor
1217298,Stellaria nemorum,ForestDryPoor
1219594,Stellaria nemorum,ForestDryPoor
1219595,Stellaria nemorum,ForestDryPoor
1219596,Stellaria nemorum,ForestDryPoor
1219597,Stellaria nemorum,ForestDryPoor
1221894,Stellaria nemorum,ForestDryPoor
1221895,Stellaria nemorum,ForestDryPoor
1221896,Stellaria nemorum,ForestDryPoor
1221897,Stellaria nemorum,ForestDryPoor
1224193,Stellaria nemorum,ForestDryPoor
1224195,Stellaria nemorum,ForestDryPoor
1224196,Stellaria nemorum,ForestDryPoor
1224197,Stellaria nemorum,ForestDryPoor
1226488,Stellaria nemorum,ForestDryPoor
1226489,Stellaria nemorum,ForestDryPoor
1226490,Stellaria nemorum,ForestDryPoor
1226491,Stellaria nemorum,ForestDryPoor
1228788,Stellaria nemorum,ForestDryPoor
1228789,Stellaria nemorum,ForestDryPoor
1228790,Stellaria nemorum,ForestDryPoor
1228791,Stellaria nemorum,ForestDryPoor
1231088,Stellaria nemorum,ForestDryPoor
1231089,Stellaria nemorum,ForestDryPoor
1231091,Stellaria nemorum,ForestDryPoor
1231212,Stellaria nemorum,ForestDryPoor
1233388,Stellaria nemorum,ForestDryPoor
1233389,Stellaria nemorum,ForestDryPoor
1233513,Stellaria nemorum,ForestDryPoor
1237991,Stellaria nemorum,ForestDryPoor
1247269,Stellaria nemorum,ForestDryPoor
1247270,Stellaria nemorum,ForestDryPoor
1249569,Stellaria nemorum,ForestDryPoor
1249570,Stellaria nemorum,ForestDryPoor
1251869,Stellaria nemorum,ForestDryPoor
1251870,Stellaria nemorum,ForestDryPoor
1251872,Stellaria nemorum,ForestDryPoor
1270286,Stellaria nemorum,ForestDryPoor
1274887,Stellaria nemorum,ForestDryPoor
1277061,Stellaria nemorum,ForestDryPoor
1279360,Stellaria nemorum,ForestDryPoor
1306954,Stellaria nemorum,ForestDryPoor
1306955,Stellaria nemorum,ForestDryPoor
1309254,Stellaria nemorum,ForestDryPoor
1309255,Stellaria nemorum,ForestDryPoor
1311555,Stellaria nemorum,ForestDryPoor
1311556,Stellaria nemorum,ForestDryPoor
1313855,Stellaria nemorum,ForestDryPoor
1316156,Stellaria nemorum,ForestDryPoor
1316157,Stellaria nemorum,ForestDryPoor
1316158,Stellaria nemorum,ForestDryPoor
1318455,Stellaria nemorum,ForestDryPoor
1318456,Stellaria nemorum,ForestDryPoor
1318457,Stellaria nemorum,ForestDryPoor
1318458,Stellaria nemorum,ForestDryPoor
1346190,Stellaria nemorum,ForestDryPoor
1357700,Stellaria nemorum,ForestDryPoor
1357701,Stellaria nemorum,ForestDryPoor
1359992,Stellaria nemorum,ForestDryPoor
1359999,Stellaria nemorum,ForestDryPoor
1360000,Stellaria nemorum,ForestDryPoor
1360001,Stellaria nemorum,ForestDryPoor
1360002,Stellaria nemorum,ForestDryPoor
1362300,Stellaria nemorum,ForestDryPoor
1364591,Stellaria nemorum,ForestDryPoor
1364601,Stellaria nemorum,ForestDryPoor
1417438,Stellaria nemorum,ForestDryPoor
1417439,Stellaria nemorum,ForestDryPoor
1419738,Stellaria nemorum,ForestDryPoor
1422037,Stellaria nemorum,ForestDryPoor
1422038,Stellaria nemorum,ForestDryPoor
1422039,Stellaria nemorum,ForestDryPoor
1422040,Stellaria nemorum,ForestDryPoor
1424337,Stellaria nemorum,ForestDryPoor
1426637,Stellaria nemorum,ForestDryPoor
1426640,Stellaria nemorum,ForestDryPoor
1553125,Stellaria nemorum,ForestDryPoor
1553126,Stellaria nemorum,ForestDryPoor
1555424,Stellaria nemorum,ForestDryPoor
1555425,Stellaria nemorum,ForestDryPoor
1555426,Stellaria nemorum,ForestDryPoor
1557724,Stellaria nemorum,ForestDryPoor
1557725,Stellaria nemorum,ForestDryPoor
1557726,Stellaria nemorum,ForestDryPoor
1557727,Stellaria nemorum,ForestDryPoor
1557728,Stellaria nemorum,ForestDryPoor
1560024,Stellaria nemorum,ForestDryPoor
1560025,Stellaria nemorum,ForestDryPoor
1560027,Stellaria nemorum,ForestDryPoor
1560028,Stellaria nemorum,ForestDryPoor
1562325,Stellaria nemorum,ForestDryPoor
1562326,Stellaria nemorum,ForestDryPoor
1562327,Stellaria nemorum,ForestDryPoor
1688783,Stellaria nemorum,ForestDryPoor
1691081,Stellaria nemorum,ForestDryPoor
1691083,Stellaria nemorum,ForestDryPoor
1691084,Stellaria nemorum,ForestDryPoor
1691095,Stellaria nemorum,ForestDryPoor
1691096,Stellaria nemorum,ForestDryPoor
1693381,Stellaria nemorum,ForestDryPoor
1693382,Stellaria nemorum,ForestDryPoor
1693383,Stellaria nemorum,ForestDryPoor
1693384,Stellaria nemorum,ForestDryPoor
1693394,Stellaria nemorum,ForestDryPoor
1693395,Stellaria nemorum,ForestDryPoor
1693397,Stellaria nemorum,ForestDryPoor
1695690,Stellaria nemorum,ForestDryPoor
1695691,Stellaria nemorum,ForestDryPoor
1695696,Stellaria nemorum,ForestDryPoor
1697990,Stellaria nemorum,ForestDryPoor
1700285,Stellaria nemorum,ForestDryPoor
1700286,Stellaria nemorum,ForestDryPoor
1700287,Stellaria nemorum,ForestDryPoor
1700288,Stellaria nemorum,ForestDryPoor
1700290,Stellaria nemorum,ForestDryPoor
1702585,Stellaria nemorum,ForestDryPoor
1702586,Stellaria nemorum,ForestDryPoor
1702587,Stellaria nemorum,ForestDryPoor
1704882,Stellaria nemorum,ForestDryPoor
1704890,Stellaria nemorum,ForestDryPoor
1707192,Stellaria nemorum,ForestDryPoor
1709484,Stellaria nemorum,ForestDryPoor
1709492,Stellaria nemorum,ForestDryPoor
1711792,Stellaria nemorum,ForestDryPoor
1714092,Stellaria nemorum,ForestDryPoor
1716392,Stellaria nemorum,ForestDryPoor
1720999,Stellaria nemorum,ForestDryPoor
1723295,Stellaria nemorum,ForestDryPoor
1723297,Stellaria nemorum,ForestDryPoor
1732491,Stellaria nemorum,ForestDryPoor
1732492,Stellaria nemorum,ForestDryPoor
1732493,Stellaria nemorum,ForestDryPoor
1734792,Stellaria nemorum,ForestDryPoor
1766879,Stellaria nemorum,ForestDryPoor
1769177,Stellaria nemorum,ForestDryPoor
1769178,Stellaria nemorum,ForestDryPoor
1771476,Stellaria nemorum,ForestDryPoor
1771477,Stellaria nemorum,ForestDryPoor
1773776,Stellaria nemorum,ForestDryPoor
1773777,Stellaria nemorum,ForestDryPoor
1776077,Stellaria nemorum,ForestDryPoor
1822032,Stellaria nemorum,ForestDryPoor
1822033,Stellaria nemorum,ForestDryPoor
1824330,Stellaria nemorum,ForestDryPoor
1824331,Stellaria nemorum,ForestDryPoor
1824332,Stellaria nemorum,ForestDryPoor
1824333,Stellaria nemorum,ForestDryPoor
1824334,Stellaria nemorum,ForestDryPoor
1826630,Stellaria nemorum,ForestDryPoor
1826631,Stellaria nemorum,ForestDryPoor
1826632,Stellaria nemorum,ForestDryPoor
1826633,Stellaria nemorum,ForestDryPoor
1826634,Stellaria nemorum,ForestDryPoor
1828930,Stellaria nemorum,ForestDryPoor
1828931,Stellaria nemorum,ForestDryPoor
1828932,Stellaria nemorum,ForestDryPoor
1828933,Stellaria nemorum,ForestDryPoor
1828934,Stellaria nemorum,ForestDryPoor
1831231,Stellaria nemorum,ForestDryPoor
1831232,Stellaria nemorum,ForestDryPoor
1831233,Stellaria nemorum,ForestDryPoor
1872825,Stellaria nemorum,ForestDryPoor
1875127,Stellaria nemorum,ForestDryPoor
1875128,Stellaria nemorum,ForestDryPoor
1875129,Stellaria nemorum,ForestDryPoor
1875130,Stellaria nemorum,ForestDryPoor
1877425,Stellaria nemorum,ForestDryPoor
1877428,Stellaria nemorum,ForestDryPoor
1877429,Stellaria nemorum,ForestDryPoor
1877430,Stellaria nemorum,ForestDryPoor
1877431,Stellaria nemorum,ForestDryPoor
1877432,Stellaria nemorum,ForestDryPoor
1888929,Stellaria nemorum,ForestDryPoor
1895828,Stellaria nemorum,ForestDryPoor
1907314,Stellaria nemorum,ForestDryPoor
1907315,Stellaria nemorum,ForestDryPoor
1909614,Stellaria nemorum,ForestDryPoor
1925712,Stellaria nemorum,ForestDryPoor
1925767,Stellaria nemorum,ForestDryPoor
1925768,Stellaria nemorum,ForestDryPoor
1928010,Stellaria nemorum,ForestDryPoor
1928068,Stellaria nemorum,ForestDryPoor
1930310,Stellaria nemorum,ForestDryPoor
1930369,Stellaria nemorum,ForestDryPoor
1932666,Stellaria nemorum,ForestDryPoor
1932668,Stellaria nemorum,ForestDryPoor
1934966,Stellaria nemorum,ForestDryPoor
1935190,Stellaria nemorum,ForestDryPoor
1937486,Stellaria nemorum,ForestDryPoor
2001575,Stellaria nemorum,ForestDryPoor
2003873,Stellaria nemorum,ForestDryPoor
2003874,Stellaria nemorum,ForestDryPoor
2003875,Stellaria nemorum,ForestDryPoor
2006172,Stellaria nemorum,ForestDryPoor
2006174,Stellaria nemorum,ForestDryPoor
2006175,Stellaria nemorum,ForestDryPoor
2006415,Stellaria nemorum,ForestDryPoor
2006416,Stellaria nemorum,ForestDryPoor
2006417,Stellaria nemorum,ForestDryPoor
2008472,Stellaria nemorum,ForestDryPoor
2008473,Stellaria nemorum,ForestDryPoor
2008714,Stellaria nemorum,ForestDryPoor
2008715,Stellaria nemorum,ForestDryPoor
2008716,Stellaria nemorum,ForestDryPoor
2008717,Stellaria nemorum,ForestDryPoor
2008718,Stellaria nemorum,ForestDryPoor
2011014,Stellaria nemorum,ForestDryPoor
2011016,Stellaria nemorum,ForestDryPoor
2011017,Stellaria nemorum,ForestDryPoor
2011018,Stellaria nemorum,ForestDryPoor
2013314,Stellaria nemorum,ForestDryPoor
2013315,Stellaria nemorum,ForestDryPoor
2013316,Stellaria nemorum,ForestDryPoor
2013317,Stellaria nemorum,ForestDryPoor
2013318,Stellaria nemorum,ForestDryPoor
2015615,Stellaria nemorum,ForestDryPoor
2015616,Stellaria nemorum,ForestDryPoor
2015617,Stellaria nemorum,ForestDryPoor
2019749,Stellaria nemorum,ForestDryPoor
2019750,Stellaria nemorum,ForestDryPoor
2019751,Stellaria nemorum,ForestDryPoor
2020259,Stellaria nemorum,ForestDryPoor
2022048,Stellaria nemorum,ForestDryPoor
2022049,Stellaria nemorum,ForestDryPoor
2022050,Stellaria nemorum,ForestDryPoor
2022051,Stellaria nemorum,ForestDryPoor
2022559,Stellaria nemorum,ForestDryPoor
2022560,Stellaria nemorum,ForestDryPoor
2022561,Stellaria nemorum,ForestDryPoor
2022562,Stellaria nemorum,ForestDryPoor
2024349,Stellaria nemorum,ForestDryPoor
2024351,Stellaria nemorum,ForestDryPoor
2024352,Stellaria nemorum,ForestDryPoor
2026648,Stellaria nemorum,ForestDryPoor
2026649,Stellaria nemorum,ForestDryPoor
2026650,Stellaria nemorum,ForestDryPoor
2026651,Stellaria nemorum,ForestDryPoor
2026652,Stellaria nemorum,ForestDryPoor
2028949,Stellaria nemorum,ForestDryPoor
2028950,Stellaria nemorum,ForestDryPoor
2028951,Stellaria nemorum,ForestDryPoor
2107399,Stellaria nemorum,ForestDryPoor
2107401,Stellaria nemorum,ForestDryPoor
2109701,Stellaria nemorum,ForestDryPoor
2112000,Stellaria nemorum,ForestDryPoor
2144209,Stellaria nemorum,ForestDryPoor
2146509,Stellaria nemorum,ForestDryPoor
2146510,Stellaria nemorum,ForestDryPoor
2146511,Stellaria nemorum,ForestDryPoor
2148810,Stellaria nemorum,ForestDryPoor
2148811,Stellaria nemorum,ForestDryPoor
2148812,Stellaria nemorum,ForestDryPoor
2157953,Stellaria nemorum,ForestDryPoor
2162606,Stellaria nemorum,ForestDryPoor
2163404,Stellaria nemorum,ForestDryPoor
2163405,Stellaria nemorum,ForestDryPoor
2164904,Stellaria nemorum,ForestDryPoor
2164906,Stellaria nemorum,ForestDryPoor
2164907,Stellaria nemorum,ForestDryPoor
2164942,Stellaria nemorum,ForestDryPoor
2165701,Stellaria nemorum,ForestDryPoor
2167202,Stellaria nemorum,ForestDryPoor
2167203,Stellaria nemorum,ForestDryPoor
2167208,Stellaria nemorum,ForestDryPoor
2167217,Stellaria nemorum,ForestDryPoor
2167244,Stellaria nemorum,ForestDryPoor
2167245,Stellaria nemorum,ForestDryPoor
2167246,Stellaria nemorum,ForestDryPoor
2167247,Stellaria nemorum,ForestDryPoor
2168000,Stellaria nemorum,ForestDryPoor
2168001,Stellaria nemorum,ForestDryPoor
2169502,Stellaria nemorum,ForestDryPoor
2169503,Stellaria nemorum,ForestDryPoor
2169504,Stellaria nemorum,ForestDryPoor
2169505,Stellaria nemorum,ForestDryPoor
2169508,Stellaria nemorum,ForestDryPoor
2169514,Stellaria nemorum,ForestDryPoor
2169517,Stellaria nemorum,ForestDryPoor
2169518,Stellaria nemorum,ForestDryPoor
2169542,Stellaria nemorum,ForestDryPoor
2169543,Stellaria nemorum,ForestDryPoor
2169544,Stellaria nemorum,ForestDryPoor
2169545,Stellaria nemorum,ForestDryPoor
2170300,Stellaria nemorum,ForestDryPoor
2171799,Stellaria nemorum,ForestDryPoor
2171802,Stellaria nemorum,ForestDryPoor
2171805,Stellaria nemorum,ForestDryPoor
2171806,Stellaria nemorum,ForestDryPoor
2171807,Stellaria nemorum,ForestDryPoor
2171808,Stellaria nemorum,ForestDryPoor
2171814,Stellaria nemorum,ForestDryPoor
2171815,Stellaria nemorum,ForestDryPoor
2171817,Stellaria nemorum,ForestDryPoor
2171842,Stellaria nemorum,ForestDryPoor
2172610,Stellaria nemorum,ForestDryPoor
2172611,Stellaria nemorum,ForestDryPoor
2174030,Stellaria nemorum,ForestDryPoor
2174105,Stellaria nemorum,ForestDryPoor
2174106,Stellaria nemorum,ForestDryPoor
2174115,Stellaria nemorum,ForestDryPoor
2174117,Stellaria nemorum,ForestDryPoor
2174118,Stellaria nemorum,ForestDryPoor
2174140,Stellaria nemorum,ForestDryPoor
2174910,Stellaria nemorum,ForestDryPoor
2174911,Stellaria nemorum,ForestDryPoor
2176329,Stellaria nemorum,ForestDryPoor
2176407,Stellaria nemorum,ForestDryPoor
2176415,Stellaria nemorum,ForestDryPoor
2176416,Stellaria nemorum,ForestDryPoor
2176417,Stellaria nemorum,ForestDryPoor
2177183,Stellaria nemorum,ForestDryPoor
2177210,Stellaria nemorum,ForestDryPoor
2177211,Stellaria nemorum,ForestDryPoor
2178628,Stellaria nemorum,ForestDryPoor
2178705,Stellaria nemorum,ForestDryPoor
2178706,Stellaria nemorum,ForestDryPoor
2178707,Stellaria nemorum,ForestDryPoor
2178740,Stellaria nemorum,ForestDryPoor
2179442,Stellaria nemorum,ForestDryPoor
2179480,Stellaria nemorum,ForestDryPoor
2179484,Stellaria nemorum,ForestDryPoor
2179485,Stellaria nemorum,ForestDryPoor
2180930,Stellaria nemorum,ForestDryPoor
2180931,Stellaria nemorum,ForestDryPoor
2181003,Stellaria nemorum,ForestDryPoor
2181004,Stellaria nemorum,ForestDryPoor
2181005,Stellaria nemorum,ForestDryPoor
2181040,Stellaria nemorum,ForestDryPoor
2181780,Stellaria nemorum,ForestDryPoor
2181781,Stellaria nemorum,ForestDryPoor
2181785,Stellaria nemorum,ForestDryPoor
2181786,Stellaria nemorum,ForestDryPoor
2181811,Stellaria nemorum,ForestDryPoor
2181812,Stellaria nemorum,ForestDryPoor
2183307,Stellaria nemorum,ForestDryPoor
2184081,Stellaria nemorum,ForestDryPoor
2184086,Stellaria nemorum,ForestDryPoor
2184110,Stellaria nemorum,ForestDryPoor
2184139,Stellaria nemorum,ForestDryPoor
2186385,Stellaria nemorum,ForestDryPoor
2186386,Stellaria nemorum,ForestDryPoor
2186436,Stellaria nemorum,ForestDryPoor
2186437,Stellaria nemorum,ForestDryPoor
2186438,Stellaria nemorum,ForestDryPoor
2187889,Stellaria nemorum,ForestDryPoor
2188684,Stellaria nemorum,ForestDryPoor
2188685,Stellaria nemorum,ForestDryPoor
2188711,Stellaria nemorum,ForestDryPoor
2188735,Stellaria nemorum,ForestDryPoor
2188736,Stellaria nemorum,ForestDryPoor
2188737,Stellaria nemorum,ForestDryPoor
2188738,Stellaria nemorum,ForestDryPoor
2191036,Stellaria nemorum,ForestDryPoor
2191037,Stellaria nemorum,ForestDryPoor
2191038,Stellaria nemorum,ForestDryPoor
2193337,Stellaria nemorum,ForestDryPoor
2193338,Stellaria nemorum,ForestDryPoor
2197871,Stellaria nemorum,ForestDryPoor
2197882,Stellaria nemorum,ForestDryPoor
2200169,Stellaria nemorum,ForestDryPoor
2202484,Stellaria nemorum,ForestDryPoor
2204785,Stellaria nemorum,ForestDryPoor
2204836,Stellaria nemorum,ForestDryPoor
2204842,Stellaria nemorum,ForestDryPoor
2207053,Stellaria nemorum,ForestDryPoor
2207054,Stellaria nemorum,ForestDryPoor
2207084,Stellaria nemorum,ForestDryPoor
2207085,Stellaria nemorum,ForestDryPoor
2207142,Stellaria nemorum,ForestDryPoor
2209386,Stellaria nemorum,ForestDryPoor
2211652,Stellaria nemorum,ForestDryPoor
2211686,Stellaria nemorum,ForestDryPoor
2211687,Stellaria nemorum,ForestDryPoor
2213985,Stellaria nemorum,ForestDryPoor
2213986,Stellaria nemorum,ForestDryPoor
2229422,Stellaria nemorum,ForestDryPoor
2246226,Stellaria nemorum,ForestDryPoor
2265989,Stellaria nemorum,ForestDryPoor
2268287,Stellaria nemorum,ForestDryPoor
2268288,Stellaria nemorum,ForestDryPoor
2268289,Stellaria nemorum,ForestDryPoor
2268290,Stellaria nemorum,ForestDryPoor
2270589,Stellaria nemorum,ForestDryPoor
2287495,Stellaria nemorum,ForestDryPoor
2287557,Stellaria nemorum,ForestDryPoor
2289858,Stellaria nemorum,ForestDryPoor
2292234,Stellaria nemorum,ForestDryPoor
2293774,Stellaria nemorum,ForestDryPoor
2294398,Stellaria nemorum,ForestDryPoor
2296698,Stellaria nemorum,ForestDryPoor
2299053,Stellaria nemorum,ForestDryPoor
2301333,Stellaria nemorum,ForestDryPoor
2305165,Stellaria nemorum,ForestDryPoor
2307465,Stellaria nemorum,ForestDryPoor
2307466,Stellaria nemorum,ForestDryPoor
2307467,Stellaria nemorum,ForestDryPoor
2308237,Stellaria nemorum,ForestDryPoor
2308238,Stellaria nemorum,ForestDryPoor
2309787,Stellaria nemorum,ForestDryPoor
2310534,Stellaria nemorum,ForestDryPoor
2310553,Stellaria nemorum,ForestDryPoor
2312088,Stellaria nemorum,ForestDryPoor
2312785,Stellaria nemorum,ForestDryPoor
2312852,Stellaria nemorum,ForestDryPoor
2312853,Stellaria nemorum,ForestDryPoor
2312901,Stellaria nemorum,ForestDryPoor
2314386,Stellaria nemorum,ForestDryPoor
2315083,Stellaria nemorum,ForestDryPoor
2315084,Stellaria nemorum,ForestDryPoor
2315157,Stellaria nemorum,ForestDryPoor
2315158,Stellaria nemorum,ForestDryPoor
2316648,Stellaria nemorum,ForestDryPoor
2316650,Stellaria nemorum,ForestDryPoor
2316652,Stellaria nemorum,ForestDryPoor
2317382,Stellaria nemorum,ForestDryPoor
2317383,Stellaria nemorum,ForestDryPoor
2317384,Stellaria nemorum,ForestDryPoor
2317453,Stellaria nemorum,ForestDryPoor
2317457,Stellaria nemorum,ForestDryPoor
2318947,Stellaria nemorum,ForestDryPoor
2318948,Stellaria nemorum,ForestDryPoor
2318949,Stellaria nemorum,ForestDryPoor
2318951,Stellaria nemorum,ForestDryPoor
2319633,Stellaria nemorum,ForestDryPoor
2319634,Stellaria nemorum,ForestDryPoor
2321248,Stellaria nemorum,ForestDryPoor
2321249,Stellaria nemorum,ForestDryPoor
2321250,Stellaria nemorum,ForestDryPoor
2321251,Stellaria nemorum,ForestDryPoor
2321252,Stellaria nemorum,ForestDryPoor
2321989,Stellaria nemorum,ForestDryPoor
2321990,Stellaria nemorum,ForestDryPoor
2321991,Stellaria nemorum,ForestDryPoor
2321992,Stellaria nemorum,ForestDryPoor
2322053,Stellaria nemorum,ForestDryPoor
2323549,Stellaria nemorum,ForestDryPoor
2323551,Stellaria nemorum,ForestDryPoor
2324232,Stellaria nemorum,ForestDryPoor
2324290,Stellaria nemorum,ForestDryPoor
2324291,Stellaria nemorum,ForestDryPoor
2325851,Stellaria nemorum,ForestDryPoor
2328151,Stellaria nemorum,ForestDryPoor
2328152,Stellaria nemorum,ForestDryPoor
2328154,Stellaria nemorum,ForestDryPoor
2330451,Stellaria nemorum,ForestDryPoor
2330452,Stellaria nemorum,ForestDryPoor
2331214,Stellaria nemorum,ForestDryPoor
2331265,Stellaria nemorum,ForestDryPoor
2332751,Stellaria nemorum,ForestDryPoor
2332753,Stellaria nemorum,ForestDryPoor
2333565,Stellaria nemorum,ForestDryPoor
2333566,Stellaria nemorum,ForestDryPoor
2335789,Stellaria nemorum,ForestDryPoor
2338192,Stellaria nemorum,ForestDryPoor
2338193,Stellaria nemorum,ForestDryPoor
2340490,Stellaria nemorum,ForestDryPoor
2358845,Stellaria nemorum,ForestDryPoor
2360931,Stellaria nemorum,ForestDryPoor
2360932,Stellaria nemorum,ForestDryPoor
2360933,Stellaria nemorum,ForestDryPoor
2361145,Stellaria nemorum,ForestDryPoor
2361146,Stellaria nemorum,ForestDryPoor
2361147,Stellaria nemorum,ForestDryPoor
2363231,Stellaria nemorum,ForestDryPoor
2363232,Stellaria nemorum,ForestDryPoor
2363443,Stellaria nemorum,ForestDryPoor
2365747,Stellaria nemorum,ForestDryPoor
2368001,Stellaria nemorum,ForestDryPoor
2370347,Stellaria nemorum,ForestDryPoor
2381898,Stellaria nemorum,ForestDryPoor
2384196,Stellaria nemorum,ForestDryPoor
2388778,Stellaria nemorum,ForestDryPoor
2388779,Stellaria nemorum,ForestDryPoor
2391078,Stellaria nemorum,ForestDryPoor
2391079,Stellaria nemorum,ForestDryPoor
2391080,Stellaria nemorum,ForestDryPoor
2406068,Stellaria nemorum,ForestDryPoor
2406299,Stellaria nemorum,ForestDryPoor
2406300,Stellaria nemorum,ForestDryPoor
2410669,Stellaria nemorum,ForestDryPoor
2410670,Stellaria nemorum,ForestDryPoor
2411765,Stellaria nemorum,ForestDryPoor
2411768,Stellaria nemorum,ForestDryPoor
2411834,Stellaria nemorum,ForestDryPoor
2412968,Stellaria nemorum,ForestDryPoor
2412970,Stellaria nemorum,ForestDryPoor
2413201,Stellaria nemorum,ForestDryPoor
2415269,Stellaria nemorum,ForestDryPoor
2415270,Stellaria nemorum,ForestDryPoor
2421034,Stellaria nemorum,ForestDryPoor
2423332,Stellaria nemorum,ForestDryPoor
2423335,Stellaria nemorum,ForestDryPoor
2424800,Stellaria nemorum,ForestDryPoor
2427074,Stellaria nemorum,ForestDryPoor
2427075,Stellaria nemorum,ForestDryPoor
2429366,Stellaria nemorum,ForestDryPoor
2429373,Stellaria nemorum,ForestDryPoor
2429377,Stellaria nemorum,ForestDryPoor
2430239,Stellaria nemorum,ForestDryPoor
2431678,Stellaria nemorum,ForestDryPoor
2431699,Stellaria nemorum,ForestDryPoor
2431702,Stellaria nemorum,ForestDryPoor
2433973,Stellaria nemorum,ForestDryPoor
2433999,Stellaria nemorum,ForestDryPoor
2434002,Stellaria nemorum,ForestDryPoor
2434837,Stellaria nemorum,ForestDryPoor
2437140,Stellaria nemorum,ForestDryPoor
2439413,Stellaria nemorum,ForestDryPoor
2441713,Stellaria nemorum,ForestDryPoor
2444040,Stellaria nemorum,ForestDryPoor
2446337,Stellaria nemorum,ForestDryPoor
2446338,Stellaria nemorum,ForestDryPoor
2446339,Stellaria nemorum,ForestDryPoor
2448362,Stellaria nemorum,ForestDryPoor
2448535,Stellaria nemorum,ForestDryPoor
2450833,Stellaria nemorum,ForestDryPoor
2453133,Stellaria nemorum,ForestDryPoor
2469176,Stellaria nemorum,ForestDryPoor
2471629,Stellaria nemorum,ForestDryPoor
2471630,Stellaria nemorum,ForestDryPoor
2473929,Stellaria nemorum,ForestDryPoor
2475379,Stellaria nemorum,ForestDryPoor
2475380,Stellaria nemorum,ForestDryPoor
2475381,Stellaria nemorum,ForestDryPoor
2477670,Stellaria nemorum,ForestDryPoor
2477682,Stellaria nemorum,ForestDryPoor
2479983,Stellaria nemorum,ForestDryPoor
2479984,Stellaria nemorum,ForestDryPoor
2479986,Stellaria nemorum,ForestDryPoor
2480813,Stellaria nemorum,ForestDryPoor
2480814,Stellaria nemorum,ForestDryPoor
2480844,Stellaria nemorum,ForestDryPoor
2483112,Stellaria nemorum,ForestDryPoor
2490048,Stellaria nemorum,ForestDryPoor
2492246,Stellaria nemorum,ForestDryPoor
2492247,Stellaria nemorum,ForestDryPoor
2492347,Stellaria nemorum,ForestDryPoor
2492348,Stellaria nemorum,ForestDryPoor
2494546,Stellaria nemorum,ForestDryPoor
2494573,Stellaria nemorum,ForestDryPoor
2496847,Stellaria nemorum,ForestDryPoor
2496848,Stellaria nemorum,ForestDryPoor
2496849,Stellaria nemorum,ForestDryPoor
2496870,Stellaria nemorum,ForestDryPoor
2496874,Stellaria nemorum,ForestDryPoor
2499148,Stellaria nemorum,ForestDryPoor
2499171,Stellaria nemorum,ForestDryPoor
2501473,Stellaria nemorum,ForestDryPoor
2503774,Stellaria nemorum,ForestDryPoor
2503775,Stellaria nemorum,ForestDryPoor
2503836,Stellaria nemorum,ForestDryPoor
2503837,Stellaria nemorum,ForestDryPoor
2503839,Stellaria nemorum,ForestDryPoor
2506075,Stellaria nemorum,ForestDryPoor
2506076,Stellaria nemorum,ForestDryPoor
2506077,Stellaria nemorum,ForestDryPoor
2506138,Stellaria nemorum,ForestDryPoor
2506139,Stellaria nemorum,ForestDryPoor
2507486,Stellaria nemorum,ForestDryPoor
2508439,Stellaria nemorum,ForestDryPoor
2512149,Stellaria nemorum,ForestDryPoor
2512150,Stellaria nemorum,ForestDryPoor
2514384,Stellaria nemorum,ForestDryPoor
2514449,Stellaria nemorum,ForestDryPoor
2514450,Stellaria nemorum,ForestDryPoor
2516685,Stellaria nemorum,ForestDryPoor
2521349,Stellaria nemorum,ForestDryPoor
2524472,Stellaria nemorum,ForestDryPoor
2526770,Stellaria nemorum,ForestDryPoor
2526771,Stellaria nemorum,ForestDryPoor
2530546,Stellaria nemorum,ForestDryPoor
2532844,Stellaria nemorum,ForestDryPoor
2535145,Stellaria nemorum,ForestDryPoor
2535682,Stellaria nemorum,ForestDryPoor
2537445,Stellaria nemorum,ForestDryPoor
2537446,Stellaria nemorum,ForestDryPoor
2537980,Stellaria nemorum,ForestDryPoor
2537982,Stellaria nemorum,ForestDryPoor
2537983,Stellaria nemorum,ForestDryPoor
2537984,Stellaria nemorum,ForestDryPoor
2540280,Stellaria nemorum,ForestDryPoor
2540282,Stellaria nemorum,ForestDryPoor
2540283,Stellaria nemorum,ForestDryPoor
2540284,Stellaria nemorum,ForestDryPoor
2540604,Stellaria nemorum,ForestDryPoor
2542582,Stellaria nemorum,ForestDryPoor
2542584,Stellaria nemorum,ForestDryPoor
2544297,Stellaria nemorum,ForestDryPoor
2544881,Stellaria nemorum,ForestDryPoor
2544882,Stellaria nemorum,ForestDryPoor
2548898,Stellaria nemorum,ForestDryPoor
2554084,Stellaria nemorum,ForestDryPoor
2554086,Stellaria nemorum,ForestDryPoor
2556383,Stellaria nemorum,ForestDryPoor
2556384,Stellaria nemorum,ForestDryPoor
2556387,Stellaria nemorum,ForestDryPoor
2558683,Stellaria nemorum,ForestDryPoor
2558684,Stellaria nemorum,ForestDryPoor
2558686,Stellaria nemorum,ForestDryPoor
2558687,Stellaria nemorum,ForestDryPoor
2560987,Stellaria nemorum,ForestDryPoor
2560988,Stellaria nemorum,ForestDryPoor
2563284,Stellaria nemorum,ForestDryPoor
2563285,Stellaria nemorum,ForestDryPoor
2563288,Stellaria nemorum,ForestDryPoor
2563393,Stellaria nemorum,ForestDryPoor
2565584,Stellaria nemorum,ForestDryPoor
2565585,Stellaria nemorum,ForestDryPoor
2565586,Stellaria nemorum,ForestDryPoor
2565587,Stellaria nemorum,ForestDryPoor
2565693,Stellaria nemorum,ForestDryPoor
2567885,Stellaria nemorum,ForestDryPoor
2567886,Stellaria nemorum,ForestDryPoor
2567992,Stellaria nemorum,ForestDryPoor
2570291,Stellaria nemorum,ForestDryPoor
2570292,Stellaria nemorum,ForestDryPoor
2570293,Stellaria nemorum,ForestDryPoor
2572592,Stellaria nemorum,ForestDryPoor
2572596,Stellaria nemorum,ForestDryPoor
2574892,Stellaria nemorum,ForestDryPoor
2574893,Stellaria nemorum,ForestDryPoor
2576420,Stellaria nemorum,ForestDryPoor
2576421,Stellaria nemorum,ForestDryPoor
2577192,Stellaria nemorum,ForestDryPoor
2577193,Stellaria nemorum,ForestDryPoor
2578719,Stellaria nemorum,ForestDryPoor
2578721,Stellaria nemorum,ForestDryPoor
2578722,Stellaria nemorum,ForestDryPoor
2579387,Stellaria nemorum,ForestDryPoor
2579493,Stellaria nemorum,ForestDryPoor
2581020,Stellaria nemorum,ForestDryPoor
2581021,Stellaria nemorum,ForestDryPoor
2583321,Stellaria nemorum,ForestDryPoor
2583322,Stellaria nemorum,ForestDryPoor
2585620,Stellaria nemorum,ForestDryPoor
2585621,Stellaria nemorum,ForestDryPoor
2585622,Stellaria nemorum,ForestDryPoor
2585727,Stellaria nemorum,ForestDryPoor
2586284,Stellaria nemorum,ForestDryPoor
2586285,Stellaria nemorum,ForestDryPoor
2586287,Stellaria nemorum,ForestDryPoor
2606398,Stellaria nemorum,ForestDryPoor
2617898,Stellaria nemorum,ForestDryPoor
2624797,Stellaria nemorum,ForestDryPoor
2624800,Stellaria nemorum,ForestDryPoor
2624802,Stellaria nemorum,ForestDryPoor
2627095,Stellaria nemorum,ForestDryPoor
2627100,Stellaria nemorum,ForestDryPoor
2629392,Stellaria nemorum,ForestDryPoor
2629393,Stellaria nemorum,ForestDryPoor
2631690,Stellaria nemorum,ForestDryPoor
2633984,Stellaria nemorum,ForestDryPoor
2636283,Stellaria nemorum,ForestDryPoor
2636299,Stellaria nemorum,ForestDryPoor
2638579,Stellaria nemorum,ForestDryPoor
2638580,Stellaria nemorum,ForestDryPoor
2638588,Stellaria nemorum,ForestDryPoor
2638589,Stellaria nemorum,ForestDryPoor
2638591,Stellaria nemorum,ForestDryPoor
2640878,Stellaria nemorum,ForestDryPoor
2640879,Stellaria nemorum,ForestDryPoor
2640880,Stellaria nemorum,ForestDryPoor
2640883,Stellaria nemorum,ForestDryPoor
2640907,Stellaria nemorum,ForestDryPoor
2641605,Stellaria nemorum,ForestDryPoor
2643181,Stellaria nemorum,ForestDryPoor
2643187,Stellaria nemorum,ForestDryPoor
2643204,Stellaria nemorum,ForestDryPoor
2643904,Stellaria nemorum,ForestDryPoor
2643905,Stellaria nemorum,ForestDryPoor
2643906,Stellaria nemorum,ForestDryPoor
2645507,Stellaria nemorum,ForestDryPoor
2646206,Stellaria nemorum,ForestDryPoor
2647785,Stellaria nemorum,ForestDryPoor
2647807,Stellaria nemorum,ForestDryPoor
2648506,Stellaria nemorum,ForestDryPoor
2661731,Stellaria nemorum,ForestDryPoor
2668545,Stellaria nemorum,ForestDryPoor
2670833,Stellaria nemorum,ForestDryPoor
2673080,Stellaria nemorum,ForestDryPoor
2673133,Stellaria nemorum,ForestDryPoor
2673145,Stellaria nemorum,ForestDryPoor
2675380,Stellaria nemorum,ForestDryPoor
2675434,Stellaria nemorum,ForestDryPoor
2677679,Stellaria nemorum,ForestDryPoor
2677680,Stellaria nemorum,ForestDryPoor
2677681,Stellaria nemorum,ForestDryPoor
2677682,Stellaria nemorum,ForestDryPoor
2677683,Stellaria nemorum,ForestDryPoor
2677733,Stellaria nemorum,ForestDryPoor
2677734,Stellaria nemorum,ForestDryPoor
2677745,Stellaria nemorum,ForestDryPoor
2677747,Stellaria nemorum,ForestDryPoor
2677748,Stellaria nemorum,ForestDryPoor
2679979,Stellaria nemorum,ForestDryPoor
2679981,Stellaria nemorum,ForestDryPoor
2680036,Stellaria nemorum,ForestDryPoor
2680047,Stellaria nemorum,ForestDryPoor
2680048,Stellaria nemorum,ForestDryPoor
2682280,Stellaria nemorum,ForestDryPoor
2682281,Stellaria nemorum,ForestDryPoor
2682347,Stellaria nemorum,ForestDryPoor
2686959,Stellaria nemorum,ForestDryPoor
2687628,Stellaria nemorum,ForestDryPoor
2687630,Stellaria nemorum,ForestDryPoor
2689259,Stellaria nemorum,ForestDryPoor
2689261,Stellaria nemorum,ForestDryPoor
2689262,Stellaria nemorum,ForestDryPoor
2691515,Stellaria nemorum,ForestDryPoor
2691516,Stellaria nemorum,ForestDryPoor
2691562,Stellaria nemorum,ForestDryPoor
2692221,Stellaria nemorum,ForestDryPoor
2692228,Stellaria nemorum,ForestDryPoor
2692231,Stellaria nemorum,ForestDryPoor
2693816,Stellaria nemorum,ForestDryPoor
2693859,Stellaria nemorum,ForestDryPoor
2693861,Stellaria nemorum,ForestDryPoor
2693862,Stellaria nemorum,ForestDryPoor
2694529,Stellaria nemorum,ForestDryPoor
2696161,Stellaria nemorum,ForestDryPoor
2696162,Stellaria nemorum,ForestDryPoor
2696829,Stellaria nemorum,ForestDryPoor
2698462,Stellaria nemorum,ForestDryPoor
2700665,Stellaria nemorum,ForestDryPoor
2700666,Stellaria nemorum,ForestDryPoor
2700667,Stellaria nemorum,ForestDryPoor
2700760,Stellaria nemorum,ForestDryPoor
2700761,Stellaria nemorum,ForestDryPoor
2700762,Stellaria nemorum,ForestDryPoor
2702965,Stellaria nemorum,ForestDryPoor
2702966,Stellaria nemorum,ForestDryPoor
2702968,Stellaria nemorum,ForestDryPoor
2702969,Stellaria nemorum,ForestDryPoor
2703061,Stellaria nemorum,ForestDryPoor
2703086,Stellaria nemorum,ForestDryPoor
2705268,Stellaria nemorum,ForestDryPoor
2705269,Stellaria nemorum,ForestDryPoor
2705364,Stellaria nemorum,ForestDryPoor
2707565,Stellaria nemorum,ForestDryPoor
2707566,Stellaria nemorum,ForestDryPoor
2707567,Stellaria nemorum,ForestDryPoor
2707568,Stellaria nemorum,ForestDryPoor
2708143,Stellaria nemorum,ForestDryPoor
2709867,Stellaria nemorum,ForestDryPoor
2709990,Stellaria nemorum,ForestDryPoor
2709991,Stellaria nemorum,ForestDryPoor
2710443,Stellaria nemorum,ForestDryPoor
2712185,Stellaria nemorum,ForestDryPoor
2712293,Stellaria nemorum,ForestDryPoor
2714489,Stellaria nemorum,ForestDryPoor
2715042,Stellaria nemorum,ForestDryPoor
2716784,Stellaria nemorum,ForestDryPoor
2716786,Stellaria nemorum,ForestDryPoor
2719085,Stellaria nemorum,ForestDryPoor
2719101,Stellaria nemorum,ForestDryPoor
2721416,Stellaria nemorum,ForestDryPoor
2723702,Stellaria nemorum,ForestDryPoor
2725955,Stellaria nemorum,ForestDryPoor
2725956,Stellaria nemorum,ForestDryPoor
2726029,Stellaria nemorum,ForestDryPoor
2726032,Stellaria nemorum,ForestDryPoor
2726630,Stellaria nemorum,ForestDryPoor
2726631,Stellaria nemorum,ForestDryPoor
2728239,Stellaria nemorum,ForestDryPoor
2728257,Stellaria nemorum,ForestDryPoor
2730555,Stellaria nemorum,ForestDryPoor
2730556,Stellaria nemorum,ForestDryPoor
2732839,Stellaria nemorum,ForestDryPoor
2732856,Stellaria nemorum,ForestDryPoor
2732896,Stellaria nemorum,ForestDryPoor
2733537,Stellaria nemorum,ForestDryPoor
2735138,Stellaria nemorum,ForestDryPoor
2735155,Stellaria nemorum,ForestDryPoor
2735197,Stellaria nemorum,ForestDryPoor
2737545,Stellaria nemorum,ForestDryPoor
2739745,Stellaria nemorum,ForestDryPoor
2739746,Stellaria nemorum,ForestDryPoor
2739796,Stellaria nemorum,ForestDryPoor
2739798,Stellaria nemorum,ForestDryPoor
2739800,Stellaria nemorum,ForestDryPoor
2739801,Stellaria nemorum,ForestDryPoor
2739812,Stellaria nemorum,ForestDryPoor
2739813,Stellaria nemorum,ForestDryPoor
2739845,Stellaria nemorum,ForestDryPoor
2742043,Stellaria nemorum,ForestDryPoor
2742046,Stellaria nemorum,ForestDryPoor
2744343,Stellaria nemorum,ForestDryPoor
2744396,Stellaria nemorum,ForestDryPoor
2744397,Stellaria nemorum,ForestDryPoor
2744398,Stellaria nemorum,ForestDryPoor
2744403,Stellaria nemorum,ForestDryPoor
2744404,Stellaria nemorum,ForestDryPoor
2746641,Stellaria nemorum,ForestDryPoor
2746642,Stellaria nemorum,ForestDryPoor
2746645,Stellaria nemorum,ForestDryPoor
2746694,Stellaria nemorum,ForestDryPoor
2746702,Stellaria nemorum,ForestDryPoor
2746757,Stellaria nemorum,ForestDryPoor
2748939,Stellaria nemorum,ForestDryPoor
2748941,Stellaria nemorum,ForestDryPoor
2748942,Stellaria nemorum,ForestDryPoor
2748946,Stellaria nemorum,ForestDryPoor
2749004,Stellaria nemorum,ForestDryPoor
2749057,Stellaria nemorum,ForestDryPoor
2749058,Stellaria nemorum,ForestDryPoor
2751238,Stellaria nemorum,ForestDryPoor
2751241,Stellaria nemorum,ForestDryPoor
2751245,Stellaria nemorum,ForestDryPoor
2751878,Stellaria nemorum,ForestDryPoor
2751879,Stellaria nemorum,ForestDryPoor
2753538,Stellaria nemorum,ForestDryPoor
2753541,Stellaria nemorum,ForestDryPoor
2753543,Stellaria nemorum,ForestDryPoor
2753545,Stellaria nemorum,ForestDryPoor
2753601,Stellaria nemorum,ForestDryPoor
2755840,Stellaria nemorum,ForestDryPoor
2755841,Stellaria nemorum,ForestDryPoor
2755842,Stellaria nemorum,ForestDryPoor
2755843,Stellaria nemorum,ForestDryPoor
2755844,Stellaria nemorum,ForestDryPoor
2755846,Stellaria nemorum,ForestDryPoor
2755848,Stellaria nemorum,ForestDryPoor
2756477,Stellaria nemorum,ForestDryPoor
2758139,Stellaria nemorum,ForestDryPoor
2758144,Stellaria nemorum,ForestDryPoor
2758145,Stellaria nemorum,ForestDryPoor
2758257,Stellaria nemorum,ForestDryPoor
2761078,Stellaria nemorum,ForestDryPoor
2767974,Stellaria nemorum,ForestDryPoor
2767975,Stellaria nemorum,ForestDryPoor
2767976,Stellaria nemorum,ForestDryPoor
2768069,Stellaria nemorum,ForestDryPoor
2768070,Stellaria nemorum,ForestDryPoor
2768140,Stellaria nemorum,ForestDryPoor
2770275,Stellaria nemorum,ForestDryPoor
2770276,Stellaria nemorum,ForestDryPoor
2770419,Stellaria nemorum,ForestDryPoor
2774877,Stellaria nemorum,ForestDryPoor
2777176,Stellaria nemorum,ForestDryPoor
2777177,Stellaria nemorum,ForestDryPoor
2779476,Stellaria nemorum,ForestDryPoor
2784080,Stellaria nemorum,ForestDryPoor
2790980,Stellaria nemorum,ForestDryPoor
2795581,Stellaria nemorum,ForestDryPoor
2797878,Stellaria nemorum,ForestDryPoor
2797879,Stellaria nemorum,ForestDryPoor
2797881,Stellaria nemorum,ForestDryPoor
2800181,Stellaria nemorum,ForestDryPoor
2801877,Stellaria nemorum,ForestDryPoor
2814018,Stellaria nemorum,ForestDryPoor
2814136,Stellaria nemorum,ForestDryPoor
2816435,Stellaria nemorum,ForestDryPoor
2818735,Stellaria nemorum,ForestDryPoor
2821035,Stellaria nemorum,ForestDryPoor
2823333,Stellaria nemorum,ForestDryPoor
2823340,Stellaria nemorum,ForestDryPoor
2823341,Stellaria nemorum,ForestDryPoor
2825640,Stellaria nemorum,ForestDryPoor
2825641,Stellaria nemorum,ForestDryPoor
2827934,Stellaria nemorum,ForestDryPoor
2827935,Stellaria nemorum,ForestDryPoor
2827947,Stellaria nemorum,ForestDryPoor
2827948,Stellaria nemorum,ForestDryPoor
2830233,Stellaria nemorum,ForestDryPoor
2834029,Stellaria nemorum,ForestDryPoor
2834114,Stellaria nemorum,ForestDryPoor
2834115,Stellaria nemorum,ForestDryPoor
2836413,Stellaria nemorum,ForestDryPoor
2837152,Stellaria nemorum,ForestDryPoor
2844038,Stellaria nemorum,ForestDryPoor
2844046,Stellaria nemorum,ForestDryPoor
2845628,Stellaria nemorum,ForestDryPoor
2846346,Stellaria nemorum,ForestDryPoor
2846351,Stellaria nemorum,ForestDryPoor
2850232,Stellaria nemorum,ForestDryPoor
2850236,Stellaria nemorum,ForestDryPoor
2850942,Stellaria nemorum,ForestDryPoor
2850949,Stellaria nemorum,ForestDryPoor
2852532,Stellaria nemorum,ForestDryPoor
2852533,Stellaria nemorum,ForestDryPoor
2853240,Stellaria nemorum,ForestDryPoor
2855541,Stellaria nemorum,ForestDryPoor
2857060,Stellaria nemorum,ForestDryPoor
2857851,Stellaria nemorum,ForestDryPoor
2859359,Stellaria nemorum,ForestDryPoor
2859360,Stellaria nemorum,ForestDryPoor
2859361,Stellaria nemorum,ForestDryPoor
2859362,Stellaria nemorum,ForestDryPoor
2860144,Stellaria nemorum,ForestDryPoor
2860147,Stellaria nemorum,ForestDryPoor
2861661,Stellaria nemorum,ForestDryPoor
2861662,Stellaria nemorum,ForestDryPoor
2862443,Stellaria nemorum,ForestDryPoor
2862444,Stellaria nemorum,ForestDryPoor
2862445,Stellaria nemorum,ForestDryPoor
2862447,Stellaria nemorum,ForestDryPoor
2862448,Stellaria nemorum,ForestDryPoor
2862449,Stellaria nemorum,ForestDryPoor
2863960,Stellaria nemorum,ForestDryPoor
2863961,Stellaria nemorum,ForestDryPoor
2863962,Stellaria nemorum,ForestDryPoor
2864743,Stellaria nemorum,ForestDryPoor
2866260,Stellaria nemorum,ForestDryPoor
2866261,Stellaria nemorum,ForestDryPoor
2866288,Stellaria nemorum,ForestDryPoor
2866331,Stellaria nemorum,ForestDryPoor
2866334,Stellaria nemorum,ForestDryPoor
2868586,Stellaria nemorum,ForestDryPoor
2868635,Stellaria nemorum,ForestDryPoor
2870886,Stellaria nemorum,ForestDryPoor
2870888,Stellaria nemorum,ForestDryPoor
2870889,Stellaria nemorum,ForestDryPoor
2870933,Stellaria nemorum,ForestDryPoor
2870934,Stellaria nemorum,ForestDryPoor
2873189,Stellaria nemorum,ForestDryPoor
2873234,Stellaria nemorum,ForestDryPoor
2875532,Stellaria nemorum,ForestDryPoor
2875533,Stellaria nemorum,ForestDryPoor
2876241,Stellaria nemorum,ForestDryPoor
2878057,Stellaria nemorum,ForestDryPoor
2880357,Stellaria nemorum,ForestDryPoor
2882360,Stellaria nemorum,ForestDryPoor
2882657,Stellaria nemorum,ForestDryPoor
2882658,Stellaria nemorum,ForestDryPoor
2883133,Stellaria nemorum,ForestDryPoor
2884727,Stellaria nemorum,ForestDryPoor
2884956,Stellaria nemorum,ForestDryPoor
2884957,Stellaria nemorum,ForestDryPoor
2885430,Stellaria nemorum,ForestDryPoor
2887026,Stellaria nemorum,ForestDryPoor
2889304,Stellaria nemorum,ForestDryPoor
2891560,Stellaria nemorum,ForestDryPoor
2891561,Stellaria nemorum,ForestDryPoor
2893861,Stellaria nemorum,ForestDryPoor
2893862,Stellaria nemorum,ForestDryPoor
2899246,Stellaria nemorum,ForestDryPoor
2903810,Stellaria nemorum,ForestDryPoor
2905306,Stellaria nemorum,ForestDryPoor
2905351,Stellaria nemorum,ForestDryPoor
2907606,Stellaria nemorum,ForestDryPoor
2907660,Stellaria nemorum,ForestDryPoor
2907712,Stellaria nemorum,ForestDryPoor
2907713,Stellaria nemorum,ForestDryPoor
2907715,Stellaria nemorum,ForestDryPoor
2909903,Stellaria nemorum,ForestDryPoor
2909905,Stellaria nemorum,ForestDryPoor
2909906,Stellaria nemorum,ForestDryPoor
2909907,Stellaria nemorum,ForestDryPoor
2909959,Stellaria nemorum,ForestDryPoor
2909960,Stellaria nemorum,ForestDryPoor
2910012,Stellaria nemorum,ForestDryPoor
2910015,Stellaria nemorum,ForestDryPoor
2910016,Stellaria nemorum,ForestDryPoor
2912204,Stellaria nemorum,ForestDryPoor
2912205,Stellaria nemorum,ForestDryPoor
2912206,Stellaria nemorum,ForestDryPoor
2912207,Stellaria nemorum,ForestDryPoor
2912258,Stellaria nemorum,ForestDryPoor
2912259,Stellaria nemorum,ForestDryPoor
2912262,Stellaria nemorum,ForestDryPoor
2912295,Stellaria nemorum,ForestDryPoor
2912296,Stellaria nemorum,ForestDryPoor
2912315,Stellaria nemorum,ForestDryPoor
2912316,Stellaria nemorum,ForestDryPoor
2912317,Stellaria nemorum,ForestDryPoor
2914505,Stellaria nemorum,ForestDryPoor
2914506,Stellaria nemorum,ForestDryPoor
2914558,Stellaria nemorum,ForestDryPoor
2914560,Stellaria nemorum,ForestDryPoor
2914599,Stellaria nemorum,ForestDryPoor
2916917,Stellaria nemorum,ForestDryPoor
2919214,Stellaria nemorum,ForestDryPoor
2919216,Stellaria nemorum,ForestDryPoor
2921459,Stellaria nemorum,ForestDryPoor
2921460,Stellaria nemorum,ForestDryPoor
2923758,Stellaria nemorum,ForestDryPoor
2923759,Stellaria nemorum,ForestDryPoor
2923766,Stellaria nemorum,ForestDryPoor
2926058,Stellaria nemorum,ForestDryPoor
2926059,Stellaria nemorum,ForestDryPoor
2926064,Stellaria nemorum,ForestDryPoor
2928359,Stellaria nemorum,ForestDryPoor
2928367,Stellaria nemorum,ForestDryPoor
2928368,Stellaria nemorum,ForestDryPoor
2930658,Stellaria nemorum,ForestDryPoor
2930659,Stellaria nemorum,ForestDryPoor
2930667,Stellaria nemorum,ForestDryPoor
2932952,Stellaria nemorum,ForestDryPoor
2932953,Stellaria nemorum,ForestDryPoor
2932954,Stellaria nemorum,ForestDryPoor
2932956,Stellaria nemorum,ForestDryPoor
2932966,Stellaria nemorum,ForestDryPoor
2933715,Stellaria nemorum,ForestDryPoor
2933721,Stellaria nemorum,ForestDryPoor
2935245,Stellaria nemorum,ForestDryPoor
2935246,Stellaria nemorum,ForestDryPoor
2935251,Stellaria nemorum,ForestDryPoor
2935252,Stellaria nemorum,ForestDryPoor
2935253,Stellaria nemorum,ForestDryPoor
2935255,Stellaria nemorum,ForestDryPoor
2935259,Stellaria nemorum,ForestDryPoor
2936014,Stellaria nemorum,ForestDryPoor
2936015,Stellaria nemorum,ForestDryPoor
2937543,Stellaria nemorum,ForestDryPoor
2937545,Stellaria nemorum,ForestDryPoor
2937549,Stellaria nemorum,ForestDryPoor
2937551,Stellaria nemorum,ForestDryPoor
2937552,Stellaria nemorum,ForestDryPoor
2939824,Stellaria nemorum,ForestDryPoor
2939825,Stellaria nemorum,ForestDryPoor
2939826,Stellaria nemorum,ForestDryPoor
2939845,Stellaria nemorum,ForestDryPoor
2939846,Stellaria nemorum,ForestDryPoor
2939847,Stellaria nemorum,ForestDryPoor
2939848,Stellaria nemorum,ForestDryPoor
2939851,Stellaria nemorum,ForestDryPoor
2939852,Stellaria nemorum,ForestDryPoor
2939855,Stellaria nemorum,ForestDryPoor
2942125,Stellaria nemorum,ForestDryPoor
2942126,Stellaria nemorum,ForestDryPoor
2942142,Stellaria nemorum,ForestDryPoor
2942143,Stellaria nemorum,ForestDryPoor
2942145,Stellaria nemorum,ForestDryPoor
2942146,Stellaria nemorum,ForestDryPoor
2942147,Stellaria nemorum,ForestDryPoor
2942148,Stellaria nemorum,ForestDryPoor
2942152,Stellaria nemorum,ForestDryPoor
2944425,Stellaria nemorum,ForestDryPoor
2944427,Stellaria nemorum,ForestDryPoor
2944445,Stellaria nemorum,ForestDryPoor
2944447,Stellaria nemorum,ForestDryPoor
2944448,Stellaria nemorum,ForestDryPoor
2944449,Stellaria nemorum,ForestDryPoor
2944451,Stellaria nemorum,ForestDryPoor
2946724,Stellaria nemorum,ForestDryPoor
2946727,Stellaria nemorum,ForestDryPoor
2946744,Stellaria nemorum,ForestDryPoor
2946745,Stellaria nemorum,ForestDryPoor
2946747,Stellaria nemorum,ForestDryPoor
2946748,Stellaria nemorum,ForestDryPoor
2946752,Stellaria nemorum,ForestDryPoor
2949024,Stellaria nemorum,ForestDryPoor
2949025,Stellaria nemorum,ForestDryPoor
2949026,Stellaria nemorum,ForestDryPoor
2949027,Stellaria nemorum,ForestDryPoor
2949028,Stellaria nemorum,ForestDryPoor
2951324,Stellaria nemorum,ForestDryPoor
2951325,Stellaria nemorum,ForestDryPoor
2951327,Stellaria nemorum,ForestDryPoor
2951328,Stellaria nemorum,ForestDryPoor
2951349,Stellaria nemorum,ForestDryPoor
2951360,Stellaria nemorum,ForestDryPoor
2951365,Stellaria nemorum,ForestDryPoor
2953624,Stellaria nemorum,ForestDryPoor
2953625,Stellaria nemorum,ForestDryPoor
2953626,Stellaria nemorum,ForestDryPoor
2953627,Stellaria nemorum,ForestDryPoor
2953628,Stellaria nemorum,ForestDryPoor
2953648,Stellaria nemorum,ForestDryPoor
2953659,Stellaria nemorum,ForestDryPoor
2953660,Stellaria nemorum,ForestDryPoor
2953661,Stellaria nemorum,ForestDryPoor
2953662,Stellaria nemorum,ForestDryPoor
2953666,Stellaria nemorum,ForestDryPoor
2953668,Stellaria nemorum,ForestDryPoor
2955928,Stellaria nemorum,ForestDryPoor
2955930,Stellaria nemorum,ForestDryPoor
2955931,Stellaria nemorum,ForestDryPoor
2955957,Stellaria nemorum,ForestDryPoor
2955958,Stellaria nemorum,ForestDryPoor
2955959,Stellaria nemorum,ForestDryPoor
2955961,Stellaria nemorum,ForestDryPoor
2955963,Stellaria nemorum,ForestDryPoor
2955964,Stellaria nemorum,ForestDryPoor
2955966,Stellaria nemorum,ForestDryPoor
2958226,Stellaria nemorum,ForestDryPoor
2958228,Stellaria nemorum,ForestDryPoor
2958229,Stellaria nemorum,ForestDryPoor
2958231,Stellaria nemorum,ForestDryPoor
2958232,Stellaria nemorum,ForestDryPoor
2958233,Stellaria nemorum,ForestDryPoor
2958234,Stellaria nemorum,ForestDryPoor
2958255,Stellaria nemorum,ForestDryPoor
2958258,Stellaria nemorum,ForestDryPoor
2958259,Stellaria nemorum,ForestDryPoor
2958262,Stellaria nemorum,ForestDryPoor
2958263,Stellaria nemorum,ForestDryPoor
2958264,Stellaria nemorum,ForestDryPoor
2958265,Stellaria nemorum,ForestDryPoor
2958267,Stellaria nemorum,ForestDryPoor
2960526,Stellaria nemorum,ForestDryPoor
2960528,Stellaria nemorum,ForestDryPoor
2960533,Stellaria nemorum,ForestDryPoor
2960534,Stellaria nemorum,ForestDryPoor
2960553,Stellaria nemorum,ForestDryPoor
2960556,Stellaria nemorum,ForestDryPoor
2960558,Stellaria nemorum,ForestDryPoor
2960560,Stellaria nemorum,ForestDryPoor
2960563,Stellaria nemorum,ForestDryPoor
2960564,Stellaria nemorum,ForestDryPoor
2960565,Stellaria nemorum,ForestDryPoor
2960566,Stellaria nemorum,ForestDryPoor
2962827,Stellaria nemorum,ForestDryPoor
2962831,Stellaria nemorum,ForestDryPoor
2962832,Stellaria nemorum,ForestDryPoor
2962854,Stellaria nemorum,ForestDryPoor
2962856,Stellaria nemorum,ForestDryPoor
2962857,Stellaria nemorum,ForestDryPoor
2962858,Stellaria nemorum,ForestDryPoor
2962859,Stellaria nemorum,ForestDryPoor
2962860,Stellaria nemorum,ForestDryPoor
2962867,Stellaria nemorum,ForestDryPoor
2965129,Stellaria nemorum,ForestDryPoor
2965131,Stellaria nemorum,ForestDryPoor
2965132,Stellaria nemorum,ForestDryPoor
2965133,Stellaria nemorum,ForestDryPoor
2965134,Stellaria nemorum,ForestDryPoor
2965154,Stellaria nemorum,ForestDryPoor
2965155,Stellaria nemorum,ForestDryPoor
2965165,Stellaria nemorum,ForestDryPoor
2965166,Stellaria nemorum,ForestDryPoor
2967465,Stellaria nemorum,ForestDryPoor
2967466,Stellaria nemorum,ForestDryPoor
2971876,Stellaria nemorum,ForestDryPoor
2971877,Stellaria nemorum,ForestDryPoor
2971878,Stellaria nemorum,ForestDryPoor
2972057,Stellaria nemorum,ForestDryPoor
2972058,Stellaria nemorum,ForestDryPoor
2972059,Stellaria nemorum,ForestDryPoor
2974176,Stellaria nemorum,ForestDryPoor
2974177,Stellaria nemorum,ForestDryPoor
2974178,Stellaria nemorum,ForestDryPoor
2974179,Stellaria nemorum,ForestDryPoor
2974356,Stellaria nemorum,ForestDryPoor
2974357,Stellaria nemorum,ForestDryPoor
2974358,Stellaria nemorum,ForestDryPoor
2976475,Stellaria nemorum,ForestDryPoor
2976478,Stellaria nemorum,ForestDryPoor
2976479,Stellaria nemorum,ForestDryPoor
2976656,Stellaria nemorum,ForestDryPoor
2978776,Stellaria nemorum,ForestDryPoor
2978777,Stellaria nemorum,ForestDryPoor
2978778,Stellaria nemorum,ForestDryPoor
2978779,Stellaria nemorum,ForestDryPoor
2978962,Stellaria nemorum,ForestDryPoor
2981076,Stellaria nemorum,ForestDryPoor
2981077,Stellaria nemorum,ForestDryPoor
2981078,Stellaria nemorum,ForestDryPoor
3004949,Stellaria nemorum,ForestDryPoor
3007249,Stellaria nemorum,ForestDryPoor
3009549,Stellaria nemorum,ForestDryPoor
3011849,Stellaria nemorum,ForestDryPoor
3014135,Stellaria nemorum,ForestDryPoor
3016603,Stellaria nemorum,ForestDryPoor
3016605,Stellaria nemorum,ForestDryPoor
3027171,Stellaria nemorum,ForestDryPoor
3027172,Stellaria nemorum,ForestDryPoor
3029470,Stellaria nemorum,ForestDryPoor
3029471,Stellaria nemorum,ForestDryPoor
3029472,Stellaria nemorum,ForestDryPoor
3029473,Stellaria nemorum,ForestDryPoor
3031769,Stellaria nemorum,ForestDryPoor
3031770,Stellaria nemorum,ForestDryPoor
3031771,Stellaria nemorum,ForestDryPoor
3031772,Stellaria nemorum,ForestDryPoor
3031773,Stellaria nemorum,ForestDryPoor
3034069,Stellaria nemorum,ForestDryPoor
3034070,Stellaria nemorum,ForestDryPoor
3034071,Stellaria nemorum,ForestDryPoor
3034072,Stellaria nemorum,ForestDryPoor
3034164,Stellaria nemorum,ForestDryPoor
3054860,Stellaria nemorum,ForestDryPoor
3073936,Stellaria nemorum,ForestDryPoor
3107662,Stellaria nemorum,ForestDryPoor
3107663,Stellaria nemorum,ForestDryPoor
3112259,Stellaria nemorum,ForestDryPoor
3114559,Stellaria nemorum,ForestDryPoor
3116862,Stellaria nemorum,ForestDryPoor
3117146,Stellaria nemorum,ForestDryPoor
3119445,Stellaria nemorum,ForestDryPoor
3119447,Stellaria nemorum,ForestDryPoor
3124045,Stellaria nemorum,ForestDryPoor
3124123,Stellaria nemorum,ForestDryPoor
3126416,Stellaria nemorum,ForestDryPoor
3126421,Stellaria nemorum,ForestDryPoor
3131125,Stellaria nemorum,ForestDryPoor
3131126,Stellaria nemorum,ForestDryPoor
3135724,Stellaria nemorum,ForestDryPoor
3135727,Stellaria nemorum,ForestDryPoor
3135728,Stellaria nemorum,ForestDryPoor
3138385,Stellaria nemorum,ForestDryPoor
3142433,Stellaria nemorum,ForestDryPoor
3144730,Stellaria nemorum,ForestDryPoor
3144731,Stellaria nemorum,ForestDryPoor
3144732,Stellaria nemorum,ForestDryPoor
3147032,Stellaria nemorum,ForestDryPoor
3149333,Stellaria nemorum,ForestDryPoor
3151435,Stellaria nemorum,ForestDryPoor
3151436,Stellaria nemorum,ForestDryPoor
3153734,Stellaria nemorum,ForestDryPoor
3153735,Stellaria nemorum,ForestDryPoor
3160639,Stellaria nemorum,ForestDryPoor
3162936,Stellaria nemorum,ForestDryPoor
3165257,Stellaria nemorum,ForestDryPoor
3167554,Stellaria nemorum,ForestDryPoor
3167557,Stellaria nemorum,ForestDryPoor
3169854,Stellaria nemorum,ForestDryPoor
3169855,Stellaria nemorum,ForestDryPoor
3169856,Stellaria nemorum,ForestDryPoor
3172154,Stellaria nemorum,ForestDryPoor
3172155,Stellaria nemorum,ForestDryPoor
3172157,Stellaria nemorum,ForestDryPoor
3182120,Stellaria nemorum,ForestDryPoor
3188686,Stellaria nemorum,ForestDryPoor
3188687,Stellaria nemorum,ForestDryPoor
3189057,Stellaria nemorum,ForestDryPoor
3190987,Stellaria nemorum,ForestDryPoor
3190988,Stellaria nemorum,ForestDryPoor
3191355,Stellaria nemorum,ForestDryPoor
3191367,Stellaria nemorum,ForestDryPoor
3193285,Stellaria nemorum,ForestDryPoor
3193286,Stellaria nemorum,ForestDryPoor
3193287,Stellaria nemorum,ForestDryPoor
3193288,Stellaria nemorum,ForestDryPoor
3195586,Stellaria nemorum,ForestDryPoor
3195957,Stellaria nemorum,ForestDryPoor
3195970,Stellaria nemorum,ForestDryPoor
3195971,Stellaria nemorum,ForestDryPoor
3196019,Stellaria nemorum,ForestDryPoor
3198271,Stellaria nemorum,ForestDryPoor
3198272,Stellaria nemorum,ForestDryPoor
3199642,Stellaria nemorum,ForestDryPoor
3200559,Stellaria nemorum,ForestDryPoor
3200573,Stellaria nemorum,ForestDryPoor
3202915,Stellaria nemorum,ForestDryPoor
3205161,Stellaria nemorum,ForestDryPoor
3205164,Stellaria nemorum,ForestDryPoor
3206539,Stellaria nemorum,ForestDryPoor
3206540,Stellaria nemorum,ForestDryPoor
3206541,Stellaria nemorum,ForestDryPoor
3207459,Stellaria nemorum,ForestDryPoor
3207460,Stellaria nemorum,ForestDryPoor
3207472,Stellaria nemorum,ForestDryPoor
3207514,Stellaria nemorum,ForestDryPoor
3208840,Stellaria nemorum,ForestDryPoor
3208841,Stellaria nemorum,ForestDryPoor
3208845,Stellaria nemorum,ForestDryPoor
3209270,Stellaria nemorum,ForestDryPoor
3209271,Stellaria nemorum,ForestDryPoor
3211139,Stellaria nemorum,ForestDryPoor
3211140,Stellaria nemorum,ForestDryPoor
3211141,Stellaria nemorum,ForestDryPoor
3211142,Stellaria nemorum,ForestDryPoor
3211144,Stellaria nemorum,ForestDryPoor
3211145,Stellaria nemorum,ForestDryPoor
3211146,Stellaria nemorum,ForestDryPoor
3211147,Stellaria nemorum,ForestDryPoor
3211570,Stellaria nemorum,ForestDryPoor
3211571,Stellaria nemorum,ForestDryPoor
3213439,Stellaria nemorum,ForestDryPoor
3213440,Stellaria nemorum,ForestDryPoor
3213441,Stellaria nemorum,ForestDryPoor
3213442,Stellaria nemorum,ForestDryPoor
3213443,Stellaria nemorum,ForestDryPoor
3213444,Stellaria nemorum,ForestDryPoor
3213445,Stellaria nemorum,ForestDryPoor
3213446,Stellaria nemorum,ForestDryPoor
3213447,Stellaria nemorum,ForestDryPoor
3213448,Stellaria nemorum,ForestDryPoor
3213869,Stellaria nemorum,ForestDryPoor
3213870,Stellaria nemorum,ForestDryPoor
3215739,Stellaria nemorum,ForestDryPoor
3215740,Stellaria nemorum,ForestDryPoor
3215741,Stellaria nemorum,ForestDryPoor
3215742,Stellaria nemorum,ForestDryPoor
3215743,Stellaria nemorum,ForestDryPoor
3215744,Stellaria nemorum,ForestDryPoor
3215745,Stellaria nemorum,ForestDryPoor
3215746,Stellaria nemorum,ForestDryPoor
3215747,Stellaria nemorum,ForestDryPoor
3215748,Stellaria nemorum,ForestDryPoor
3218039,Stellaria nemorum,ForestDryPoor
3218041,Stellaria nemorum,ForestDryPoor
3218042,Stellaria nemorum,ForestDryPoor
3218044,Stellaria nemorum,ForestDryPoor
3218045,Stellaria nemorum,ForestDryPoor
3218046,Stellaria nemorum,ForestDryPoor
3220351,Stellaria nemorum,ForestDryPoor
3220816,Stellaria nemorum,ForestDryPoor
3223115,Stellaria nemorum,ForestDryPoor
3227253,Stellaria nemorum,ForestDryPoor
3231854,Stellaria nemorum,ForestDryPoor
3237374,Stellaria nemorum,ForestDryPoor
3252908,Stellaria nemorum,ForestDryPoor
3266470,Stellaria nemorum,ForestDryPoor
3268769,Stellaria nemorum,ForestDryPoor
3268770,Stellaria nemorum,ForestDryPoor
3271069,Stellaria nemorum,ForestDryPoor
3271071,Stellaria nemorum,ForestDryPoor
3271072,Stellaria nemorum,ForestDryPoor
3273371,Stellaria nemorum,ForestDryPoor
3280299,Stellaria nemorum,ForestDryPoor
3280300,Stellaria nemorum,ForestDryPoor
3282599,Stellaria nemorum,ForestDryPoor
3282600,Stellaria nemorum,ForestDryPoor
3282610,Stellaria nemorum,ForestDryPoor
3282611,Stellaria nemorum,ForestDryPoor
3282800,Stellaria nemorum,ForestDryPoor
3283321,Stellaria nemorum,ForestDryPoor
3284899,Stellaria nemorum,ForestDryPoor
3284900,Stellaria nemorum,ForestDryPoor
3284901,Stellaria nemorum,ForestDryPoor
3284910,Stellaria nemorum,ForestDryPoor
3285099,Stellaria nemorum,ForestDryPoor
3287199,Stellaria nemorum,ForestDryPoor
3287200,Stellaria nemorum,ForestDryPoor
3287395,Stellaria nemorum,ForestDryPoor
3287399,Stellaria nemorum,ForestDryPoor
3289456,Stellaria nemorum,ForestDryPoor
3289457,Stellaria nemorum,ForestDryPoor
3289500,Stellaria nemorum,ForestDryPoor
3291757,Stellaria nemorum,ForestDryPoor
3291758,Stellaria nemorum,ForestDryPoor
3294047,Stellaria nemorum,ForestDryPoor
3296346,Stellaria nemorum,ForestDryPoor
3296347,Stellaria nemorum,ForestDryPoor
3296759,Stellaria nemorum,ForestDryPoor
3296760,Stellaria nemorum,ForestDryPoor
3298644,Stellaria nemorum,ForestDryPoor
3298645,Stellaria nemorum,ForestDryPoor
3299059,Stellaria nemorum,ForestDryPoor
3300945,Stellaria nemorum,ForestDryPoor
3313140,Stellaria nemorum,ForestDryPoor
3313141,Stellaria nemorum,ForestDryPoor
3313245,Stellaria nemorum,ForestDryPoor
3313295,Stellaria nemorum,ForestDryPoor
3315595,Stellaria nemorum,ForestDryPoor
3317894,Stellaria nemorum,ForestDryPoor
3317895,Stellaria nemorum,ForestDryPoor
3317897,Stellaria nemorum,ForestDryPoor
3317920,Stellaria nemorum,ForestDryPoor
3317921,Stellaria nemorum,ForestDryPoor
3317922,Stellaria nemorum,ForestDryPoor
3320194,Stellaria nemorum,ForestDryPoor
3320219,Stellaria nemorum,ForestDryPoor
3320220,Stellaria nemorum,ForestDryPoor
3322519,Stellaria nemorum,ForestDryPoor
3322521,Stellaria nemorum,ForestDryPoor
3331108,Stellaria nemorum,ForestDryPoor
3333407,Stellaria nemorum,ForestDryPoor
3333408,Stellaria nemorum,ForestDryPoor
3333410,Stellaria nemorum,ForestDryPoor
3335707,Stellaria nemorum,ForestDryPoor
3335710,Stellaria nemorum,ForestDryPoor
3338006,Stellaria nemorum,ForestDryPoor
3338007,Stellaria nemorum,ForestDryPoor
3338008,Stellaria nemorum,ForestDryPoor
3338009,Stellaria nemorum,ForestDryPoor
3340286,Stellaria nemorum,ForestDryPoor
3340309,Stellaria nemorum,ForestDryPoor
3342585,Stellaria nemorum,ForestDryPoor
3344885,Stellaria nemorum,ForestDryPoor
3361031,Stellaria nemorum,ForestDryPoor
3365364,Stellaria nemorum,ForestDryPoor
3365373,Stellaria nemorum,ForestDryPoor
3365628,Stellaria nemorum,ForestDryPoor
3365629,Stellaria nemorum,ForestDryPoor
3367672,Stellaria nemorum,ForestDryPoor
3367920,Stellaria nemorum,ForestDryPoor
3367921,Stellaria nemorum,ForestDryPoor
3367922,Stellaria nemorum,ForestDryPoor
3367926,Stellaria nemorum,ForestDryPoor
3367927,Stellaria nemorum,ForestDryPoor
3367928,Stellaria nemorum,ForestDryPoor
3370219,Stellaria nemorum,ForestDryPoor
3370220,Stellaria nemorum,ForestDryPoor
3370221,Stellaria nemorum,ForestDryPoor
3370222,Stellaria nemorum,ForestDryPoor
3370223,Stellaria nemorum,ForestDryPoor
3370226,Stellaria nemorum,ForestDryPoor
3370228,Stellaria nemorum,ForestDryPoor
3372519,Stellaria nemorum,ForestDryPoor
3372520,Stellaria nemorum,ForestDryPoor
3372521,Stellaria nemorum,ForestDryPoor
3372522,Stellaria nemorum,ForestDryPoor
3372523,Stellaria nemorum,ForestDryPoor
3372526,Stellaria nemorum,ForestDryPoor
3372528,Stellaria nemorum,ForestDryPoor
3372652,Stellaria nemorum,ForestDryPoor
3374819,Stellaria nemorum,ForestDryPoor
3374820,Stellaria nemorum,ForestDryPoor
3374822,Stellaria nemorum,ForestDryPoor
3374826,Stellaria nemorum,ForestDryPoor
3374828,Stellaria nemorum,ForestDryPoor
3374829,Stellaria nemorum,ForestDryPoor
3379550,Stellaria nemorum,ForestDryPoor
3384624,Stellaria nemorum,ForestDryPoor
3388749,Stellaria nemorum,ForestDryPoor
3390549,Stellaria nemorum,ForestDryPoor
3390550,Stellaria nemorum,ForestDryPoor
3390552,Stellaria nemorum,ForestDryPoor
3391049,Stellaria nemorum,ForestDryPoor
3392849,Stellaria nemorum,ForestDryPoor
3392850,Stellaria nemorum,ForestDryPoor
3392852,Stellaria nemorum,ForestDryPoor
3392854,Stellaria nemorum,ForestDryPoor
3395148,Stellaria nemorum,ForestDryPoor
3395149,Stellaria nemorum,ForestDryPoor
3395150,Stellaria nemorum,ForestDryPoor
3395153,Stellaria nemorum,ForestDryPoor
3395154,Stellaria nemorum,ForestDryPoor
3395155,Stellaria nemorum,ForestDryPoor
3395543,Stellaria nemorum,ForestDryPoor
3395544,Stellaria nemorum,ForestDryPoor
3397449,Stellaria nemorum,ForestDryPoor
3397454,Stellaria nemorum,ForestDryPoor
3397455,Stellaria nemorum,ForestDryPoor
3397456,Stellaria nemorum,ForestDryPoor
3397841,Stellaria nemorum,ForestDryPoor
3397843,Stellaria nemorum,ForestDryPoor
3397844,Stellaria nemorum,ForestDryPoor
3397878,Stellaria nemorum,ForestDryPoor
3399749,Stellaria nemorum,ForestDryPoor
3399750,Stellaria nemorum,ForestDryPoor
3399754,Stellaria nemorum,ForestDryPoor
3399755,Stellaria nemorum,ForestDryPoor
3400144,Stellaria nemorum,ForestDryPoor
3402049,Stellaria nemorum,ForestDryPoor
3402050,Stellaria nemorum,ForestDryPoor
3402054,Stellaria nemorum,ForestDryPoor
3402438,Stellaria nemorum,ForestDryPoor
3404350,Stellaria nemorum,ForestDryPoor
3404351,Stellaria nemorum,ForestDryPoor
3404352,Stellaria nemorum,ForestDryPoor
3404353,Stellaria nemorum,ForestDryPoor
3404354,Stellaria nemorum,ForestDryPoor
3404355,Stellaria nemorum,ForestDryPoor
3404736,Stellaria nemorum,ForestDryPoor
3406639,Stellaria nemorum,ForestDryPoor
3406640,Stellaria nemorum,ForestDryPoor
3406641,Stellaria nemorum,ForestDryPoor
3406651,Stellaria nemorum,ForestDryPoor
3406653,Stellaria nemorum,ForestDryPoor
3406654,Stellaria nemorum,ForestDryPoor
3406655,Stellaria nemorum,ForestDryPoor
3408939,Stellaria nemorum,ForestDryPoor
3408940,Stellaria nemorum,ForestDryPoor
3408942,Stellaria nemorum,ForestDryPoor
3409258,Stellaria nemorum,ForestDryPoor
3409336,Stellaria nemorum,ForestDryPoor
3409337,Stellaria nemorum,ForestDryPoor
3411239,Stellaria nemorum,ForestDryPoor
3411241,Stellaria nemorum,ForestDryPoor
3411242,Stellaria nemorum,ForestDryPoor
3411243,Stellaria nemorum,ForestDryPoor
3411557,Stellaria nemorum,ForestDryPoor
3411558,Stellaria nemorum,ForestDryPoor
3413540,Stellaria nemorum,ForestDryPoor
3413541,Stellaria nemorum,ForestDryPoor
3413548,Stellaria nemorum,ForestDryPoor
3413856,Stellaria nemorum,ForestDryPoor
3413857,Stellaria nemorum,ForestDryPoor
3413858,Stellaria nemorum,ForestDryPoor
3415846,Stellaria nemorum,ForestDryPoor
3415847,Stellaria nemorum,ForestDryPoor
3415848,Stellaria nemorum,ForestDryPoor
3415849,Stellaria nemorum,ForestDryPoor
3416156,Stellaria nemorum,ForestDryPoor
3416157,Stellaria nemorum,ForestDryPoor
3416161,Stellaria nemorum,ForestDryPoor
3416162,Stellaria nemorum,ForestDryPoor
3418146,Stellaria nemorum,ForestDryPoor
3418147,Stellaria nemorum,ForestDryPoor
3418148,Stellaria nemorum,ForestDryPoor
3418151,Stellaria nemorum,ForestDryPoor
3418152,Stellaria nemorum,ForestDryPoor
3418457,Stellaria nemorum,ForestDryPoor
3418462,Stellaria nemorum,ForestDryPoor
3418463,Stellaria nemorum,ForestDryPoor
3420446,Stellaria nemorum,ForestDryPoor
3420451,Stellaria nemorum,ForestDryPoor
3420452,Stellaria nemorum,ForestDryPoor
3420453,Stellaria nemorum,ForestDryPoor
3420764,Stellaria nemorum,ForestDryPoor
3420891,Stellaria nemorum,ForestDryPoor
3422746,Stellaria nemorum,ForestDryPoor
3425049,Stellaria nemorum,ForestDryPoor
3425050,Stellaria nemorum,ForestDryPoor
3425052,Stellaria nemorum,ForestDryPoor
3425492,Stellaria nemorum,ForestDryPoor
3427345,Stellaria nemorum,ForestDryPoor
3427346,Stellaria nemorum,ForestDryPoor
3427352,Stellaria nemorum,ForestDryPoor
3427353,Stellaria nemorum,ForestDryPoor
3427768,Stellaria nemorum,ForestDryPoor
3429644,Stellaria nemorum,ForestDryPoor
3429645,Stellaria nemorum,ForestDryPoor
3429646,Stellaria nemorum,ForestDryPoor
3429647,Stellaria nemorum,ForestDryPoor
3429649,Stellaria nemorum,ForestDryPoor
3429650,Stellaria nemorum,ForestDryPoor
3429653,Stellaria nemorum,ForestDryPoor
3431947,Stellaria nemorum,ForestDryPoor
3431948,Stellaria nemorum,ForestDryPoor
3431949,Stellaria nemorum,ForestDryPoor
3431950,Stellaria nemorum,ForestDryPoor
3431953,Stellaria nemorum,ForestDryPoor
3434244,Stellaria nemorum,ForestDryPoor
3434246,Stellaria nemorum,ForestDryPoor
3434247,Stellaria nemorum,ForestDryPoor
3434248,Stellaria nemorum,ForestDryPoor
3434250,Stellaria nemorum,ForestDryPoor
3434251,Stellaria nemorum,ForestDryPoor
3434252,Stellaria nemorum,ForestDryPoor
3434260,Stellaria nemorum,ForestDryPoor
3434261,Stellaria nemorum,ForestDryPoor
3436544,Stellaria nemorum,ForestDryPoor
3436545,Stellaria nemorum,ForestDryPoor
3436546,Stellaria nemorum,ForestDryPoor
3436560,Stellaria nemorum,ForestDryPoor
3436561,Stellaria nemorum,ForestDryPoor
3436562,Stellaria nemorum,ForestDryPoor
3436977,Stellaria nemorum,ForestDryPoor
3439252,Stellaria nemorum,ForestDryPoor
3441547,Stellaria nemorum,ForestDryPoor
3441548,Stellaria nemorum,ForestDryPoor
3443579,Stellaria nemorum,ForestDryPoor
3443580,Stellaria nemorum,ForestDryPoor
3443847,Stellaria nemorum,ForestDryPoor
3443848,Stellaria nemorum,ForestDryPoor
3448179,Stellaria nemorum,ForestDryPoor
3448447,Stellaria nemorum,ForestDryPoor
3452774,Stellaria nemorum,ForestDryPoor
3452775,Stellaria nemorum,ForestDryPoor
3455076,Stellaria nemorum,ForestDryPoor
3459675,Stellaria nemorum,ForestDryPoor
3459676,Stellaria nemorum,ForestDryPoor
3459678,Stellaria nemorum,ForestDryPoor
3459679,Stellaria nemorum,ForestDryPoor
3461975,Stellaria nemorum,ForestDryPoor
3461976,Stellaria nemorum,ForestDryPoor
3461978,Stellaria nemorum,ForestDryPoor
3464277,Stellaria nemorum,ForestDryPoor
3526376,Stellaria nemorum,ForestDryPoor
3529498,Stellaria nemorum,ForestDryPoor
3529499,Stellaria nemorum,ForestDryPoor
3531798,Stellaria nemorum,ForestDryPoor
3531799,Stellaria nemorum,ForestDryPoor
3534095,Stellaria nemorum,ForestDryPoor
3534096,Stellaria nemorum,ForestDryPoor
3534097,Stellaria nemorum,ForestDryPoor
3534098,Stellaria nemorum,ForestDryPoor
3535575,Stellaria nemorum,ForestDryPoor
3536396,Stellaria nemorum,ForestDryPoor
3536397,Stellaria nemorum,ForestDryPoor
3543282,Stellaria nemorum,ForestDryPoor
3548064,Stellaria nemorum,ForestDryPoor
3549361,Stellaria nemorum,ForestDryPoor
3550364,Stellaria nemorum,ForestDryPoor
3550365,Stellaria nemorum,ForestDryPoor
3551657,Stellaria nemorum,ForestDryPoor
3552663,Stellaria nemorum,ForestDryPoor
3552664,Stellaria nemorum,ForestDryPoor
3552665,Stellaria nemorum,ForestDryPoor
3554963,Stellaria nemorum,ForestDryPoor
3554965,Stellaria nemorum,ForestDryPoor
3557263,Stellaria nemorum,ForestDryPoor
3557264,Stellaria nemorum,ForestDryPoor
3565324,Stellaria nemorum,ForestDryPoor
3567626,Stellaria nemorum,ForestDryPoor
3570925,Stellaria nemorum,ForestDryPoor
3572223,Stellaria nemorum,ForestDryPoor
3574668,Stellaria nemorum,ForestDryPoor
3581570,Stellaria nemorum,ForestDryPoor
3583869,Stellaria nemorum,ForestDryPoor
3593423,Stellaria nemorum,ForestDryPoor
3613832,Stellaria nemorum,ForestDryPoor
3645978,Stellaria nemorum,ForestDryPoor
3645979,Stellaria nemorum,ForestDryPoor
3648276,Stellaria nemorum,ForestDryPoor
3648278,Stellaria nemorum,ForestDryPoor
3648280,Stellaria nemorum,ForestDryPoor
3650578,Stellaria nemorum,ForestDryPoor
3650579,Stellaria nemorum,ForestDryPoor
3652878,Stellaria nemorum,ForestDryPoor
3652880,Stellaria nemorum,ForestDryPoor
3655179,Stellaria nemorum,ForestDryPoor
3708104,Stellaria nemorum,ForestDryPoor
3710404,Stellaria nemorum,ForestDryPoor
3760992,Stellaria nemorum,ForestDryPoor
3797766,Stellaria nemorum,ForestDryPoor
3797767,Stellaria nemorum,ForestDryPoor
3800067,Stellaria nemorum,ForestDryPoor
3800068,Stellaria nemorum,ForestDryPoor
