1543808,Anthericum liliago,OpenDryPoor
1543809,Anthericum liliago,OpenDryPoor
1543810,Anthericum liliago,OpenDryPoor
1546106,Anthericum liliago,OpenDryPoor
1546107,Anthericum liliago,OpenDryPoor
1546108,Anthericum liliago,OpenDryPoor
1546109,Anthericum liliago,OpenDryPoor
1546110,Anthericum liliago,OpenDryPoor
1546111,Anthericum liliago,OpenDryPoor
1548406,Anthericum liliago,OpenDryPoor
1548407,Anthericum liliago,OpenDryPoor
1548408,Anthericum liliago,OpenDryPoor
1548411,Anthericum liliago,OpenDryPoor
1550706,Anthericum liliago,OpenDryPoor
1550707,Anthericum liliago,OpenDryPoor
1550709,Anthericum liliago,OpenDryPoor
1550710,Anthericum liliago,OpenDryPoor
1553007,Anthericum liliago,OpenDryPoor
1553008,Anthericum liliago,OpenDryPoor
1608180,Anthericum liliago,OpenDryPoor
1608183,Anthericum liliago,OpenDryPoor
1608184,Anthericum liliago,OpenDryPoor
1610479,Anthericum liliago,OpenDryPoor
1610480,Anthericum liliago,OpenDryPoor
1610481,Anthericum liliago,OpenDryPoor
1610483,Anthericum liliago,OpenDryPoor
1610484,Anthericum liliago,OpenDryPoor
1612778,Anthericum liliago,OpenDryPoor
1612779,Anthericum liliago,OpenDryPoor
1612780,Anthericum liliago,OpenDryPoor
1612782,Anthericum liliago,OpenDryPoor
1612783,Anthericum liliago,OpenDryPoor
1612784,Anthericum liliago,OpenDryPoor
1615078,Anthericum liliago,OpenDryPoor
1615079,Anthericum liliago,OpenDryPoor
1615080,Anthericum liliago,OpenDryPoor
1615081,Anthericum liliago,OpenDryPoor
1615083,Anthericum liliago,OpenDryPoor
1615084,Anthericum liliago,OpenDryPoor
1617379,Anthericum liliago,OpenDryPoor
1617380,Anthericum liliago,OpenDryPoor
1617381,Anthericum liliago,OpenDryPoor
1617382,Anthericum liliago,OpenDryPoor
1617383,Anthericum liliago,OpenDryPoor
1617384,Anthericum liliago,OpenDryPoor
1647265,Anthericum liliago,OpenDryPoor
1647266,Anthericum liliago,OpenDryPoor
1647267,Anthericum liliago,OpenDryPoor
1649564,Anthericum liliago,OpenDryPoor
1649567,Anthericum liliago,OpenDryPoor
1649568,Anthericum liliago,OpenDryPoor
1651864,Anthericum liliago,OpenDryPoor
1651866,Anthericum liliago,OpenDryPoor
1651867,Anthericum liliago,OpenDryPoor
1654164,Anthericum liliago,OpenDryPoor
1654165,Anthericum liliago,OpenDryPoor
1654166,Anthericum liliago,OpenDryPoor
1654167,Anthericum liliago,OpenDryPoor
1886398,Anthericum liliago,OpenDryPoor
1888698,Anthericum liliago,OpenDryPoor
1890998,Anthericum liliago,OpenDryPoor
2229999,Anthericum liliago,OpenDryPoor
2232298,Anthericum liliago,OpenDryPoor
2234597,Anthericum liliago,OpenDryPoor
2243795,Anthericum liliago,OpenDryPoor
2248394,Anthericum liliago,OpenDryPoor
2512983,Anthericum liliago,OpenDryPoor
3354121,Anthericum liliago,OpenDryPoor
3354122,Anthericum liliago,OpenDryPoor
3354123,Anthericum liliago,OpenDryPoor
3356421,Anthericum liliago,OpenDryPoor
3358720,Anthericum liliago,OpenDryPoor
3358721,Anthericum liliago,OpenDryPoor
3361022,Anthericum liliago,OpenDryPoor
3361023,Anthericum liliago,OpenDryPoor
3363321,Anthericum liliago,OpenDryPoor
3363323,Anthericum liliago,OpenDryPoor
