849021,Calystegia soldanella,OpenDryPoor
851320,Calystegia soldanella,OpenDryPoor
853619,Calystegia soldanella,OpenDryPoor
894910,Calystegia soldanella,OpenDryPoor
897210,Calystegia soldanella,OpenDryPoor
897211,Calystegia soldanella,OpenDryPoor
1088410,Calystegia soldanella,OpenDryPoor
1090710,Calystegia soldanella,OpenDryPoor
1304200,Calystegia soldanella,OpenDryPoor
1306500,Calystegia soldanella,OpenDryPoor
1306501,Calystegia soldanella,OpenDryPoor
1320299,Calystegia soldanella,OpenDryPoor
1320300,Calystegia soldanella,OpenDryPoor
1320301,Calystegia soldanella,OpenDryPoor
1320302,Calystegia soldanella,OpenDryPoor
1322599,Calystegia soldanella,OpenDryPoor
1327201,Calystegia soldanella,OpenDryPoor
1396200,Calystegia soldanella,OpenDryPoor
1396201,Calystegia soldanella,OpenDryPoor
1398501,Calystegia soldanella,OpenDryPoor
2310020,Calystegia soldanella,OpenDryPoor
2312319,Calystegia soldanella,OpenDryPoor
2312320,Calystegia soldanella,OpenDryPoor
2674974,Calystegia soldanella,OpenDryPoor
2674975,Calystegia soldanella,OpenDryPoor
2677273,Calystegia soldanella,OpenDryPoor
2677274,Calystegia soldanella,OpenDryPoor
3372816,Calystegia soldanella,OpenDryPoor
3372817,Calystegia soldanella,OpenDryPoor
3375117,Calystegia soldanella,OpenDryPoor
3477777,Calystegia soldanella,OpenDryPoor
3480077,Calystegia soldanella,OpenDryPoor
3480078,Calystegia soldanella,OpenDryPoor
3482378,Calystegia soldanella,OpenDryPoor
3482379,Calystegia soldanella,OpenDryPoor
3484679,Calystegia soldanella,OpenDryPoor
3486979,Calystegia soldanella,OpenDryPoor
3486980,Calystegia soldanella,OpenDryPoor
3486981,Calystegia soldanella,OpenDryPoor
3489280,Calystegia soldanella,OpenDryPoor
3489281,Calystegia soldanella,OpenDryPoor
3489282,Calystegia soldanella,OpenDryPoor
3491581,Calystegia soldanella,OpenDryPoor
3491582,Calystegia soldanella,OpenDryPoor
3493882,Calystegia soldanella,OpenDryPoor
