288172,Elymus caninus,OpenDryPoor
290472,Elymus caninus,OpenDryPoor
292770,Elymus caninus,OpenDryPoor
292771,Elymus caninus,OpenDryPoor
292772,Elymus caninus,OpenDryPoor
292789,Elymus caninus,OpenDryPoor
292790,Elymus caninus,OpenDryPoor
292791,Elymus caninus,OpenDryPoor
295069,Elymus caninus,OpenDryPoor
295070,Elymus caninus,OpenDryPoor
295072,Elymus caninus,OpenDryPoor
295088,Elymus caninus,OpenDryPoor
295090,Elymus caninus,OpenDryPoor
295091,Elymus caninus,OpenDryPoor
295092,Elymus caninus,OpenDryPoor
297370,Elymus caninus,OpenDryPoor
297388,Elymus caninus,OpenDryPoor
297390,Elymus caninus,OpenDryPoor
297392,Elymus caninus,OpenDryPoor
299688,Elymus caninus,OpenDryPoor
299689,Elymus caninus,OpenDryPoor
299691,Elymus caninus,OpenDryPoor
322615,Elymus caninus,OpenDryPoor
327214,Elymus caninus,OpenDryPoor
375619,Elymus caninus,OpenDryPoor
375620,Elymus caninus,OpenDryPoor
375621,Elymus caninus,OpenDryPoor
377920,Elymus caninus,OpenDryPoor
377921,Elymus caninus,OpenDryPoor
380218,Elymus caninus,OpenDryPoor
380220,Elymus caninus,OpenDryPoor
380221,Elymus caninus,OpenDryPoor
382518,Elymus caninus,OpenDryPoor
382519,Elymus caninus,OpenDryPoor
382520,Elymus caninus,OpenDryPoor
382521,Elymus caninus,OpenDryPoor
382522,Elymus caninus,OpenDryPoor
384819,Elymus caninus,OpenDryPoor
384821,Elymus caninus,OpenDryPoor
433179,Elymus caninus,OpenDryPoor
435480,Elymus caninus,OpenDryPoor
435481,Elymus caninus,OpenDryPoor
444499,Elymus caninus,OpenDryPoor
444500,Elymus caninus,OpenDryPoor
444501,Elymus caninus,OpenDryPoor
444502,Elymus caninus,OpenDryPoor
446799,Elymus caninus,OpenDryPoor
446800,Elymus caninus,OpenDryPoor
446801,Elymus caninus,OpenDryPoor
446802,Elymus caninus,OpenDryPoor
446803,Elymus caninus,OpenDryPoor
449099,Elymus caninus,OpenDryPoor
449101,Elymus caninus,OpenDryPoor
451400,Elymus caninus,OpenDryPoor
582523,Elymus caninus,OpenDryPoor
584821,Elymus caninus,OpenDryPoor
587122,Elymus caninus,OpenDryPoor
589422,Elymus caninus,OpenDryPoor
591880,Elymus caninus,OpenDryPoor
591882,Elymus caninus,OpenDryPoor
596479,Elymus caninus,OpenDryPoor
598782,Elymus caninus,OpenDryPoor
598783,Elymus caninus,OpenDryPoor
608187,Elymus caninus,OpenDryPoor
608188,Elymus caninus,OpenDryPoor
610489,Elymus caninus,OpenDryPoor
617386,Elymus caninus,OpenDryPoor
628668,Elymus caninus,OpenDryPoor
628875,Elymus caninus,OpenDryPoor
630968,Elymus caninus,OpenDryPoor
630970,Elymus caninus,OpenDryPoor
630971,Elymus caninus,OpenDryPoor
631175,Elymus caninus,OpenDryPoor
631178,Elymus caninus,OpenDryPoor
633267,Elymus caninus,OpenDryPoor
633271,Elymus caninus,OpenDryPoor
633474,Elymus caninus,OpenDryPoor
633475,Elymus caninus,OpenDryPoor
635568,Elymus caninus,OpenDryPoor
635569,Elymus caninus,OpenDryPoor
635570,Elymus caninus,OpenDryPoor
637870,Elymus caninus,OpenDryPoor
644553,Elymus caninus,OpenDryPoor
672562,Elymus caninus,OpenDryPoor
674505,Elymus caninus,OpenDryPoor
674506,Elymus caninus,OpenDryPoor
674862,Elymus caninus,OpenDryPoor
674863,Elymus caninus,OpenDryPoor
676804,Elymus caninus,OpenDryPoor
676806,Elymus caninus,OpenDryPoor
676807,Elymus caninus,OpenDryPoor
676808,Elymus caninus,OpenDryPoor
677158,Elymus caninus,OpenDryPoor
677163,Elymus caninus,OpenDryPoor
679104,Elymus caninus,OpenDryPoor
679105,Elymus caninus,OpenDryPoor
679106,Elymus caninus,OpenDryPoor
679108,Elymus caninus,OpenDryPoor
679457,Elymus caninus,OpenDryPoor
681404,Elymus caninus,OpenDryPoor
681406,Elymus caninus,OpenDryPoor
681408,Elymus caninus,OpenDryPoor
683705,Elymus caninus,OpenDryPoor
683706,Elymus caninus,OpenDryPoor
683707,Elymus caninus,OpenDryPoor
684058,Elymus caninus,OpenDryPoor
686360,Elymus caninus,OpenDryPoor
759744,Elymus caninus,OpenDryPoor
759745,Elymus caninus,OpenDryPoor
762043,Elymus caninus,OpenDryPoor
762044,Elymus caninus,OpenDryPoor
762045,Elymus caninus,OpenDryPoor
762046,Elymus caninus,OpenDryPoor
764343,Elymus caninus,OpenDryPoor
764344,Elymus caninus,OpenDryPoor
764345,Elymus caninus,OpenDryPoor
764346,Elymus caninus,OpenDryPoor
764347,Elymus caninus,OpenDryPoor
766643,Elymus caninus,OpenDryPoor
766644,Elymus caninus,OpenDryPoor
766645,Elymus caninus,OpenDryPoor
766646,Elymus caninus,OpenDryPoor
766647,Elymus caninus,OpenDryPoor
768943,Elymus caninus,OpenDryPoor
768945,Elymus caninus,OpenDryPoor
768946,Elymus caninus,OpenDryPoor
782738,Elymus caninus,OpenDryPoor
782740,Elymus caninus,OpenDryPoor
785038,Elymus caninus,OpenDryPoor
785039,Elymus caninus,OpenDryPoor
785041,Elymus caninus,OpenDryPoor
787337,Elymus caninus,OpenDryPoor
787338,Elymus caninus,OpenDryPoor
787339,Elymus caninus,OpenDryPoor
787340,Elymus caninus,OpenDryPoor
787341,Elymus caninus,OpenDryPoor
789638,Elymus caninus,OpenDryPoor
789639,Elymus caninus,OpenDryPoor
789641,Elymus caninus,OpenDryPoor
791939,Elymus caninus,OpenDryPoor
791940,Elymus caninus,OpenDryPoor
805766,Elymus caninus,OpenDryPoor
805767,Elymus caninus,OpenDryPoor
805768,Elymus caninus,OpenDryPoor
808066,Elymus caninus,OpenDryPoor
808068,Elymus caninus,OpenDryPoor
808069,Elymus caninus,OpenDryPoor
810368,Elymus caninus,OpenDryPoor
810369,Elymus caninus,OpenDryPoor
812667,Elymus caninus,OpenDryPoor
812668,Elymus caninus,OpenDryPoor
814966,Elymus caninus,OpenDryPoor
814967,Elymus caninus,OpenDryPoor
842416,Elymus caninus,OpenDryPoor
842520,Elymus caninus,OpenDryPoor
842522,Elymus caninus,OpenDryPoor
844821,Elymus caninus,OpenDryPoor
844822,Elymus caninus,OpenDryPoor
847016,Elymus caninus,OpenDryPoor
847119,Elymus caninus,OpenDryPoor
847120,Elymus caninus,OpenDryPoor
847123,Elymus caninus,OpenDryPoor
849421,Elymus caninus,OpenDryPoor
849453,Elymus caninus,OpenDryPoor
851752,Elymus caninus,OpenDryPoor
851753,Elymus caninus,OpenDryPoor
851754,Elymus caninus,OpenDryPoor
851756,Elymus caninus,OpenDryPoor
854052,Elymus caninus,OpenDryPoor
854054,Elymus caninus,OpenDryPoor
856353,Elymus caninus,OpenDryPoor
856355,Elymus caninus,OpenDryPoor
856356,Elymus caninus,OpenDryPoor
888256,Elymus caninus,OpenDryPoor
890556,Elymus caninus,OpenDryPoor
890557,Elymus caninus,OpenDryPoor
892857,Elymus caninus,OpenDryPoor
892859,Elymus caninus,OpenDryPoor
895156,Elymus caninus,OpenDryPoor
895158,Elymus caninus,OpenDryPoor
895159,Elymus caninus,OpenDryPoor
897457,Elymus caninus,OpenDryPoor
897458,Elymus caninus,OpenDryPoor
1070080,Elymus caninus,OpenDryPoor
1072394,Elymus caninus,OpenDryPoor
1072517,Elymus caninus,OpenDryPoor
1074694,Elymus caninus,OpenDryPoor
1074814,Elymus caninus,OpenDryPoor
1074815,Elymus caninus,OpenDryPoor
1074816,Elymus caninus,OpenDryPoor
1074817,Elymus caninus,OpenDryPoor
1074818,Elymus caninus,OpenDryPoor
1077115,Elymus caninus,OpenDryPoor
1077116,Elymus caninus,OpenDryPoor
1077117,Elymus caninus,OpenDryPoor
1077118,Elymus caninus,OpenDryPoor
1079414,Elymus caninus,OpenDryPoor
1079415,Elymus caninus,OpenDryPoor
1079416,Elymus caninus,OpenDryPoor
1122567,Elymus caninus,OpenDryPoor
1122568,Elymus caninus,OpenDryPoor
1124868,Elymus caninus,OpenDryPoor
1124870,Elymus caninus,OpenDryPoor
1124871,Elymus caninus,OpenDryPoor
1127167,Elymus caninus,OpenDryPoor
1127169,Elymus caninus,OpenDryPoor
1127170,Elymus caninus,OpenDryPoor
1129469,Elymus caninus,OpenDryPoor
1148230,Elymus caninus,OpenDryPoor
1150530,Elymus caninus,OpenDryPoor
1150532,Elymus caninus,OpenDryPoor
1152832,Elymus caninus,OpenDryPoor
1152833,Elymus caninus,OpenDryPoor
1155133,Elymus caninus,OpenDryPoor
1162118,Elymus caninus,OpenDryPoor
1162119,Elymus caninus,OpenDryPoor
1162120,Elymus caninus,OpenDryPoor
1164417,Elymus caninus,OpenDryPoor
1164418,Elymus caninus,OpenDryPoor
1164420,Elymus caninus,OpenDryPoor
1164489,Elymus caninus,OpenDryPoor
1164490,Elymus caninus,OpenDryPoor
1166718,Elymus caninus,OpenDryPoor
1166788,Elymus caninus,OpenDryPoor
1166789,Elymus caninus,OpenDryPoor
1166791,Elymus caninus,OpenDryPoor
1169088,Elymus caninus,OpenDryPoor
1169090,Elymus caninus,OpenDryPoor
1171388,Elymus caninus,OpenDryPoor
1171389,Elymus caninus,OpenDryPoor
1173688,Elymus caninus,OpenDryPoor
1173689,Elymus caninus,OpenDryPoor
1214995,Elymus caninus,OpenDryPoor
1214996,Elymus caninus,OpenDryPoor
1217296,Elymus caninus,OpenDryPoor
1217298,Elymus caninus,OpenDryPoor
1219594,Elymus caninus,OpenDryPoor
1219595,Elymus caninus,OpenDryPoor
1219596,Elymus caninus,OpenDryPoor
1219597,Elymus caninus,OpenDryPoor
1221894,Elymus caninus,OpenDryPoor
1221895,Elymus caninus,OpenDryPoor
1221896,Elymus caninus,OpenDryPoor
1221897,Elymus caninus,OpenDryPoor
1224194,Elymus caninus,OpenDryPoor
1224195,Elymus caninus,OpenDryPoor
1224196,Elymus caninus,OpenDryPoor
1224197,Elymus caninus,OpenDryPoor
1226494,Elymus caninus,OpenDryPoor
1226495,Elymus caninus,OpenDryPoor
1226496,Elymus caninus,OpenDryPoor
1228795,Elymus caninus,OpenDryPoor
1231091,Elymus caninus,OpenDryPoor
1233389,Elymus caninus,OpenDryPoor
1235689,Elymus caninus,OpenDryPoor
1235690,Elymus caninus,OpenDryPoor
1237989,Elymus caninus,OpenDryPoor
1237990,Elymus caninus,OpenDryPoor
1237991,Elymus caninus,OpenDryPoor
1240290,Elymus caninus,OpenDryPoor
1240291,Elymus caninus,OpenDryPoor
1240292,Elymus caninus,OpenDryPoor
1254160,Elymus caninus,OpenDryPoor
1254161,Elymus caninus,OpenDryPoor
1256459,Elymus caninus,OpenDryPoor
1256460,Elymus caninus,OpenDryPoor
1256461,Elymus caninus,OpenDryPoor
1256462,Elymus caninus,OpenDryPoor
1258759,Elymus caninus,OpenDryPoor
1258761,Elymus caninus,OpenDryPoor
1258762,Elymus caninus,OpenDryPoor
1261059,Elymus caninus,OpenDryPoor
1261060,Elymus caninus,OpenDryPoor
1261061,Elymus caninus,OpenDryPoor
1261062,Elymus caninus,OpenDryPoor
1261063,Elymus caninus,OpenDryPoor
1263359,Elymus caninus,OpenDryPoor
1263361,Elymus caninus,OpenDryPoor
1263362,Elymus caninus,OpenDryPoor
1277073,Elymus caninus,OpenDryPoor
1277074,Elymus caninus,OpenDryPoor
1279373,Elymus caninus,OpenDryPoor
1279374,Elymus caninus,OpenDryPoor
1281673,Elymus caninus,OpenDryPoor
1281674,Elymus caninus,OpenDryPoor
1346155,Elymus caninus,OpenDryPoor
1346190,Elymus caninus,OpenDryPoor
1348409,Elymus caninus,OpenDryPoor
1348455,Elymus caninus,OpenDryPoor
1350707,Elymus caninus,OpenDryPoor
1350708,Elymus caninus,OpenDryPoor
1350709,Elymus caninus,OpenDryPoor
1350710,Elymus caninus,OpenDryPoor
1350711,Elymus caninus,OpenDryPoor
1350755,Elymus caninus,OpenDryPoor
1350758,Elymus caninus,OpenDryPoor
1353007,Elymus caninus,OpenDryPoor
1353008,Elymus caninus,OpenDryPoor
1353009,Elymus caninus,OpenDryPoor
1353010,Elymus caninus,OpenDryPoor
1353057,Elymus caninus,OpenDryPoor
1355307,Elymus caninus,OpenDryPoor
1355308,Elymus caninus,OpenDryPoor
1355309,Elymus caninus,OpenDryPoor
1355310,Elymus caninus,OpenDryPoor
1355311,Elymus caninus,OpenDryPoor
1357608,Elymus caninus,OpenDryPoor
1357609,Elymus caninus,OpenDryPoor
1357610,Elymus caninus,OpenDryPoor
1359992,Elymus caninus,OpenDryPoor
1364591,Elymus caninus,OpenDryPoor
1401340,Elymus caninus,OpenDryPoor
1403639,Elymus caninus,OpenDryPoor
1403641,Elymus caninus,OpenDryPoor
1403642,Elymus caninus,OpenDryPoor
1403643,Elymus caninus,OpenDryPoor
1405939,Elymus caninus,OpenDryPoor
1405941,Elymus caninus,OpenDryPoor
1408241,Elymus caninus,OpenDryPoor
1408242,Elymus caninus,OpenDryPoor
1410460,Elymus caninus,OpenDryPoor
1410461,Elymus caninus,OpenDryPoor
1412758,Elymus caninus,OpenDryPoor
1412759,Elymus caninus,OpenDryPoor
1412760,Elymus caninus,OpenDryPoor
1412761,Elymus caninus,OpenDryPoor
1412849,Elymus caninus,OpenDryPoor
1412851,Elymus caninus,OpenDryPoor
1412852,Elymus caninus,OpenDryPoor
1415140,Elymus caninus,OpenDryPoor
1415141,Elymus caninus,OpenDryPoor
1415145,Elymus caninus,OpenDryPoor
1415152,Elymus caninus,OpenDryPoor
1417360,Elymus caninus,OpenDryPoor
1417361,Elymus caninus,OpenDryPoor
1417439,Elymus caninus,OpenDryPoor
1417440,Elymus caninus,OpenDryPoor
1417441,Elymus caninus,OpenDryPoor
1417448,Elymus caninus,OpenDryPoor
1417449,Elymus caninus,OpenDryPoor
1417450,Elymus caninus,OpenDryPoor
1417451,Elymus caninus,OpenDryPoor
1417452,Elymus caninus,OpenDryPoor
1419741,Elymus caninus,OpenDryPoor
1419748,Elymus caninus,OpenDryPoor
1419750,Elymus caninus,OpenDryPoor
1419751,Elymus caninus,OpenDryPoor
1422039,Elymus caninus,OpenDryPoor
1422040,Elymus caninus,OpenDryPoor
1422048,Elymus caninus,OpenDryPoor
1422049,Elymus caninus,OpenDryPoor
1422050,Elymus caninus,OpenDryPoor
1426635,Elymus caninus,OpenDryPoor
1426636,Elymus caninus,OpenDryPoor
1426640,Elymus caninus,OpenDryPoor
1428473,Elymus caninus,OpenDryPoor
1428474,Elymus caninus,OpenDryPoor
1428934,Elymus caninus,OpenDryPoor
1428935,Elymus caninus,OpenDryPoor
1428936,Elymus caninus,OpenDryPoor
1428937,Elymus caninus,OpenDryPoor
1430775,Elymus caninus,OpenDryPoor
1431234,Elymus caninus,OpenDryPoor
1431235,Elymus caninus,OpenDryPoor
1431236,Elymus caninus,OpenDryPoor
1431237,Elymus caninus,OpenDryPoor
1431243,Elymus caninus,OpenDryPoor
1433534,Elymus caninus,OpenDryPoor
1433535,Elymus caninus,OpenDryPoor
1433536,Elymus caninus,OpenDryPoor
1433537,Elymus caninus,OpenDryPoor
1433539,Elymus caninus,OpenDryPoor
1433540,Elymus caninus,OpenDryPoor
1433571,Elymus caninus,OpenDryPoor
1435834,Elymus caninus,OpenDryPoor
1435835,Elymus caninus,OpenDryPoor
1435836,Elymus caninus,OpenDryPoor
1435837,Elymus caninus,OpenDryPoor
1435839,Elymus caninus,OpenDryPoor
1435841,Elymus caninus,OpenDryPoor
1435842,Elymus caninus,OpenDryPoor
1435869,Elymus caninus,OpenDryPoor
1435870,Elymus caninus,OpenDryPoor
1437723,Elymus caninus,OpenDryPoor
1438139,Elymus caninus,OpenDryPoor
1438140,Elymus caninus,OpenDryPoor
1438141,Elymus caninus,OpenDryPoor
1440023,Elymus caninus,OpenDryPoor
1440439,Elymus caninus,OpenDryPoor
1440440,Elymus caninus,OpenDryPoor
1440441,Elymus caninus,OpenDryPoor
1440442,Elymus caninus,OpenDryPoor
1442739,Elymus caninus,OpenDryPoor
1442741,Elymus caninus,OpenDryPoor
1442742,Elymus caninus,OpenDryPoor
1447218,Elymus caninus,OpenDryPoor
1447219,Elymus caninus,OpenDryPoor
1447220,Elymus caninus,OpenDryPoor
1449519,Elymus caninus,OpenDryPoor
1449521,Elymus caninus,OpenDryPoor
1451817,Elymus caninus,OpenDryPoor
1451818,Elymus caninus,OpenDryPoor
1451821,Elymus caninus,OpenDryPoor
1454118,Elymus caninus,OpenDryPoor
1454119,Elymus caninus,OpenDryPoor
1454120,Elymus caninus,OpenDryPoor
1454121,Elymus caninus,OpenDryPoor
1454130,Elymus caninus,OpenDryPoor
1456418,Elymus caninus,OpenDryPoor
1456420,Elymus caninus,OpenDryPoor
1456428,Elymus caninus,OpenDryPoor
1456429,Elymus caninus,OpenDryPoor
1456430,Elymus caninus,OpenDryPoor
1456431,Elymus caninus,OpenDryPoor
1458728,Elymus caninus,OpenDryPoor
1458729,Elymus caninus,OpenDryPoor
1458730,Elymus caninus,OpenDryPoor
1458731,Elymus caninus,OpenDryPoor
1461028,Elymus caninus,OpenDryPoor
1461029,Elymus caninus,OpenDryPoor
1461030,Elymus caninus,OpenDryPoor
1461031,Elymus caninus,OpenDryPoor
1461032,Elymus caninus,OpenDryPoor
1463328,Elymus caninus,OpenDryPoor
1463329,Elymus caninus,OpenDryPoor
1463330,Elymus caninus,OpenDryPoor
1463331,Elymus caninus,OpenDryPoor
1483698,Elymus caninus,OpenDryPoor
1483699,Elymus caninus,OpenDryPoor
1484210,Elymus caninus,OpenDryPoor
1484211,Elymus caninus,OpenDryPoor
1485997,Elymus caninus,OpenDryPoor
1485998,Elymus caninus,OpenDryPoor
1485999,Elymus caninus,OpenDryPoor
1486509,Elymus caninus,OpenDryPoor
1488297,Elymus caninus,OpenDryPoor
1488813,Elymus caninus,OpenDryPoor
1490597,Elymus caninus,OpenDryPoor
1490598,Elymus caninus,OpenDryPoor
1495713,Elymus caninus,OpenDryPoor
1539286,Elymus caninus,OpenDryPoor
1539287,Elymus caninus,OpenDryPoor
1539288,Elymus caninus,OpenDryPoor
1541586,Elymus caninus,OpenDryPoor
1541587,Elymus caninus,OpenDryPoor
1541588,Elymus caninus,OpenDryPoor
1543887,Elymus caninus,OpenDryPoor
1543888,Elymus caninus,OpenDryPoor
1544034,Elymus caninus,OpenDryPoor
1546186,Elymus caninus,OpenDryPoor
1546188,Elymus caninus,OpenDryPoor
1546189,Elymus caninus,OpenDryPoor
1546334,Elymus caninus,OpenDryPoor
1546335,Elymus caninus,OpenDryPoor
1548635,Elymus caninus,OpenDryPoor
1591948,Elymus caninus,OpenDryPoor
1592114,Elymus caninus,OpenDryPoor
1594413,Elymus caninus,OpenDryPoor
1594414,Elymus caninus,OpenDryPoor
1594417,Elymus caninus,OpenDryPoor
1596713,Elymus caninus,OpenDryPoor
1596714,Elymus caninus,OpenDryPoor
1596717,Elymus caninus,OpenDryPoor
1599017,Elymus caninus,OpenDryPoor
1610513,Elymus caninus,OpenDryPoor
1612814,Elymus caninus,OpenDryPoor
1612815,Elymus caninus,OpenDryPoor
1615113,Elymus caninus,OpenDryPoor
1615115,Elymus caninus,OpenDryPoor
1615116,Elymus caninus,OpenDryPoor
1615117,Elymus caninus,OpenDryPoor
1615153,Elymus caninus,OpenDryPoor
1617413,Elymus caninus,OpenDryPoor
1617414,Elymus caninus,OpenDryPoor
1617452,Elymus caninus,OpenDryPoor
1619714,Elymus caninus,OpenDryPoor
1619715,Elymus caninus,OpenDryPoor
1619752,Elymus caninus,OpenDryPoor
1619756,Elymus caninus,OpenDryPoor
1622056,Elymus caninus,OpenDryPoor
1624529,Elymus caninus,OpenDryPoor
1624530,Elymus caninus,OpenDryPoor
1626829,Elymus caninus,OpenDryPoor
1629129,Elymus caninus,OpenDryPoor
1629130,Elymus caninus,OpenDryPoor
1629131,Elymus caninus,OpenDryPoor
1629132,Elymus caninus,OpenDryPoor
1629133,Elymus caninus,OpenDryPoor
1631429,Elymus caninus,OpenDryPoor
1631430,Elymus caninus,OpenDryPoor
1631431,Elymus caninus,OpenDryPoor
1631432,Elymus caninus,OpenDryPoor
1631433,Elymus caninus,OpenDryPoor
1631434,Elymus caninus,OpenDryPoor
1633731,Elymus caninus,OpenDryPoor
1633733,Elymus caninus,OpenDryPoor
1645273,Elymus caninus,OpenDryPoor
1645280,Elymus caninus,OpenDryPoor
1647572,Elymus caninus,OpenDryPoor
1647573,Elymus caninus,OpenDryPoor
1647579,Elymus caninus,OpenDryPoor
1647582,Elymus caninus,OpenDryPoor
1649871,Elymus caninus,OpenDryPoor
1649883,Elymus caninus,OpenDryPoor
1652181,Elymus caninus,OpenDryPoor
1652213,Elymus caninus,OpenDryPoor
1654480,Elymus caninus,OpenDryPoor
1654512,Elymus caninus,OpenDryPoor
1654513,Elymus caninus,OpenDryPoor
1656812,Elymus caninus,OpenDryPoor
1656813,Elymus caninus,OpenDryPoor
1668357,Elymus caninus,OpenDryPoor
1668358,Elymus caninus,OpenDryPoor
1668360,Elymus caninus,OpenDryPoor
1668361,Elymus caninus,OpenDryPoor
1670657,Elymus caninus,OpenDryPoor
1670658,Elymus caninus,OpenDryPoor
1672960,Elymus caninus,OpenDryPoor
1672964,Elymus caninus,OpenDryPoor
1674934,Elymus caninus,OpenDryPoor
1675258,Elymus caninus,OpenDryPoor
1675261,Elymus caninus,OpenDryPoor
1677237,Elymus caninus,OpenDryPoor
1677558,Elymus caninus,OpenDryPoor
1691097,Elymus caninus,OpenDryPoor
1691099,Elymus caninus,OpenDryPoor
1693397,Elymus caninus,OpenDryPoor
1695696,Elymus caninus,OpenDryPoor
1695913,Elymus caninus,OpenDryPoor
1695914,Elymus caninus,OpenDryPoor
1698213,Elymus caninus,OpenDryPoor
1700513,Elymus caninus,OpenDryPoor
1707200,Elymus caninus,OpenDryPoor
1707201,Elymus caninus,OpenDryPoor
1709427,Elymus caninus,OpenDryPoor
1714027,Elymus caninus,OpenDryPoor
1714029,Elymus caninus,OpenDryPoor
1714095,Elymus caninus,OpenDryPoor
1723295,Elymus caninus,OpenDryPoor
1723297,Elymus caninus,OpenDryPoor
1723587,Elymus caninus,OpenDryPoor
1723588,Elymus caninus,OpenDryPoor
1725887,Elymus caninus,OpenDryPoor
1728187,Elymus caninus,OpenDryPoor
1728191,Elymus caninus,OpenDryPoor
1730487,Elymus caninus,OpenDryPoor
1730490,Elymus caninus,OpenDryPoor
1734968,Elymus caninus,OpenDryPoor
1734969,Elymus caninus,OpenDryPoor
1734970,Elymus caninus,OpenDryPoor
1734971,Elymus caninus,OpenDryPoor
1737269,Elymus caninus,OpenDryPoor
1737270,Elymus caninus,OpenDryPoor
1737271,Elymus caninus,OpenDryPoor
1739544,Elymus caninus,OpenDryPoor
1741844,Elymus caninus,OpenDryPoor
1741853,Elymus caninus,OpenDryPoor
1741869,Elymus caninus,OpenDryPoor
1741870,Elymus caninus,OpenDryPoor
1741871,Elymus caninus,OpenDryPoor
1744144,Elymus caninus,OpenDryPoor
1744145,Elymus caninus,OpenDryPoor
1744146,Elymus caninus,OpenDryPoor
1744169,Elymus caninus,OpenDryPoor
1744170,Elymus caninus,OpenDryPoor
1744281,Elymus caninus,OpenDryPoor
1744282,Elymus caninus,OpenDryPoor
1744283,Elymus caninus,OpenDryPoor
1746287,Elymus caninus,OpenDryPoor
1746288,Elymus caninus,OpenDryPoor
1746289,Elymus caninus,OpenDryPoor
1746551,Elymus caninus,OpenDryPoor
1746552,Elymus caninus,OpenDryPoor
1746580,Elymus caninus,OpenDryPoor
1746581,Elymus caninus,OpenDryPoor
1746582,Elymus caninus,OpenDryPoor
1746583,Elymus caninus,OpenDryPoor
1748848,Elymus caninus,OpenDryPoor
1748849,Elymus caninus,OpenDryPoor
1748850,Elymus caninus,OpenDryPoor
1748880,Elymus caninus,OpenDryPoor
1748881,Elymus caninus,OpenDryPoor
1748882,Elymus caninus,OpenDryPoor
1748883,Elymus caninus,OpenDryPoor
1750880,Elymus caninus,OpenDryPoor
1750882,Elymus caninus,OpenDryPoor
1750889,Elymus caninus,OpenDryPoor
1750901,Elymus caninus,OpenDryPoor
1751149,Elymus caninus,OpenDryPoor
1751151,Elymus caninus,OpenDryPoor
1751152,Elymus caninus,OpenDryPoor
1751181,Elymus caninus,OpenDryPoor
1751182,Elymus caninus,OpenDryPoor
1753183,Elymus caninus,OpenDryPoor
1753201,Elymus caninus,OpenDryPoor
1753450,Elymus caninus,OpenDryPoor
1753452,Elymus caninus,OpenDryPoor
1753481,Elymus caninus,OpenDryPoor
1753482,Elymus caninus,OpenDryPoor
1755480,Elymus caninus,OpenDryPoor
1755501,Elymus caninus,OpenDryPoor
1755502,Elymus caninus,OpenDryPoor
1755750,Elymus caninus,OpenDryPoor
1771805,Elymus caninus,OpenDryPoor
1771806,Elymus caninus,OpenDryPoor
1773636,Elymus caninus,OpenDryPoor
1774104,Elymus caninus,OpenDryPoor
1774105,Elymus caninus,OpenDryPoor
1774106,Elymus caninus,OpenDryPoor
1774108,Elymus caninus,OpenDryPoor
1775934,Elymus caninus,OpenDryPoor
1775935,Elymus caninus,OpenDryPoor
1775936,Elymus caninus,OpenDryPoor
1775937,Elymus caninus,OpenDryPoor
1775938,Elymus caninus,OpenDryPoor
1776404,Elymus caninus,OpenDryPoor
1778234,Elymus caninus,OpenDryPoor
1778235,Elymus caninus,OpenDryPoor
1778236,Elymus caninus,OpenDryPoor
1778237,Elymus caninus,OpenDryPoor
1778238,Elymus caninus,OpenDryPoor
1778705,Elymus caninus,OpenDryPoor
1778706,Elymus caninus,OpenDryPoor
1778708,Elymus caninus,OpenDryPoor
1780534,Elymus caninus,OpenDryPoor
1780536,Elymus caninus,OpenDryPoor
1780537,Elymus caninus,OpenDryPoor
1783358,Elymus caninus,OpenDryPoor
1783359,Elymus caninus,OpenDryPoor
1783360,Elymus caninus,OpenDryPoor
1783361,Elymus caninus,OpenDryPoor
1785657,Elymus caninus,OpenDryPoor
1785660,Elymus caninus,OpenDryPoor
1787958,Elymus caninus,OpenDryPoor
1794910,Elymus caninus,OpenDryPoor
1794911,Elymus caninus,OpenDryPoor
1797209,Elymus caninus,OpenDryPoor
1797210,Elymus caninus,OpenDryPoor
1797211,Elymus caninus,OpenDryPoor
1799510,Elymus caninus,OpenDryPoor
1799511,Elymus caninus,OpenDryPoor
1801810,Elymus caninus,OpenDryPoor
1801811,Elymus caninus,OpenDryPoor
1804110,Elymus caninus,OpenDryPoor
1804111,Elymus caninus,OpenDryPoor
1812965,Elymus caninus,OpenDryPoor
1815265,Elymus caninus,OpenDryPoor
1815267,Elymus caninus,OpenDryPoor
1815474,Elymus caninus,OpenDryPoor
1815475,Elymus caninus,OpenDryPoor
1815476,Elymus caninus,OpenDryPoor
1817563,Elymus caninus,OpenDryPoor
1817565,Elymus caninus,OpenDryPoor
1817567,Elymus caninus,OpenDryPoor
1817572,Elymus caninus,OpenDryPoor
1819864,Elymus caninus,OpenDryPoor
1819865,Elymus caninus,OpenDryPoor
1819866,Elymus caninus,OpenDryPoor
1822164,Elymus caninus,OpenDryPoor
1822165,Elymus caninus,OpenDryPoor
1831329,Elymus caninus,OpenDryPoor
1831331,Elymus caninus,OpenDryPoor
1843222,Elymus caninus,OpenDryPoor
1847822,Elymus caninus,OpenDryPoor
1847823,Elymus caninus,OpenDryPoor
1850077,Elymus caninus,OpenDryPoor
1850078,Elymus caninus,OpenDryPoor
1852375,Elymus caninus,OpenDryPoor
1852376,Elymus caninus,OpenDryPoor
1854675,Elymus caninus,OpenDryPoor
1861320,Elymus caninus,OpenDryPoor
1863617,Elymus caninus,OpenDryPoor
1865919,Elymus caninus,OpenDryPoor
1870521,Elymus caninus,OpenDryPoor
1879716,Elymus caninus,OpenDryPoor
1886646,Elymus caninus,OpenDryPoor
1888947,Elymus caninus,OpenDryPoor
1907314,Elymus caninus,OpenDryPoor
1907315,Elymus caninus,OpenDryPoor
1909614,Elymus caninus,OpenDryPoor
1914466,Elymus caninus,OpenDryPoor
1916446,Elymus caninus,OpenDryPoor
1916452,Elymus caninus,OpenDryPoor
1916764,Elymus caninus,OpenDryPoor
1916765,Elymus caninus,OpenDryPoor
1916766,Elymus caninus,OpenDryPoor
1916768,Elymus caninus,OpenDryPoor
1918746,Elymus caninus,OpenDryPoor
1918747,Elymus caninus,OpenDryPoor
1918748,Elymus caninus,OpenDryPoor
1918749,Elymus caninus,OpenDryPoor
1919064,Elymus caninus,OpenDryPoor
1919066,Elymus caninus,OpenDryPoor
1921048,Elymus caninus,OpenDryPoor
1921051,Elymus caninus,OpenDryPoor
1923347,Elymus caninus,OpenDryPoor
1923348,Elymus caninus,OpenDryPoor
1923349,Elymus caninus,OpenDryPoor
1923350,Elymus caninus,OpenDryPoor
1925647,Elymus caninus,OpenDryPoor
1925651,Elymus caninus,OpenDryPoor
1930108,Elymus caninus,OpenDryPoor
1930109,Elymus caninus,OpenDryPoor
1930111,Elymus caninus,OpenDryPoor
1932225,Elymus caninus,OpenDryPoor
1932407,Elymus caninus,OpenDryPoor
1932408,Elymus caninus,OpenDryPoor
1932411,Elymus caninus,OpenDryPoor
1934523,Elymus caninus,OpenDryPoor
1934525,Elymus caninus,OpenDryPoor
1934526,Elymus caninus,OpenDryPoor
1934708,Elymus caninus,OpenDryPoor
1936823,Elymus caninus,OpenDryPoor
1937009,Elymus caninus,OpenDryPoor
1939123,Elymus caninus,OpenDryPoor
1939126,Elymus caninus,OpenDryPoor
1939127,Elymus caninus,OpenDryPoor
1941425,Elymus caninus,OpenDryPoor
1941426,Elymus caninus,OpenDryPoor
1948922,Elymus caninus,OpenDryPoor
1948923,Elymus caninus,OpenDryPoor
1951222,Elymus caninus,OpenDryPoor
1953523,Elymus caninus,OpenDryPoor
1953524,Elymus caninus,OpenDryPoor
1955821,Elymus caninus,OpenDryPoor
1955822,Elymus caninus,OpenDryPoor
1955824,Elymus caninus,OpenDryPoor
1958121,Elymus caninus,OpenDryPoor
1958122,Elymus caninus,OpenDryPoor
1958123,Elymus caninus,OpenDryPoor
1971749,Elymus caninus,OpenDryPoor
2001818,Elymus caninus,OpenDryPoor
2004117,Elymus caninus,OpenDryPoor
2004121,Elymus caninus,OpenDryPoor
2004122,Elymus caninus,OpenDryPoor
2006156,Elymus caninus,OpenDryPoor
2006417,Elymus caninus,OpenDryPoor
2006420,Elymus caninus,OpenDryPoor
2006421,Elymus caninus,OpenDryPoor
2008717,Elymus caninus,OpenDryPoor
2008718,Elymus caninus,OpenDryPoor
2008719,Elymus caninus,OpenDryPoor
2008720,Elymus caninus,OpenDryPoor
2011018,Elymus caninus,OpenDryPoor
2011019,Elymus caninus,OpenDryPoor
2011020,Elymus caninus,OpenDryPoor
2040649,Elymus caninus,OpenDryPoor
2042950,Elymus caninus,OpenDryPoor
2042951,Elymus caninus,OpenDryPoor
2045247,Elymus caninus,OpenDryPoor
2045248,Elymus caninus,OpenDryPoor
2045251,Elymus caninus,OpenDryPoor
2047121,Elymus caninus,OpenDryPoor
2047549,Elymus caninus,OpenDryPoor
2049420,Elymus caninus,OpenDryPoor
2049422,Elymus caninus,OpenDryPoor
2051719,Elymus caninus,OpenDryPoor
2051721,Elymus caninus,OpenDryPoor
2051722,Elymus caninus,OpenDryPoor
2051723,Elymus caninus,OpenDryPoor
2054019,Elymus caninus,OpenDryPoor
2054020,Elymus caninus,OpenDryPoor
2054022,Elymus caninus,OpenDryPoor
2054023,Elymus caninus,OpenDryPoor
2056321,Elymus caninus,OpenDryPoor
2056322,Elymus caninus,OpenDryPoor
2068339,Elymus caninus,OpenDryPoor
2072940,Elymus caninus,OpenDryPoor
2072942,Elymus caninus,OpenDryPoor
2075445,Elymus caninus,OpenDryPoor
2077745,Elymus caninus,OpenDryPoor
2088884,Elymus caninus,OpenDryPoor
2093855,Elymus caninus,OpenDryPoor
2096156,Elymus caninus,OpenDryPoor
2096164,Elymus caninus,OpenDryPoor
2098465,Elymus caninus,OpenDryPoor
2100755,Elymus caninus,OpenDryPoor
2100767,Elymus caninus,OpenDryPoor
2103054,Elymus caninus,OpenDryPoor
2103064,Elymus caninus,OpenDryPoor
2103065,Elymus caninus,OpenDryPoor
2125748,Elymus caninus,OpenDryPoor
2125749,Elymus caninus,OpenDryPoor
2125750,Elymus caninus,OpenDryPoor
2128048,Elymus caninus,OpenDryPoor
2128049,Elymus caninus,OpenDryPoor
2130348,Elymus caninus,OpenDryPoor
2130349,Elymus caninus,OpenDryPoor
2130605,Elymus caninus,OpenDryPoor
2130606,Elymus caninus,OpenDryPoor
2132649,Elymus caninus,OpenDryPoor
2132905,Elymus caninus,OpenDryPoor
2132906,Elymus caninus,OpenDryPoor
2132907,Elymus caninus,OpenDryPoor
2137505,Elymus caninus,OpenDryPoor
2137506,Elymus caninus,OpenDryPoor
2139804,Elymus caninus,OpenDryPoor
2139805,Elymus caninus,OpenDryPoor
2146514,Elymus caninus,OpenDryPoor
2146515,Elymus caninus,OpenDryPoor
2148813,Elymus caninus,OpenDryPoor
2151113,Elymus caninus,OpenDryPoor
2153410,Elymus caninus,OpenDryPoor
2153411,Elymus caninus,OpenDryPoor
2153413,Elymus caninus,OpenDryPoor
2155709,Elymus caninus,OpenDryPoor
2155710,Elymus caninus,OpenDryPoor
2155716,Elymus caninus,OpenDryPoor
2158008,Elymus caninus,OpenDryPoor
2158009,Elymus caninus,OpenDryPoor
2158010,Elymus caninus,OpenDryPoor
2160309,Elymus caninus,OpenDryPoor
2160310,Elymus caninus,OpenDryPoor
2160311,Elymus caninus,OpenDryPoor
2160312,Elymus caninus,OpenDryPoor
2160319,Elymus caninus,OpenDryPoor
2160320,Elymus caninus,OpenDryPoor
2162606,Elymus caninus,OpenDryPoor
2162609,Elymus caninus,OpenDryPoor
2162610,Elymus caninus,OpenDryPoor
2162611,Elymus caninus,OpenDryPoor
2164904,Elymus caninus,OpenDryPoor
2164906,Elymus caninus,OpenDryPoor
2164907,Elymus caninus,OpenDryPoor
2167208,Elymus caninus,OpenDryPoor
2168034,Elymus caninus,OpenDryPoor
2169504,Elymus caninus,OpenDryPoor
2169505,Elymus caninus,OpenDryPoor
2169508,Elymus caninus,OpenDryPoor
2171805,Elymus caninus,OpenDryPoor
2171806,Elymus caninus,OpenDryPoor
2171807,Elymus caninus,OpenDryPoor
2171849,Elymus caninus,OpenDryPoor
2178749,Elymus caninus,OpenDryPoor
2181049,Elymus caninus,OpenDryPoor
2199517,Elymus caninus,OpenDryPoor
2199518,Elymus caninus,OpenDryPoor
2204106,Elymus caninus,OpenDryPoor
2206418,Elymus caninus,OpenDryPoor
2207053,Elymus caninus,OpenDryPoor
2207054,Elymus caninus,OpenDryPoor
2207084,Elymus caninus,OpenDryPoor
2207085,Elymus caninus,OpenDryPoor
2208712,Elymus caninus,OpenDryPoor
2208713,Elymus caninus,OpenDryPoor
2209356,Elymus caninus,OpenDryPoor
2209386,Elymus caninus,OpenDryPoor
2209387,Elymus caninus,OpenDryPoor
2211652,Elymus caninus,OpenDryPoor
2211686,Elymus caninus,OpenDryPoor
2211687,Elymus caninus,OpenDryPoor
2213985,Elymus caninus,OpenDryPoor
2213986,Elymus caninus,OpenDryPoor
2218611,Elymus caninus,OpenDryPoor
2225473,Elymus caninus,OpenDryPoor
2259143,Elymus caninus,OpenDryPoor
2259144,Elymus caninus,OpenDryPoor
2261443,Elymus caninus,OpenDryPoor
2261445,Elymus caninus,OpenDryPoor
2262251,Elymus caninus,OpenDryPoor
2262252,Elymus caninus,OpenDryPoor
2263744,Elymus caninus,OpenDryPoor
2263745,Elymus caninus,OpenDryPoor
2263746,Elymus caninus,OpenDryPoor
2264550,Elymus caninus,OpenDryPoor
2264551,Elymus caninus,OpenDryPoor
2264552,Elymus caninus,OpenDryPoor
2264553,Elymus caninus,OpenDryPoor
2266042,Elymus caninus,OpenDryPoor
2266850,Elymus caninus,OpenDryPoor
2266851,Elymus caninus,OpenDryPoor
2266853,Elymus caninus,OpenDryPoor
2266880,Elymus caninus,OpenDryPoor
2268342,Elymus caninus,OpenDryPoor
2268344,Elymus caninus,OpenDryPoor
2269153,Elymus caninus,OpenDryPoor
2271374,Elymus caninus,OpenDryPoor
2271450,Elymus caninus,OpenDryPoor
2271451,Elymus caninus,OpenDryPoor
2271452,Elymus caninus,OpenDryPoor
2271453,Elymus caninus,OpenDryPoor
2271478,Elymus caninus,OpenDryPoor
2275331,Elymus caninus,OpenDryPoor
2275964,Elymus caninus,OpenDryPoor
2275965,Elymus caninus,OpenDryPoor
2275966,Elymus caninus,OpenDryPoor
2275967,Elymus caninus,OpenDryPoor
2276051,Elymus caninus,OpenDryPoor
2278349,Elymus caninus,OpenDryPoor
2278350,Elymus caninus,OpenDryPoor
2280675,Elymus caninus,OpenDryPoor
2280676,Elymus caninus,OpenDryPoor
2282870,Elymus caninus,OpenDryPoor
2282871,Elymus caninus,OpenDryPoor
2282949,Elymus caninus,OpenDryPoor
2285170,Elymus caninus,OpenDryPoor
2285249,Elymus caninus,OpenDryPoor
2287471,Elymus caninus,OpenDryPoor
2293774,Elymus caninus,OpenDryPoor
2294398,Elymus caninus,OpenDryPoor
2296698,Elymus caninus,OpenDryPoor
2304772,Elymus caninus,OpenDryPoor
2305891,Elymus caninus,OpenDryPoor
2305892,Elymus caninus,OpenDryPoor
2305893,Elymus caninus,OpenDryPoor
2305894,Elymus caninus,OpenDryPoor
2305977,Elymus caninus,OpenDryPoor
2307499,Elymus caninus,OpenDryPoor
2309369,Elymus caninus,OpenDryPoor
2309370,Elymus caninus,OpenDryPoor
2309372,Elymus caninus,OpenDryPoor
2309798,Elymus caninus,OpenDryPoor
2309799,Elymus caninus,OpenDryPoor
2311669,Elymus caninus,OpenDryPoor
2311671,Elymus caninus,OpenDryPoor
2311672,Elymus caninus,OpenDryPoor
2311970,Elymus caninus,OpenDryPoor
2312099,Elymus caninus,OpenDryPoor
2314398,Elymus caninus,OpenDryPoor
2314399,Elymus caninus,OpenDryPoor
2314400,Elymus caninus,OpenDryPoor
2314402,Elymus caninus,OpenDryPoor
2315031,Elymus caninus,OpenDryPoor
2315172,Elymus caninus,OpenDryPoor
2316570,Elymus caninus,OpenDryPoor
2316700,Elymus caninus,OpenDryPoor
2316701,Elymus caninus,OpenDryPoor
2317335,Elymus caninus,OpenDryPoor
2317336,Elymus caninus,OpenDryPoor
2317337,Elymus caninus,OpenDryPoor
2317338,Elymus caninus,OpenDryPoor
2317471,Elymus caninus,OpenDryPoor
2317472,Elymus caninus,OpenDryPoor
2319633,Elymus caninus,OpenDryPoor
2319634,Elymus caninus,OpenDryPoor
2319636,Elymus caninus,OpenDryPoor
2319771,Elymus caninus,OpenDryPoor
2319772,Elymus caninus,OpenDryPoor
2321937,Elymus caninus,OpenDryPoor
2322069,Elymus caninus,OpenDryPoor
2322071,Elymus caninus,OpenDryPoor
2323630,Elymus caninus,OpenDryPoor
2323631,Elymus caninus,OpenDryPoor
2324369,Elymus caninus,OpenDryPoor
2325929,Elymus caninus,OpenDryPoor
2325931,Elymus caninus,OpenDryPoor
2325949,Elymus caninus,OpenDryPoor
2325950,Elymus caninus,OpenDryPoor
2328231,Elymus caninus,OpenDryPoor
2328250,Elymus caninus,OpenDryPoor
2328251,Elymus caninus,OpenDryPoor
2328252,Elymus caninus,OpenDryPoor
2328273,Elymus caninus,OpenDryPoor
2330531,Elymus caninus,OpenDryPoor
2330549,Elymus caninus,OpenDryPoor
2332711,Elymus caninus,OpenDryPoor
2335013,Elymus caninus,OpenDryPoor
2338199,Elymus caninus,OpenDryPoor
2339581,Elymus caninus,OpenDryPoor
2339582,Elymus caninus,OpenDryPoor
2341881,Elymus caninus,OpenDryPoor
2342798,Elymus caninus,OpenDryPoor
2344181,Elymus caninus,OpenDryPoor
2344182,Elymus caninus,OpenDryPoor
2346549,Elymus caninus,OpenDryPoor
2346550,Elymus caninus,OpenDryPoor
2347384,Elymus caninus,OpenDryPoor
2348848,Elymus caninus,OpenDryPoor
2348951,Elymus caninus,OpenDryPoor
2348952,Elymus caninus,OpenDryPoor
2351147,Elymus caninus,OpenDryPoor
2351251,Elymus caninus,OpenDryPoor
2351252,Elymus caninus,OpenDryPoor
2351253,Elymus caninus,OpenDryPoor
2351941,Elymus caninus,OpenDryPoor
2353451,Elymus caninus,OpenDryPoor
2353549,Elymus caninus,OpenDryPoor
2353550,Elymus caninus,OpenDryPoor
2353552,Elymus caninus,OpenDryPoor
2353553,Elymus caninus,OpenDryPoor
2354241,Elymus caninus,OpenDryPoor
2354242,Elymus caninus,OpenDryPoor
2354289,Elymus caninus,OpenDryPoor
2355751,Elymus caninus,OpenDryPoor
2355851,Elymus caninus,OpenDryPoor
2355853,Elymus caninus,OpenDryPoor
2356541,Elymus caninus,OpenDryPoor
2356588,Elymus caninus,OpenDryPoor
2357985,Elymus caninus,OpenDryPoor
2357986,Elymus caninus,OpenDryPoor
2357987,Elymus caninus,OpenDryPoor
2358048,Elymus caninus,OpenDryPoor
2358049,Elymus caninus,OpenDryPoor
2358152,Elymus caninus,OpenDryPoor
2358845,Elymus caninus,OpenDryPoor
2360283,Elymus caninus,OpenDryPoor
2360285,Elymus caninus,OpenDryPoor
2360287,Elymus caninus,OpenDryPoor
2360288,Elymus caninus,OpenDryPoor
2360348,Elymus caninus,OpenDryPoor
2360349,Elymus caninus,OpenDryPoor
2360451,Elymus caninus,OpenDryPoor
2361145,Elymus caninus,OpenDryPoor
2361146,Elymus caninus,OpenDryPoor
2361147,Elymus caninus,OpenDryPoor
2362585,Elymus caninus,OpenDryPoor
2362588,Elymus caninus,OpenDryPoor
2363443,Elymus caninus,OpenDryPoor
2365742,Elymus caninus,OpenDryPoor
2365747,Elymus caninus,OpenDryPoor
2370347,Elymus caninus,OpenDryPoor
2371755,Elymus caninus,OpenDryPoor
2374165,Elymus caninus,OpenDryPoor
2374947,Elymus caninus,OpenDryPoor
2374948,Elymus caninus,OpenDryPoor
2376354,Elymus caninus,OpenDryPoor
2376466,Elymus caninus,OpenDryPoor
2379545,Elymus caninus,OpenDryPoor
2381763,Elymus caninus,OpenDryPoor
2384064,Elymus caninus,OpenDryPoor
2386366,Elymus caninus,OpenDryPoor
2386367,Elymus caninus,OpenDryPoor
2386368,Elymus caninus,OpenDryPoor
2388779,Elymus caninus,OpenDryPoor
2391080,Elymus caninus,OpenDryPoor
2393260,Elymus caninus,OpenDryPoor
2394865,Elymus caninus,OpenDryPoor
2397174,Elymus caninus,OpenDryPoor
2397175,Elymus caninus,OpenDryPoor
2397859,Elymus caninus,OpenDryPoor
2399474,Elymus caninus,OpenDryPoor
2399475,Elymus caninus,OpenDryPoor
2400178,Elymus caninus,OpenDryPoor
2401766,Elymus caninus,OpenDryPoor
2401773,Elymus caninus,OpenDryPoor
2404073,Elymus caninus,OpenDryPoor
2404075,Elymus caninus,OpenDryPoor
2404076,Elymus caninus,OpenDryPoor
2406374,Elymus caninus,OpenDryPoor
2406375,Elymus caninus,OpenDryPoor
2406376,Elymus caninus,OpenDryPoor
2413270,Elymus caninus,OpenDryPoor
2415571,Elymus caninus,OpenDryPoor
2415576,Elymus caninus,OpenDryPoor
2417874,Elymus caninus,OpenDryPoor
2417876,Elymus caninus,OpenDryPoor
2417877,Elymus caninus,OpenDryPoor
2420174,Elymus caninus,OpenDryPoor
2420176,Elymus caninus,OpenDryPoor
2422475,Elymus caninus,OpenDryPoor
2422476,Elymus caninus,OpenDryPoor
2424772,Elymus caninus,OpenDryPoor
2424774,Elymus caninus,OpenDryPoor
2424775,Elymus caninus,OpenDryPoor
2424777,Elymus caninus,OpenDryPoor
2424800,Elymus caninus,OpenDryPoor
2429260,Elymus caninus,OpenDryPoor
2431557,Elymus caninus,OpenDryPoor
2431558,Elymus caninus,OpenDryPoor
2431561,Elymus caninus,OpenDryPoor
2431699,Elymus caninus,OpenDryPoor
2431702,Elymus caninus,OpenDryPoor
2433857,Elymus caninus,OpenDryPoor
2433858,Elymus caninus,OpenDryPoor
2433860,Elymus caninus,OpenDryPoor
2433999,Elymus caninus,OpenDryPoor
2434002,Elymus caninus,OpenDryPoor
2434671,Elymus caninus,OpenDryPoor
2436160,Elymus caninus,OpenDryPoor
2436161,Elymus caninus,OpenDryPoor
2436971,Elymus caninus,OpenDryPoor
2438836,Elymus caninus,OpenDryPoor
2439266,Elymus caninus,OpenDryPoor
2441136,Elymus caninus,OpenDryPoor
2441564,Elymus caninus,OpenDryPoor
2443437,Elymus caninus,OpenDryPoor
2443864,Elymus caninus,OpenDryPoor
2443865,Elymus caninus,OpenDryPoor
2444046,Elymus caninus,OpenDryPoor
2444047,Elymus caninus,OpenDryPoor
2445738,Elymus caninus,OpenDryPoor
2446164,Elymus caninus,OpenDryPoor
2446346,Elymus caninus,OpenDryPoor
2448362,Elymus caninus,OpenDryPoor
2448464,Elymus caninus,OpenDryPoor
2450178,Elymus caninus,OpenDryPoor
2452477,Elymus caninus,OpenDryPoor
2452478,Elymus caninus,OpenDryPoor
2452481,Elymus caninus,OpenDryPoor
2454779,Elymus caninus,OpenDryPoor
2457078,Elymus caninus,OpenDryPoor
2464691,Elymus caninus,OpenDryPoor
2469342,Elymus caninus,OpenDryPoor
2471641,Elymus caninus,OpenDryPoor
2471642,Elymus caninus,OpenDryPoor
2471645,Elymus caninus,OpenDryPoor
2473765,Elymus caninus,OpenDryPoor
2473766,Elymus caninus,OpenDryPoor
2473893,Elymus caninus,OpenDryPoor
2473941,Elymus caninus,OpenDryPoor
2473942,Elymus caninus,OpenDryPoor
2473945,Elymus caninus,OpenDryPoor
2476064,Elymus caninus,OpenDryPoor
2476065,Elymus caninus,OpenDryPoor
2476066,Elymus caninus,OpenDryPoor
2476067,Elymus caninus,OpenDryPoor
2476242,Elymus caninus,OpenDryPoor
2478364,Elymus caninus,OpenDryPoor
2478365,Elymus caninus,OpenDryPoor
2478366,Elymus caninus,OpenDryPoor
2478368,Elymus caninus,OpenDryPoor
2478539,Elymus caninus,OpenDryPoor
2478540,Elymus caninus,OpenDryPoor
2478541,Elymus caninus,OpenDryPoor
2479983,Elymus caninus,OpenDryPoor
2479984,Elymus caninus,OpenDryPoor
2479986,Elymus caninus,OpenDryPoor
2480664,Elymus caninus,OpenDryPoor
2480665,Elymus caninus,OpenDryPoor
2480666,Elymus caninus,OpenDryPoor
2480667,Elymus caninus,OpenDryPoor
2480668,Elymus caninus,OpenDryPoor
2482965,Elymus caninus,OpenDryPoor
2482966,Elymus caninus,OpenDryPoor
2483112,Elymus caninus,OpenDryPoor
2487712,Elymus caninus,OpenDryPoor
2489965,Elymus caninus,OpenDryPoor
2489967,Elymus caninus,OpenDryPoor
2492268,Elymus caninus,OpenDryPoor
2494463,Elymus caninus,OpenDryPoor
2494567,Elymus caninus,OpenDryPoor
2494568,Elymus caninus,OpenDryPoor
2494573,Elymus caninus,OpenDryPoor
2496315,Elymus caninus,OpenDryPoor
2496316,Elymus caninus,OpenDryPoor
2496762,Elymus caninus,OpenDryPoor
2496763,Elymus caninus,OpenDryPoor
2496764,Elymus caninus,OpenDryPoor
2496870,Elymus caninus,OpenDryPoor
2499062,Elymus caninus,OpenDryPoor
2499063,Elymus caninus,OpenDryPoor
2499064,Elymus caninus,OpenDryPoor
2499171,Elymus caninus,OpenDryPoor
2501362,Elymus caninus,OpenDryPoor
2501363,Elymus caninus,OpenDryPoor
2501364,Elymus caninus,OpenDryPoor
2501365,Elymus caninus,OpenDryPoor
2503664,Elymus caninus,OpenDryPoor
2510004,Elymus caninus,OpenDryPoor
2510456,Elymus caninus,OpenDryPoor
2510457,Elymus caninus,OpenDryPoor
2512756,Elymus caninus,OpenDryPoor
2512757,Elymus caninus,OpenDryPoor
2512758,Elymus caninus,OpenDryPoor
2512983,Elymus caninus,OpenDryPoor
2515058,Elymus caninus,OpenDryPoor
2518731,Elymus caninus,OpenDryPoor
2518732,Elymus caninus,OpenDryPoor
2518733,Elymus caninus,OpenDryPoor
2521030,Elymus caninus,OpenDryPoor
2521033,Elymus caninus,OpenDryPoor
2523330,Elymus caninus,OpenDryPoor
2523331,Elymus caninus,OpenDryPoor
2523332,Elymus caninus,OpenDryPoor
2523333,Elymus caninus,OpenDryPoor
2525630,Elymus caninus,OpenDryPoor
2525631,Elymus caninus,OpenDryPoor
2525632,Elymus caninus,OpenDryPoor
2525633,Elymus caninus,OpenDryPoor
2535682,Elymus caninus,OpenDryPoor
2537980,Elymus caninus,OpenDryPoor
2537982,Elymus caninus,OpenDryPoor
2537983,Elymus caninus,OpenDryPoor
2540280,Elymus caninus,OpenDryPoor
2540282,Elymus caninus,OpenDryPoor
2540283,Elymus caninus,OpenDryPoor
2540284,Elymus caninus,OpenDryPoor
2542582,Elymus caninus,OpenDryPoor
2542584,Elymus caninus,OpenDryPoor
2544297,Elymus caninus,OpenDryPoor
2544880,Elymus caninus,OpenDryPoor
2544881,Elymus caninus,OpenDryPoor
2544882,Elymus caninus,OpenDryPoor
2544884,Elymus caninus,OpenDryPoor
2547180,Elymus caninus,OpenDryPoor
2547181,Elymus caninus,OpenDryPoor
2547182,Elymus caninus,OpenDryPoor
2548898,Elymus caninus,OpenDryPoor
2548957,Elymus caninus,OpenDryPoor
2549480,Elymus caninus,OpenDryPoor
2549481,Elymus caninus,OpenDryPoor
2549656,Elymus caninus,OpenDryPoor
2549657,Elymus caninus,OpenDryPoor
2549658,Elymus caninus,OpenDryPoor
2551258,Elymus caninus,OpenDryPoor
2551281,Elymus caninus,OpenDryPoor
2551957,Elymus caninus,OpenDryPoor
2554080,Elymus caninus,OpenDryPoor
2554081,Elymus caninus,OpenDryPoor
2554260,Elymus caninus,OpenDryPoor
2554261,Elymus caninus,OpenDryPoor
2556383,Elymus caninus,OpenDryPoor
2556384,Elymus caninus,OpenDryPoor
2556559,Elymus caninus,OpenDryPoor
2556560,Elymus caninus,OpenDryPoor
2556561,Elymus caninus,OpenDryPoor
2558683,Elymus caninus,OpenDryPoor
2558684,Elymus caninus,OpenDryPoor
2558859,Elymus caninus,OpenDryPoor
2558860,Elymus caninus,OpenDryPoor
2558861,Elymus caninus,OpenDryPoor
2560485,Elymus caninus,OpenDryPoor
2563284,Elymus caninus,OpenDryPoor
2563285,Elymus caninus,OpenDryPoor
2564916,Elymus caninus,OpenDryPoor
2565584,Elymus caninus,OpenDryPoor
2567215,Elymus caninus,OpenDryPoor
2567881,Elymus caninus,OpenDryPoor
2567882,Elymus caninus,OpenDryPoor
2569516,Elymus caninus,OpenDryPoor
2569517,Elymus caninus,OpenDryPoor
2569518,Elymus caninus,OpenDryPoor
2570182,Elymus caninus,OpenDryPoor
2571815,Elymus caninus,OpenDryPoor
2571816,Elymus caninus,OpenDryPoor
2571817,Elymus caninus,OpenDryPoor
2571818,Elymus caninus,OpenDryPoor
2572481,Elymus caninus,OpenDryPoor
2572482,Elymus caninus,OpenDryPoor
2572483,Elymus caninus,OpenDryPoor
2574115,Elymus caninus,OpenDryPoor
2574116,Elymus caninus,OpenDryPoor
2574117,Elymus caninus,OpenDryPoor
2574781,Elymus caninus,OpenDryPoor
2574782,Elymus caninus,OpenDryPoor
2579381,Elymus caninus,OpenDryPoor
2579382,Elymus caninus,OpenDryPoor
2579387,Elymus caninus,OpenDryPoor
2581679,Elymus caninus,OpenDryPoor
2581681,Elymus caninus,OpenDryPoor
2581682,Elymus caninus,OpenDryPoor
2583955,Elymus caninus,OpenDryPoor
2583980,Elymus caninus,OpenDryPoor
2583981,Elymus caninus,OpenDryPoor
2586255,Elymus caninus,OpenDryPoor
2586279,Elymus caninus,OpenDryPoor
2586280,Elymus caninus,OpenDryPoor
2586281,Elymus caninus,OpenDryPoor
2586282,Elymus caninus,OpenDryPoor
2586284,Elymus caninus,OpenDryPoor
2586285,Elymus caninus,OpenDryPoor
2586287,Elymus caninus,OpenDryPoor
2588555,Elymus caninus,OpenDryPoor
2615580,Elymus caninus,OpenDryPoor
2615581,Elymus caninus,OpenDryPoor
2615583,Elymus caninus,OpenDryPoor
2622575,Elymus caninus,OpenDryPoor
2622576,Elymus caninus,OpenDryPoor
2622748,Elymus caninus,OpenDryPoor
2622749,Elymus caninus,OpenDryPoor
2624874,Elymus caninus,OpenDryPoor
2624875,Elymus caninus,OpenDryPoor
2625047,Elymus caninus,OpenDryPoor
2627348,Elymus caninus,OpenDryPoor
2629648,Elymus caninus,OpenDryPoor
2629833,Elymus caninus,OpenDryPoor
2631947,Elymus caninus,OpenDryPoor
2631948,Elymus caninus,OpenDryPoor
2632129,Elymus caninus,OpenDryPoor
2632130,Elymus caninus,OpenDryPoor
2632131,Elymus caninus,OpenDryPoor
2632132,Elymus caninus,OpenDryPoor
2634426,Elymus caninus,OpenDryPoor
2634427,Elymus caninus,OpenDryPoor
2634501,Elymus caninus,OpenDryPoor
2636726,Elymus caninus,OpenDryPoor
2636727,Elymus caninus,OpenDryPoor
2639027,Elymus caninus,OpenDryPoor
2639028,Elymus caninus,OpenDryPoor
2639101,Elymus caninus,OpenDryPoor
2639102,Elymus caninus,OpenDryPoor
2639104,Elymus caninus,OpenDryPoor
2641022,Elymus caninus,OpenDryPoor
2641404,Elymus caninus,OpenDryPoor
2641405,Elymus caninus,OpenDryPoor
2643321,Elymus caninus,OpenDryPoor
2643653,Elymus caninus,OpenDryPoor
2643705,Elymus caninus,OpenDryPoor
2643706,Elymus caninus,OpenDryPoor
2645954,Elymus caninus,OpenDryPoor
2645955,Elymus caninus,OpenDryPoor
2648297,Elymus caninus,OpenDryPoor
2648300,Elymus caninus,OpenDryPoor
2648351,Elymus caninus,OpenDryPoor
2650599,Elymus caninus,OpenDryPoor
2650600,Elymus caninus,OpenDryPoor
2652365,Elymus caninus,OpenDryPoor
2655237,Elymus caninus,OpenDryPoor
2655475,Elymus caninus,OpenDryPoor
2656966,Elymus caninus,OpenDryPoor
2656967,Elymus caninus,OpenDryPoor
2657536,Elymus caninus,OpenDryPoor
2657538,Elymus caninus,OpenDryPoor
2657539,Elymus caninus,OpenDryPoor
2659255,Elymus caninus,OpenDryPoor
2659835,Elymus caninus,OpenDryPoor
2659836,Elymus caninus,OpenDryPoor
2660076,Elymus caninus,OpenDryPoor
2661603,Elymus caninus,OpenDryPoor
2662135,Elymus caninus,OpenDryPoor
2662136,Elymus caninus,OpenDryPoor
2662138,Elymus caninus,OpenDryPoor
2662139,Elymus caninus,OpenDryPoor
2663903,Elymus caninus,OpenDryPoor
2664436,Elymus caninus,OpenDryPoor
2664437,Elymus caninus,OpenDryPoor
2666154,Elymus caninus,OpenDryPoor
2666156,Elymus caninus,OpenDryPoor
2666157,Elymus caninus,OpenDryPoor
2666985,Elymus caninus,OpenDryPoor
2666986,Elymus caninus,OpenDryPoor
2668545,Elymus caninus,OpenDryPoor
2669036,Elymus caninus,OpenDryPoor
2669037,Elymus caninus,OpenDryPoor
2669038,Elymus caninus,OpenDryPoor
2669285,Elymus caninus,OpenDryPoor
2670833,Elymus caninus,OpenDryPoor
2671336,Elymus caninus,OpenDryPoor
2671337,Elymus caninus,OpenDryPoor
2671339,Elymus caninus,OpenDryPoor
2671589,Elymus caninus,OpenDryPoor
2673145,Elymus caninus,OpenDryPoor
2673635,Elymus caninus,OpenDryPoor
2673636,Elymus caninus,OpenDryPoor
2673639,Elymus caninus,OpenDryPoor
2673889,Elymus caninus,OpenDryPoor
2675939,Elymus caninus,OpenDryPoor
2676123,Elymus caninus,OpenDryPoor
2676189,Elymus caninus,OpenDryPoor
2677745,Elymus caninus,OpenDryPoor
2677747,Elymus caninus,OpenDryPoor
2677748,Elymus caninus,OpenDryPoor
2680047,Elymus caninus,OpenDryPoor
2680048,Elymus caninus,OpenDryPoor
2682347,Elymus caninus,OpenDryPoor
2685325,Elymus caninus,OpenDryPoor
2686912,Elymus caninus,OpenDryPoor
2687550,Elymus caninus,OpenDryPoor
2687624,Elymus caninus,OpenDryPoor
2687625,Elymus caninus,OpenDryPoor
2688869,Elymus caninus,OpenDryPoor
2689212,Elymus caninus,OpenDryPoor
2691168,Elymus caninus,OpenDryPoor
2691169,Elymus caninus,OpenDryPoor
2691170,Elymus caninus,OpenDryPoor
2691171,Elymus caninus,OpenDryPoor
2691515,Elymus caninus,OpenDryPoor
2691516,Elymus caninus,OpenDryPoor
2692221,Elymus caninus,OpenDryPoor
2692228,Elymus caninus,OpenDryPoor
2693467,Elymus caninus,OpenDryPoor
2693468,Elymus caninus,OpenDryPoor
2693469,Elymus caninus,OpenDryPoor
2693470,Elymus caninus,OpenDryPoor
2693471,Elymus caninus,OpenDryPoor
2693505,Elymus caninus,OpenDryPoor
2693816,Elymus caninus,OpenDryPoor
2694526,Elymus caninus,OpenDryPoor
2694529,Elymus caninus,OpenDryPoor
2695767,Elymus caninus,OpenDryPoor
2695768,Elymus caninus,OpenDryPoor
2695769,Elymus caninus,OpenDryPoor
2695770,Elymus caninus,OpenDryPoor
2695771,Elymus caninus,OpenDryPoor
2695804,Elymus caninus,OpenDryPoor
2695805,Elymus caninus,OpenDryPoor
2695806,Elymus caninus,OpenDryPoor
2695807,Elymus caninus,OpenDryPoor
2696829,Elymus caninus,OpenDryPoor
2698068,Elymus caninus,OpenDryPoor
2698069,Elymus caninus,OpenDryPoor
2698070,Elymus caninus,OpenDryPoor
2698103,Elymus caninus,OpenDryPoor
2698104,Elymus caninus,OpenDryPoor
2698105,Elymus caninus,OpenDryPoor
2698106,Elymus caninus,OpenDryPoor
2698107,Elymus caninus,OpenDryPoor
2698956,Elymus caninus,OpenDryPoor
2699121,Elymus caninus,OpenDryPoor
2700404,Elymus caninus,OpenDryPoor
2700405,Elymus caninus,OpenDryPoor
2700665,Elymus caninus,OpenDryPoor
2700666,Elymus caninus,OpenDryPoor
2700667,Elymus caninus,OpenDryPoor
2701256,Elymus caninus,OpenDryPoor
2701257,Elymus caninus,OpenDryPoor
2701426,Elymus caninus,OpenDryPoor
2701480,Elymus caninus,OpenDryPoor
2702965,Elymus caninus,OpenDryPoor
2702966,Elymus caninus,OpenDryPoor
2702968,Elymus caninus,OpenDryPoor
2702969,Elymus caninus,OpenDryPoor
2703540,Elymus caninus,OpenDryPoor
2703557,Elymus caninus,OpenDryPoor
2705268,Elymus caninus,OpenDryPoor
2705269,Elymus caninus,OpenDryPoor
2707321,Elymus caninus,OpenDryPoor
2707322,Elymus caninus,OpenDryPoor
2707324,Elymus caninus,OpenDryPoor
2707565,Elymus caninus,OpenDryPoor
2707566,Elymus caninus,OpenDryPoor
2707567,Elymus caninus,OpenDryPoor
2707568,Elymus caninus,OpenDryPoor
2708143,Elymus caninus,OpenDryPoor
2709621,Elymus caninus,OpenDryPoor
2709622,Elymus caninus,OpenDryPoor
2709623,Elymus caninus,OpenDryPoor
2709624,Elymus caninus,OpenDryPoor
2709867,Elymus caninus,OpenDryPoor
2710624,Elymus caninus,OpenDryPoor
2710633,Elymus caninus,OpenDryPoor
2711921,Elymus caninus,OpenDryPoor
2711922,Elymus caninus,OpenDryPoor
2711924,Elymus caninus,OpenDryPoor
2712293,Elymus caninus,OpenDryPoor
2712912,Elymus caninus,OpenDryPoor
2712913,Elymus caninus,OpenDryPoor
2712914,Elymus caninus,OpenDryPoor
2714192,Elymus caninus,OpenDryPoor
2714193,Elymus caninus,OpenDryPoor
2714194,Elymus caninus,OpenDryPoor
2714221,Elymus caninus,OpenDryPoor
2714223,Elymus caninus,OpenDryPoor
2714224,Elymus caninus,OpenDryPoor
2715210,Elymus caninus,OpenDryPoor
2715211,Elymus caninus,OpenDryPoor
2715212,Elymus caninus,OpenDryPoor
2715214,Elymus caninus,OpenDryPoor
2715232,Elymus caninus,OpenDryPoor
2716491,Elymus caninus,OpenDryPoor
2716492,Elymus caninus,OpenDryPoor
2716493,Elymus caninus,OpenDryPoor
2716494,Elymus caninus,OpenDryPoor
2717409,Elymus caninus,OpenDryPoor
2717415,Elymus caninus,OpenDryPoor
2717510,Elymus caninus,OpenDryPoor
2717515,Elymus caninus,OpenDryPoor
2717532,Elymus caninus,OpenDryPoor
2717545,Elymus caninus,OpenDryPoor
2718791,Elymus caninus,OpenDryPoor
2718792,Elymus caninus,OpenDryPoor
2718794,Elymus caninus,OpenDryPoor
2718795,Elymus caninus,OpenDryPoor
2719192,Elymus caninus,OpenDryPoor
2719193,Elymus caninus,OpenDryPoor
2719710,Elymus caninus,OpenDryPoor
2719711,Elymus caninus,OpenDryPoor
2719715,Elymus caninus,OpenDryPoor
2719716,Elymus caninus,OpenDryPoor
2719832,Elymus caninus,OpenDryPoor
2719844,Elymus caninus,OpenDryPoor
2719845,Elymus caninus,OpenDryPoor
2719846,Elymus caninus,OpenDryPoor
2721091,Elymus caninus,OpenDryPoor
2721092,Elymus caninus,OpenDryPoor
2721416,Elymus caninus,OpenDryPoor
2721491,Elymus caninus,OpenDryPoor
2721492,Elymus caninus,OpenDryPoor
2721963,Elymus caninus,OpenDryPoor
2722010,Elymus caninus,OpenDryPoor
2722015,Elymus caninus,OpenDryPoor
2722016,Elymus caninus,OpenDryPoor
2722110,Elymus caninus,OpenDryPoor
2722146,Elymus caninus,OpenDryPoor
2723392,Elymus caninus,OpenDryPoor
2723393,Elymus caninus,OpenDryPoor
2723650,Elymus caninus,OpenDryPoor
2723790,Elymus caninus,OpenDryPoor
2723791,Elymus caninus,OpenDryPoor
2724315,Elymus caninus,OpenDryPoor
2724446,Elymus caninus,OpenDryPoor
2724447,Elymus caninus,OpenDryPoor
2725947,Elymus caninus,OpenDryPoor
2725948,Elymus caninus,OpenDryPoor
2725949,Elymus caninus,OpenDryPoor
2725950,Elymus caninus,OpenDryPoor
2726580,Elymus caninus,OpenDryPoor
2728248,Elymus caninus,OpenDryPoor
2728250,Elymus caninus,OpenDryPoor
2728251,Elymus caninus,OpenDryPoor
2728880,Elymus caninus,OpenDryPoor
2730548,Elymus caninus,OpenDryPoor
2730549,Elymus caninus,OpenDryPoor
2730550,Elymus caninus,OpenDryPoor
2730551,Elymus caninus,OpenDryPoor
2730698,Elymus caninus,OpenDryPoor
2731354,Elymus caninus,OpenDryPoor
2732896,Elymus caninus,OpenDryPoor
2733459,Elymus caninus,OpenDryPoor
2735197,Elymus caninus,OpenDryPoor
2735759,Elymus caninus,OpenDryPoor
2737545,Elymus caninus,OpenDryPoor
2738057,Elymus caninus,OpenDryPoor
2738068,Elymus caninus,OpenDryPoor
2739798,Elymus caninus,OpenDryPoor
2739800,Elymus caninus,OpenDryPoor
2739801,Elymus caninus,OpenDryPoor
2739845,Elymus caninus,OpenDryPoor
2740367,Elymus caninus,OpenDryPoor
2740368,Elymus caninus,OpenDryPoor
2740369,Elymus caninus,OpenDryPoor
2742107,Elymus caninus,OpenDryPoor
2742108,Elymus caninus,OpenDryPoor
2744403,Elymus caninus,OpenDryPoor
2744404,Elymus caninus,OpenDryPoor
2744406,Elymus caninus,OpenDryPoor
2744407,Elymus caninus,OpenDryPoor
2744408,Elymus caninus,OpenDryPoor
2744966,Elymus caninus,OpenDryPoor
2746702,Elymus caninus,OpenDryPoor
2747268,Elymus caninus,OpenDryPoor
2749004,Elymus caninus,OpenDryPoor
2749575,Elymus caninus,OpenDryPoor
2749681,Elymus caninus,OpenDryPoor
2749685,Elymus caninus,OpenDryPoor
2751871,Elymus caninus,OpenDryPoor
2751873,Elymus caninus,OpenDryPoor
2751979,Elymus caninus,OpenDryPoor
2754175,Elymus caninus,OpenDryPoor
2756476,Elymus caninus,OpenDryPoor
2756477,Elymus caninus,OpenDryPoor
2756584,Elymus caninus,OpenDryPoor
2758777,Elymus caninus,OpenDryPoor
2758781,Elymus caninus,OpenDryPoor
2758884,Elymus caninus,OpenDryPoor
2761078,Elymus caninus,OpenDryPoor
2761176,Elymus caninus,OpenDryPoor
2763475,Elymus caninus,OpenDryPoor
2765668,Elymus caninus,OpenDryPoor
2765680,Elymus caninus,OpenDryPoor
2765841,Elymus caninus,OpenDryPoor
2765853,Elymus caninus,OpenDryPoor
2767974,Elymus caninus,OpenDryPoor
2767975,Elymus caninus,OpenDryPoor
2767976,Elymus caninus,OpenDryPoor
2767979,Elymus caninus,OpenDryPoor
2768140,Elymus caninus,OpenDryPoor
2768141,Elymus caninus,OpenDryPoor
2770275,Elymus caninus,OpenDryPoor
2770276,Elymus caninus,OpenDryPoor
2770283,Elymus caninus,OpenDryPoor
2770297,Elymus caninus,OpenDryPoor
2770419,Elymus caninus,OpenDryPoor
2774881,Elymus caninus,OpenDryPoor
2774885,Elymus caninus,OpenDryPoor
2774897,Elymus caninus,OpenDryPoor
2774898,Elymus caninus,OpenDryPoor
2777175,Elymus caninus,OpenDryPoor
2777176,Elymus caninus,OpenDryPoor
2777177,Elymus caninus,OpenDryPoor
2779476,Elymus caninus,OpenDryPoor
2779481,Elymus caninus,OpenDryPoor
2779484,Elymus caninus,OpenDryPoor
2779668,Elymus caninus,OpenDryPoor
2781787,Elymus caninus,OpenDryPoor
2781967,Elymus caninus,OpenDryPoor
2784080,Elymus caninus,OpenDryPoor
2784082,Elymus caninus,OpenDryPoor
2788683,Elymus caninus,OpenDryPoor
2788799,Elymus caninus,OpenDryPoor
2788800,Elymus caninus,OpenDryPoor
2788801,Elymus caninus,OpenDryPoor
2790980,Elymus caninus,OpenDryPoor
2791099,Elymus caninus,OpenDryPoor
2791100,Elymus caninus,OpenDryPoor
2793398,Elymus caninus,OpenDryPoor
2793399,Elymus caninus,OpenDryPoor
2793400,Elymus caninus,OpenDryPoor
2795699,Elymus caninus,OpenDryPoor
2795700,Elymus caninus,OpenDryPoor
2797878,Elymus caninus,OpenDryPoor
2797879,Elymus caninus,OpenDryPoor
2797881,Elymus caninus,OpenDryPoor
2797885,Elymus caninus,OpenDryPoor
2797999,Elymus caninus,OpenDryPoor
2800181,Elymus caninus,OpenDryPoor
2800187,Elymus caninus,OpenDryPoor
2802485,Elymus caninus,OpenDryPoor
2802486,Elymus caninus,OpenDryPoor
2802487,Elymus caninus,OpenDryPoor
2804785,Elymus caninus,OpenDryPoor
2804786,Elymus caninus,OpenDryPoor
2814136,Elymus caninus,OpenDryPoor
2816435,Elymus caninus,OpenDryPoor
2818735,Elymus caninus,OpenDryPoor
2821035,Elymus caninus,OpenDryPoor
2823340,Elymus caninus,OpenDryPoor
2825496,Elymus caninus,OpenDryPoor
2825640,Elymus caninus,OpenDryPoor
2827796,Elymus caninus,OpenDryPoor
2827797,Elymus caninus,OpenDryPoor
2837135,Elymus caninus,OpenDryPoor
2837151,Elymus caninus,OpenDryPoor
2837152,Elymus caninus,OpenDryPoor
2839432,Elymus caninus,OpenDryPoor
2841355,Elymus caninus,OpenDryPoor
2841732,Elymus caninus,OpenDryPoor
2841734,Elymus caninus,OpenDryPoor
2843654,Elymus caninus,OpenDryPoor
2843655,Elymus caninus,OpenDryPoor
2844034,Elymus caninus,OpenDryPoor
2844038,Elymus caninus,OpenDryPoor
2844046,Elymus caninus,OpenDryPoor
2845954,Elymus caninus,OpenDryPoor
2845955,Elymus caninus,OpenDryPoor
2845956,Elymus caninus,OpenDryPoor
2846346,Elymus caninus,OpenDryPoor
2846351,Elymus caninus,OpenDryPoor
2846360,Elymus caninus,OpenDryPoor
2848255,Elymus caninus,OpenDryPoor
2848256,Elymus caninus,OpenDryPoor
2850236,Elymus caninus,OpenDryPoor
2850556,Elymus caninus,OpenDryPoor
2850557,Elymus caninus,OpenDryPoor
2850942,Elymus caninus,OpenDryPoor
2850959,Elymus caninus,OpenDryPoor
2852533,Elymus caninus,OpenDryPoor
2852534,Elymus caninus,OpenDryPoor
2852535,Elymus caninus,OpenDryPoor
2853240,Elymus caninus,OpenDryPoor
2854760,Elymus caninus,OpenDryPoor
2854835,Elymus caninus,OpenDryPoor
2855541,Elymus caninus,OpenDryPoor
2857060,Elymus caninus,OpenDryPoor
2857135,Elymus caninus,OpenDryPoor
2857851,Elymus caninus,OpenDryPoor
2859359,Elymus caninus,OpenDryPoor
2859360,Elymus caninus,OpenDryPoor
2859361,Elymus caninus,OpenDryPoor
2859362,Elymus caninus,OpenDryPoor
2859434,Elymus caninus,OpenDryPoor
2859437,Elymus caninus,OpenDryPoor
2860138,Elymus caninus,OpenDryPoor
2860144,Elymus caninus,OpenDryPoor
2860147,Elymus caninus,OpenDryPoor
2861661,Elymus caninus,OpenDryPoor
2861662,Elymus caninus,OpenDryPoor
2861736,Elymus caninus,OpenDryPoor
2862443,Elymus caninus,OpenDryPoor
2862448,Elymus caninus,OpenDryPoor
2862449,Elymus caninus,OpenDryPoor
2863670,Elymus caninus,OpenDryPoor
2863671,Elymus caninus,OpenDryPoor
2863960,Elymus caninus,OpenDryPoor
2863961,Elymus caninus,OpenDryPoor
2864036,Elymus caninus,OpenDryPoor
2865969,Elymus caninus,OpenDryPoor
2865970,Elymus caninus,OpenDryPoor
2865972,Elymus caninus,OpenDryPoor
2866334,Elymus caninus,OpenDryPoor
2866572,Elymus caninus,OpenDryPoor
2868268,Elymus caninus,OpenDryPoor
2868269,Elymus caninus,OpenDryPoor
2868270,Elymus caninus,OpenDryPoor
2868272,Elymus caninus,OpenDryPoor
2868869,Elymus caninus,OpenDryPoor
2870568,Elymus caninus,OpenDryPoor
2870569,Elymus caninus,OpenDryPoor
2870570,Elymus caninus,OpenDryPoor
2870571,Elymus caninus,OpenDryPoor
2871096,Elymus caninus,OpenDryPoor
2871672,Elymus caninus,OpenDryPoor
2872870,Elymus caninus,OpenDryPoor
2872871,Elymus caninus,OpenDryPoor
2873471,Elymus caninus,OpenDryPoor
2873972,Elymus caninus,OpenDryPoor
2873973,Elymus caninus,OpenDryPoor
2876241,Elymus caninus,OpenDryPoor
2876275,Elymus caninus,OpenDryPoor
2878389,Elymus caninus,OpenDryPoor
2878390,Elymus caninus,OpenDryPoor
2878391,Elymus caninus,OpenDryPoor
2878572,Elymus caninus,OpenDryPoor
2882360,Elymus caninus,OpenDryPoor
2886680,Elymus caninus,OpenDryPoor
2886681,Elymus caninus,OpenDryPoor
2887269,Elymus caninus,OpenDryPoor
2887270,Elymus caninus,OpenDryPoor
2887272,Elymus caninus,OpenDryPoor
2888979,Elymus caninus,OpenDryPoor
2888980,Elymus caninus,OpenDryPoor
2888981,Elymus caninus,OpenDryPoor
2888982,Elymus caninus,OpenDryPoor
2889392,Elymus caninus,OpenDryPoor
2889393,Elymus caninus,OpenDryPoor
2889569,Elymus caninus,OpenDryPoor
2889572,Elymus caninus,OpenDryPoor
2891279,Elymus caninus,OpenDryPoor
2891280,Elymus caninus,OpenDryPoor
2891281,Elymus caninus,OpenDryPoor
2891282,Elymus caninus,OpenDryPoor
2891283,Elymus caninus,OpenDryPoor
2891688,Elymus caninus,OpenDryPoor
2891689,Elymus caninus,OpenDryPoor
2893579,Elymus caninus,OpenDryPoor
2893580,Elymus caninus,OpenDryPoor
2893581,Elymus caninus,OpenDryPoor
2893582,Elymus caninus,OpenDryPoor
2893583,Elymus caninus,OpenDryPoor
2893950,Elymus caninus,OpenDryPoor
2893986,Elymus caninus,OpenDryPoor
2893987,Elymus caninus,OpenDryPoor
2893989,Elymus caninus,OpenDryPoor
2893990,Elymus caninus,OpenDryPoor
2895879,Elymus caninus,OpenDryPoor
2895880,Elymus caninus,OpenDryPoor
2895881,Elymus caninus,OpenDryPoor
2895882,Elymus caninus,OpenDryPoor
2896250,Elymus caninus,OpenDryPoor
2896288,Elymus caninus,OpenDryPoor
2896394,Elymus caninus,OpenDryPoor
2900704,Elymus caninus,OpenDryPoor
2900705,Elymus caninus,OpenDryPoor
2900883,Elymus caninus,OpenDryPoor
2900884,Elymus caninus,OpenDryPoor
2903005,Elymus caninus,OpenDryPoor
2903006,Elymus caninus,OpenDryPoor
2903007,Elymus caninus,OpenDryPoor
2903184,Elymus caninus,OpenDryPoor
2903810,Elymus caninus,OpenDryPoor
2905306,Elymus caninus,OpenDryPoor
2905484,Elymus caninus,OpenDryPoor
2907606,Elymus caninus,OpenDryPoor
2917547,Elymus caninus,OpenDryPoor
2917548,Elymus caninus,OpenDryPoor
2917690,Elymus caninus,OpenDryPoor
2919847,Elymus caninus,OpenDryPoor
2919850,Elymus caninus,OpenDryPoor
2922148,Elymus caninus,OpenDryPoor
2923758,Elymus caninus,OpenDryPoor
2924448,Elymus caninus,OpenDryPoor
2926058,Elymus caninus,OpenDryPoor
2931414,Elymus caninus,OpenDryPoor
2932952,Elymus caninus,OpenDryPoor
2932953,Elymus caninus,OpenDryPoor
2932954,Elymus caninus,OpenDryPoor
2933715,Elymus caninus,OpenDryPoor
2935252,Elymus caninus,OpenDryPoor
2935253,Elymus caninus,OpenDryPoor
2935255,Elymus caninus,OpenDryPoor
2936014,Elymus caninus,OpenDryPoor
2936015,Elymus caninus,OpenDryPoor
2937549,Elymus caninus,OpenDryPoor
2937551,Elymus caninus,OpenDryPoor
2937552,Elymus caninus,OpenDryPoor
2939848,Elymus caninus,OpenDryPoor
2939851,Elymus caninus,OpenDryPoor
2939852,Elymus caninus,OpenDryPoor
2939855,Elymus caninus,OpenDryPoor
2942148,Elymus caninus,OpenDryPoor
2942152,Elymus caninus,OpenDryPoor
2944447,Elymus caninus,OpenDryPoor
2944448,Elymus caninus,OpenDryPoor
2944449,Elymus caninus,OpenDryPoor
2944451,Elymus caninus,OpenDryPoor
2944641,Elymus caninus,OpenDryPoor
2946747,Elymus caninus,OpenDryPoor
2946748,Elymus caninus,OpenDryPoor
2946752,Elymus caninus,OpenDryPoor
2946852,Elymus caninus,OpenDryPoor
2946941,Elymus caninus,OpenDryPoor
2951349,Elymus caninus,OpenDryPoor
2953627,Elymus caninus,OpenDryPoor
2953628,Elymus caninus,OpenDryPoor
2953648,Elymus caninus,OpenDryPoor
2953649,Elymus caninus,OpenDryPoor
2955928,Elymus caninus,OpenDryPoor
2955930,Elymus caninus,OpenDryPoor
2955931,Elymus caninus,OpenDryPoor
2958226,Elymus caninus,OpenDryPoor
2958228,Elymus caninus,OpenDryPoor
2958229,Elymus caninus,OpenDryPoor
2958231,Elymus caninus,OpenDryPoor
2958232,Elymus caninus,OpenDryPoor
2958233,Elymus caninus,OpenDryPoor
2958234,Elymus caninus,OpenDryPoor
2958235,Elymus caninus,OpenDryPoor
2958246,Elymus caninus,OpenDryPoor
2958247,Elymus caninus,OpenDryPoor
2959053,Elymus caninus,OpenDryPoor
2960526,Elymus caninus,OpenDryPoor
2960528,Elymus caninus,OpenDryPoor
2960533,Elymus caninus,OpenDryPoor
2960534,Elymus caninus,OpenDryPoor
2960535,Elymus caninus,OpenDryPoor
2960547,Elymus caninus,OpenDryPoor
2961353,Elymus caninus,OpenDryPoor
2962827,Elymus caninus,OpenDryPoor
2962831,Elymus caninus,OpenDryPoor
2962832,Elymus caninus,OpenDryPoor
2962835,Elymus caninus,OpenDryPoor
2963654,Elymus caninus,OpenDryPoor
2965129,Elymus caninus,OpenDryPoor
2965131,Elymus caninus,OpenDryPoor
2965132,Elymus caninus,OpenDryPoor
2965133,Elymus caninus,OpenDryPoor
2965134,Elymus caninus,OpenDryPoor
2965955,Elymus caninus,OpenDryPoor
2968254,Elymus caninus,OpenDryPoor
2976893,Elymus caninus,OpenDryPoor
3002270,Elymus caninus,OpenDryPoor
3004572,Elymus caninus,OpenDryPoor
3004949,Elymus caninus,OpenDryPoor
3005104,Elymus caninus,OpenDryPoor
3006756,Elymus caninus,OpenDryPoor
3006872,Elymus caninus,OpenDryPoor
3006873,Elymus caninus,OpenDryPoor
3007249,Elymus caninus,OpenDryPoor
3007363,Elymus caninus,OpenDryPoor
3007365,Elymus caninus,OpenDryPoor
3008701,Elymus caninus,OpenDryPoor
3008702,Elymus caninus,OpenDryPoor
3008703,Elymus caninus,OpenDryPoor
3009056,Elymus caninus,OpenDryPoor
3009119,Elymus caninus,OpenDryPoor
3009120,Elymus caninus,OpenDryPoor
3009173,Elymus caninus,OpenDryPoor
3009549,Elymus caninus,OpenDryPoor
3009663,Elymus caninus,OpenDryPoor
3011000,Elymus caninus,OpenDryPoor
3011001,Elymus caninus,OpenDryPoor
3011002,Elymus caninus,OpenDryPoor
3011003,Elymus caninus,OpenDryPoor
3011004,Elymus caninus,OpenDryPoor
3011356,Elymus caninus,OpenDryPoor
3011963,Elymus caninus,OpenDryPoor
3013301,Elymus caninus,OpenDryPoor
3013302,Elymus caninus,OpenDryPoor
3013303,Elymus caninus,OpenDryPoor
3013656,Elymus caninus,OpenDryPoor
3013657,Elymus caninus,OpenDryPoor
3015600,Elymus caninus,OpenDryPoor
3015601,Elymus caninus,OpenDryPoor
3015602,Elymus caninus,OpenDryPoor
3015603,Elymus caninus,OpenDryPoor
3015957,Elymus caninus,OpenDryPoor
3015984,Elymus caninus,OpenDryPoor
3016020,Elymus caninus,OpenDryPoor
3017901,Elymus caninus,OpenDryPoor
3017902,Elymus caninus,OpenDryPoor
3017903,Elymus caninus,OpenDryPoor
3018285,Elymus caninus,OpenDryPoor
3027457,Elymus caninus,OpenDryPoor
3029758,Elymus caninus,OpenDryPoor
3032056,Elymus caninus,OpenDryPoor
3032057,Elymus caninus,OpenDryPoor
3032058,Elymus caninus,OpenDryPoor
3032059,Elymus caninus,OpenDryPoor
3034357,Elymus caninus,OpenDryPoor
3034358,Elymus caninus,OpenDryPoor
3034359,Elymus caninus,OpenDryPoor
3034360,Elymus caninus,OpenDryPoor
3034421,Elymus caninus,OpenDryPoor
3036658,Elymus caninus,OpenDryPoor
3038767,Elymus caninus,OpenDryPoor
3038768,Elymus caninus,OpenDryPoor
3038769,Elymus caninus,OpenDryPoor
3041067,Elymus caninus,OpenDryPoor
3041068,Elymus caninus,OpenDryPoor
3043368,Elymus caninus,OpenDryPoor
3043369,Elymus caninus,OpenDryPoor
3043621,Elymus caninus,OpenDryPoor
3045669,Elymus caninus,OpenDryPoor
3045670,Elymus caninus,OpenDryPoor
3045921,Elymus caninus,OpenDryPoor
3046322,Elymus caninus,OpenDryPoor
3048220,Elymus caninus,OpenDryPoor
3050515,Elymus caninus,OpenDryPoor
3061654,Elymus caninus,OpenDryPoor
3061657,Elymus caninus,OpenDryPoor
3063956,Elymus caninus,OpenDryPoor
3064308,Elymus caninus,OpenDryPoor
3064717,Elymus caninus,OpenDryPoor
3064718,Elymus caninus,OpenDryPoor
3066256,Elymus caninus,OpenDryPoor
3071248,Elymus caninus,OpenDryPoor
3073094,Elymus caninus,OpenDryPoor
3073095,Elymus caninus,OpenDryPoor
3073096,Elymus caninus,OpenDryPoor
3075394,Elymus caninus,OpenDryPoor
3075395,Elymus caninus,OpenDryPoor
3075396,Elymus caninus,OpenDryPoor
3075767,Elymus caninus,OpenDryPoor
3075929,Elymus caninus,OpenDryPoor
3077261,Elymus caninus,OpenDryPoor
3077262,Elymus caninus,OpenDryPoor
3077263,Elymus caninus,OpenDryPoor
3077696,Elymus caninus,OpenDryPoor
3078096,Elymus caninus,OpenDryPoor
3078230,Elymus caninus,OpenDryPoor
3078541,Elymus caninus,OpenDryPoor
3078542,Elymus caninus,OpenDryPoor
3079562,Elymus caninus,OpenDryPoor
3079563,Elymus caninus,OpenDryPoor
3079994,Elymus caninus,OpenDryPoor
3079995,Elymus caninus,OpenDryPoor
3079996,Elymus caninus,OpenDryPoor
3080529,Elymus caninus,OpenDryPoor
3080530,Elymus caninus,OpenDryPoor
3080531,Elymus caninus,OpenDryPoor
3080532,Elymus caninus,OpenDryPoor
3081861,Elymus caninus,OpenDryPoor
3082294,Elymus caninus,OpenDryPoor
3082295,Elymus caninus,OpenDryPoor
3082296,Elymus caninus,OpenDryPoor
3082670,Elymus caninus,OpenDryPoor
3084968,Elymus caninus,OpenDryPoor
3086466,Elymus caninus,OpenDryPoor
3086468,Elymus caninus,OpenDryPoor
3088764,Elymus caninus,OpenDryPoor
3088765,Elymus caninus,OpenDryPoor
3088767,Elymus caninus,OpenDryPoor
3091065,Elymus caninus,OpenDryPoor
3091066,Elymus caninus,OpenDryPoor
3091067,Elymus caninus,OpenDryPoor
3096639,Elymus caninus,OpenDryPoor
3096640,Elymus caninus,OpenDryPoor
3096641,Elymus caninus,OpenDryPoor
3098939,Elymus caninus,OpenDryPoor
3098940,Elymus caninus,OpenDryPoor
3098941,Elymus caninus,OpenDryPoor
3098942,Elymus caninus,OpenDryPoor
3101242,Elymus caninus,OpenDryPoor
3103539,Elymus caninus,OpenDryPoor
3103542,Elymus caninus,OpenDryPoor
3105850,Elymus caninus,OpenDryPoor
3108150,Elymus caninus,OpenDryPoor
3108151,Elymus caninus,OpenDryPoor
3111788,Elymus caninus,OpenDryPoor
3111789,Elymus caninus,OpenDryPoor
3112749,Elymus caninus,OpenDryPoor
3114079,Elymus caninus,OpenDryPoor
3114080,Elymus caninus,OpenDryPoor
3114088,Elymus caninus,OpenDryPoor
3114089,Elymus caninus,OpenDryPoor
3115049,Elymus caninus,OpenDryPoor
3116378,Elymus caninus,OpenDryPoor
3116380,Elymus caninus,OpenDryPoor
3116387,Elymus caninus,OpenDryPoor
3116388,Elymus caninus,OpenDryPoor
3116389,Elymus caninus,OpenDryPoor
3116390,Elymus caninus,OpenDryPoor
3117124,Elymus caninus,OpenDryPoor
3117126,Elymus caninus,OpenDryPoor
3117127,Elymus caninus,OpenDryPoor
3118678,Elymus caninus,OpenDryPoor
3118679,Elymus caninus,OpenDryPoor
3118680,Elymus caninus,OpenDryPoor
3118681,Elymus caninus,OpenDryPoor
3118688,Elymus caninus,OpenDryPoor
3118690,Elymus caninus,OpenDryPoor
3119425,Elymus caninus,OpenDryPoor
3120979,Elymus caninus,OpenDryPoor
3120980,Elymus caninus,OpenDryPoor
3120981,Elymus caninus,OpenDryPoor
3120983,Elymus caninus,OpenDryPoor
3120984,Elymus caninus,OpenDryPoor
3120988,Elymus caninus,OpenDryPoor
3120989,Elymus caninus,OpenDryPoor
3120990,Elymus caninus,OpenDryPoor
3121739,Elymus caninus,OpenDryPoor
3123279,Elymus caninus,OpenDryPoor
3123280,Elymus caninus,OpenDryPoor
3123282,Elymus caninus,OpenDryPoor
3123283,Elymus caninus,OpenDryPoor
3123294,Elymus caninus,OpenDryPoor
3125577,Elymus caninus,OpenDryPoor
3125578,Elymus caninus,OpenDryPoor
3125579,Elymus caninus,OpenDryPoor
3125591,Elymus caninus,OpenDryPoor
3125593,Elymus caninus,OpenDryPoor
3125594,Elymus caninus,OpenDryPoor
3125595,Elymus caninus,OpenDryPoor
3126344,Elymus caninus,OpenDryPoor
3127876,Elymus caninus,OpenDryPoor
3127877,Elymus caninus,OpenDryPoor
3127879,Elymus caninus,OpenDryPoor
3127891,Elymus caninus,OpenDryPoor
3127893,Elymus caninus,OpenDryPoor
3127894,Elymus caninus,OpenDryPoor
3127895,Elymus caninus,OpenDryPoor
3128766,Elymus caninus,OpenDryPoor
3130178,Elymus caninus,OpenDryPoor
3130179,Elymus caninus,OpenDryPoor
3130192,Elymus caninus,OpenDryPoor
3130193,Elymus caninus,OpenDryPoor
3130194,Elymus caninus,OpenDryPoor
3130198,Elymus caninus,OpenDryPoor
3131026,Elymus caninus,OpenDryPoor
3131027,Elymus caninus,OpenDryPoor
3131066,Elymus caninus,OpenDryPoor
3132496,Elymus caninus,OpenDryPoor
3132497,Elymus caninus,OpenDryPoor
3132499,Elymus caninus,OpenDryPoor
3134796,Elymus caninus,OpenDryPoor
3134797,Elymus caninus,OpenDryPoor
3134798,Elymus caninus,OpenDryPoor
3134799,Elymus caninus,OpenDryPoor
3134800,Elymus caninus,OpenDryPoor
3135626,Elymus caninus,OpenDryPoor
3135664,Elymus caninus,OpenDryPoor
3137099,Elymus caninus,OpenDryPoor
3137100,Elymus caninus,OpenDryPoor
3137964,Elymus caninus,OpenDryPoor
3137965,Elymus caninus,OpenDryPoor
3138031,Elymus caninus,OpenDryPoor
3139396,Elymus caninus,OpenDryPoor
3139398,Elymus caninus,OpenDryPoor
3140212,Elymus caninus,OpenDryPoor
3140301,Elymus caninus,OpenDryPoor
3140329,Elymus caninus,OpenDryPoor
3140330,Elymus caninus,OpenDryPoor
3140331,Elymus caninus,OpenDryPoor
3140332,Elymus caninus,OpenDryPoor
3141697,Elymus caninus,OpenDryPoor
3141699,Elymus caninus,OpenDryPoor
3142309,Elymus caninus,OpenDryPoor
3142310,Elymus caninus,OpenDryPoor
3142325,Elymus caninus,OpenDryPoor
3142601,Elymus caninus,OpenDryPoor
3142631,Elymus caninus,OpenDryPoor
3142632,Elymus caninus,OpenDryPoor
3143999,Elymus caninus,OpenDryPoor
3144000,Elymus caninus,OpenDryPoor
3144600,Elymus caninus,OpenDryPoor
3144900,Elymus caninus,OpenDryPoor
3144901,Elymus caninus,OpenDryPoor
3144930,Elymus caninus,OpenDryPoor
3144932,Elymus caninus,OpenDryPoor
3145386,Elymus caninus,OpenDryPoor
3146298,Elymus caninus,OpenDryPoor
3146299,Elymus caninus,OpenDryPoor
3147201,Elymus caninus,OpenDryPoor
3147231,Elymus caninus,OpenDryPoor
3148598,Elymus caninus,OpenDryPoor
3148616,Elymus caninus,OpenDryPoor
3148622,Elymus caninus,OpenDryPoor
3148623,Elymus caninus,OpenDryPoor
3149199,Elymus caninus,OpenDryPoor
3150917,Elymus caninus,OpenDryPoor
3150919,Elymus caninus,OpenDryPoor
3150920,Elymus caninus,OpenDryPoor
3150924,Elymus caninus,OpenDryPoor
3153217,Elymus caninus,OpenDryPoor
3153218,Elymus caninus,OpenDryPoor
3153219,Elymus caninus,OpenDryPoor
3153934,Elymus caninus,OpenDryPoor
3155518,Elymus caninus,OpenDryPoor
3155519,Elymus caninus,OpenDryPoor
3156833,Elymus caninus,OpenDryPoor
3158636,Elymus caninus,OpenDryPoor
3158637,Elymus caninus,OpenDryPoor
3160936,Elymus caninus,OpenDryPoor
3160937,Elymus caninus,OpenDryPoor
3162437,Elymus caninus,OpenDryPoor
3163283,Elymus caninus,OpenDryPoor
3163732,Elymus caninus,OpenDryPoor
3164738,Elymus caninus,OpenDryPoor
3165549,Elymus caninus,OpenDryPoor
3165550,Elymus caninus,OpenDryPoor
3165551,Elymus caninus,OpenDryPoor
3167722,Elymus caninus,OpenDryPoor
3167848,Elymus caninus,OpenDryPoor
3167849,Elymus caninus,OpenDryPoor
3167850,Elymus caninus,OpenDryPoor
3169338,Elymus caninus,OpenDryPoor
3169339,Elymus caninus,OpenDryPoor
3169340,Elymus caninus,OpenDryPoor
3170148,Elymus caninus,OpenDryPoor
3170149,Elymus caninus,OpenDryPoor
3170150,Elymus caninus,OpenDryPoor
3170151,Elymus caninus,OpenDryPoor
3170183,Elymus caninus,OpenDryPoor
3171638,Elymus caninus,OpenDryPoor
3172481,Elymus caninus,OpenDryPoor
3172482,Elymus caninus,OpenDryPoor
3172541,Elymus caninus,OpenDryPoor
3173943,Elymus caninus,OpenDryPoor
3174839,Elymus caninus,OpenDryPoor
3174840,Elymus caninus,OpenDryPoor
3174841,Elymus caninus,OpenDryPoor
3177125,Elymus caninus,OpenDryPoor
3177126,Elymus caninus,OpenDryPoor
3177521,Elymus caninus,OpenDryPoor
3178499,Elymus caninus,OpenDryPoor
3178943,Elymus caninus,OpenDryPoor
3178944,Elymus caninus,OpenDryPoor
3178988,Elymus caninus,OpenDryPoor
3179425,Elymus caninus,OpenDryPoor
3179453,Elymus caninus,OpenDryPoor
3180798,Elymus caninus,OpenDryPoor
3180799,Elymus caninus,OpenDryPoor
3180800,Elymus caninus,OpenDryPoor
3181242,Elymus caninus,OpenDryPoor
3181244,Elymus caninus,OpenDryPoor
3183541,Elymus caninus,OpenDryPoor
3183542,Elymus caninus,OpenDryPoor
3183543,Elymus caninus,OpenDryPoor
3185400,Elymus caninus,OpenDryPoor
3185401,Elymus caninus,OpenDryPoor
3185842,Elymus caninus,OpenDryPoor
3187735,Elymus caninus,OpenDryPoor
3188430,Elymus caninus,OpenDryPoor
3188431,Elymus caninus,OpenDryPoor
3188612,Elymus caninus,OpenDryPoor
3189057,Elymus caninus,OpenDryPoor
3189066,Elymus caninus,OpenDryPoor
3190033,Elymus caninus,OpenDryPoor
3190731,Elymus caninus,OpenDryPoor
3191355,Elymus caninus,OpenDryPoor
3191367,Elymus caninus,OpenDryPoor
3192334,Elymus caninus,OpenDryPoor
3193215,Elymus caninus,OpenDryPoor
3195512,Elymus caninus,OpenDryPoor
3195957,Elymus caninus,OpenDryPoor
3199662,Elymus caninus,OpenDryPoor
3200543,Elymus caninus,OpenDryPoor
3200544,Elymus caninus,OpenDryPoor
3200559,Elymus caninus,OpenDryPoor
3201504,Elymus caninus,OpenDryPoor
3201505,Elymus caninus,OpenDryPoor
3201506,Elymus caninus,OpenDryPoor
3201960,Elymus caninus,OpenDryPoor
3201961,Elymus caninus,OpenDryPoor
3202284,Elymus caninus,OpenDryPoor
3202287,Elymus caninus,OpenDryPoor
3202292,Elymus caninus,OpenDryPoor
3202412,Elymus caninus,OpenDryPoor
3202844,Elymus caninus,OpenDryPoor
3203804,Elymus caninus,OpenDryPoor
3203805,Elymus caninus,OpenDryPoor
3203806,Elymus caninus,OpenDryPoor
3203807,Elymus caninus,OpenDryPoor
3203808,Elymus caninus,OpenDryPoor
3204636,Elymus caninus,OpenDryPoor
3204711,Elymus caninus,OpenDryPoor
3204712,Elymus caninus,OpenDryPoor
3205142,Elymus caninus,OpenDryPoor
3205161,Elymus caninus,OpenDryPoor
3206105,Elymus caninus,OpenDryPoor
3206106,Elymus caninus,OpenDryPoor
3206107,Elymus caninus,OpenDryPoor
3206932,Elymus caninus,OpenDryPoor
3206934,Elymus caninus,OpenDryPoor
3206935,Elymus caninus,OpenDryPoor
3206936,Elymus caninus,OpenDryPoor
3207012,Elymus caninus,OpenDryPoor
3207446,Elymus caninus,OpenDryPoor
3207459,Elymus caninus,OpenDryPoor
3207460,Elymus caninus,OpenDryPoor
3209743,Elymus caninus,OpenDryPoor
3209744,Elymus caninus,OpenDryPoor
3209745,Elymus caninus,OpenDryPoor
3212064,Elymus caninus,OpenDryPoor
3212983,Elymus caninus,OpenDryPoor
3212984,Elymus caninus,OpenDryPoor
3212985,Elymus caninus,OpenDryPoor
3214366,Elymus caninus,OpenDryPoor
3215282,Elymus caninus,OpenDryPoor
3215283,Elymus caninus,OpenDryPoor
3215284,Elymus caninus,OpenDryPoor
3215285,Elymus caninus,OpenDryPoor
3215286,Elymus caninus,OpenDryPoor
3215360,Elymus caninus,OpenDryPoor
3215689,Elymus caninus,OpenDryPoor
3215799,Elymus caninus,OpenDryPoor
3216670,Elymus caninus,OpenDryPoor
3217582,Elymus caninus,OpenDryPoor
3217584,Elymus caninus,OpenDryPoor
3217586,Elymus caninus,OpenDryPoor
3217659,Elymus caninus,OpenDryPoor
3217987,Elymus caninus,OpenDryPoor
3217988,Elymus caninus,OpenDryPoor
3217989,Elymus caninus,OpenDryPoor
3218098,Elymus caninus,OpenDryPoor
3218099,Elymus caninus,OpenDryPoor
3218966,Elymus caninus,OpenDryPoor
3219882,Elymus caninus,OpenDryPoor
3219883,Elymus caninus,OpenDryPoor
3219884,Elymus caninus,OpenDryPoor
3219886,Elymus caninus,OpenDryPoor
3219959,Elymus caninus,OpenDryPoor
3219960,Elymus caninus,OpenDryPoor
3220287,Elymus caninus,OpenDryPoor
3220288,Elymus caninus,OpenDryPoor
3220397,Elymus caninus,OpenDryPoor
3220398,Elymus caninus,OpenDryPoor
3220400,Elymus caninus,OpenDryPoor
3220816,Elymus caninus,OpenDryPoor
3221272,Elymus caninus,OpenDryPoor
3222183,Elymus caninus,OpenDryPoor
3222184,Elymus caninus,OpenDryPoor
3222185,Elymus caninus,OpenDryPoor
3222258,Elymus caninus,OpenDryPoor
3222259,Elymus caninus,OpenDryPoor
3222260,Elymus caninus,OpenDryPoor
3222262,Elymus caninus,OpenDryPoor
3222263,Elymus caninus,OpenDryPoor
3222587,Elymus caninus,OpenDryPoor
3222691,Elymus caninus,OpenDryPoor
3222697,Elymus caninus,OpenDryPoor
3222700,Elymus caninus,OpenDryPoor
3223115,Elymus caninus,OpenDryPoor
3223571,Elymus caninus,OpenDryPoor
3224558,Elymus caninus,OpenDryPoor
3224559,Elymus caninus,OpenDryPoor
3224565,Elymus caninus,OpenDryPoor
3224989,Elymus caninus,OpenDryPoor
3224990,Elymus caninus,OpenDryPoor
3224991,Elymus caninus,OpenDryPoor
3224992,Elymus caninus,OpenDryPoor
3224993,Elymus caninus,OpenDryPoor
3224998,Elymus caninus,OpenDryPoor
3224999,Elymus caninus,OpenDryPoor
3225000,Elymus caninus,OpenDryPoor
3225001,Elymus caninus,OpenDryPoor
3226858,Elymus caninus,OpenDryPoor
3226862,Elymus caninus,OpenDryPoor
3226864,Elymus caninus,OpenDryPoor
3227289,Elymus caninus,OpenDryPoor
3227290,Elymus caninus,OpenDryPoor
3227291,Elymus caninus,OpenDryPoor
3227292,Elymus caninus,OpenDryPoor
3227293,Elymus caninus,OpenDryPoor
3227294,Elymus caninus,OpenDryPoor
3227295,Elymus caninus,OpenDryPoor
3227296,Elymus caninus,OpenDryPoor
3229162,Elymus caninus,OpenDryPoor
3229163,Elymus caninus,OpenDryPoor
3229171,Elymus caninus,OpenDryPoor
3229172,Elymus caninus,OpenDryPoor
3229589,Elymus caninus,OpenDryPoor
3229592,Elymus caninus,OpenDryPoor
3229593,Elymus caninus,OpenDryPoor
3229594,Elymus caninus,OpenDryPoor
3229595,Elymus caninus,OpenDryPoor
3229596,Elymus caninus,OpenDryPoor
3229597,Elymus caninus,OpenDryPoor
3231890,Elymus caninus,OpenDryPoor
3231891,Elymus caninus,OpenDryPoor
3231892,Elymus caninus,OpenDryPoor
3231893,Elymus caninus,OpenDryPoor
3231894,Elymus caninus,OpenDryPoor
3231895,Elymus caninus,OpenDryPoor
3231896,Elymus caninus,OpenDryPoor
3231897,Elymus caninus,OpenDryPoor
3234193,Elymus caninus,OpenDryPoor
3234194,Elymus caninus,OpenDryPoor
3234195,Elymus caninus,OpenDryPoor
3234196,Elymus caninus,OpenDryPoor
3234197,Elymus caninus,OpenDryPoor
3236494,Elymus caninus,OpenDryPoor
3238363,Elymus caninus,OpenDryPoor
3239233,Elymus caninus,OpenDryPoor
3245259,Elymus caninus,OpenDryPoor
3247558,Elymus caninus,OpenDryPoor
3262630,Elymus caninus,OpenDryPoor
3262631,Elymus caninus,OpenDryPoor
3264930,Elymus caninus,OpenDryPoor
3264931,Elymus caninus,OpenDryPoor
3267228,Elymus caninus,OpenDryPoor
3267229,Elymus caninus,OpenDryPoor
3269149,Elymus caninus,OpenDryPoor
3269152,Elymus caninus,OpenDryPoor
3269528,Elymus caninus,OpenDryPoor
3269529,Elymus caninus,OpenDryPoor
3271386,Elymus caninus,OpenDryPoor
3271387,Elymus caninus,OpenDryPoor
3271827,Elymus caninus,OpenDryPoor
3271828,Elymus caninus,OpenDryPoor
3271829,Elymus caninus,OpenDryPoor
3271830,Elymus caninus,OpenDryPoor
3271831,Elymus caninus,OpenDryPoor
3272817,Elymus caninus,OpenDryPoor
3272818,Elymus caninus,OpenDryPoor
3273687,Elymus caninus,OpenDryPoor
3274127,Elymus caninus,OpenDryPoor
3274128,Elymus caninus,OpenDryPoor
3274129,Elymus caninus,OpenDryPoor
3274130,Elymus caninus,OpenDryPoor
3274131,Elymus caninus,OpenDryPoor
3275116,Elymus caninus,OpenDryPoor
3275118,Elymus caninus,OpenDryPoor
3275985,Elymus caninus,OpenDryPoor
3275986,Elymus caninus,OpenDryPoor
3276429,Elymus caninus,OpenDryPoor
3276430,Elymus caninus,OpenDryPoor
3280495,Elymus caninus,OpenDryPoor
3287395,Elymus caninus,OpenDryPoor
3291992,Elymus caninus,OpenDryPoor
3294293,Elymus caninus,OpenDryPoor
3296759,Elymus caninus,OpenDryPoor
3296760,Elymus caninus,OpenDryPoor
3298174,Elymus caninus,OpenDryPoor
3298175,Elymus caninus,OpenDryPoor
3299059,Elymus caninus,OpenDryPoor
3300945,Elymus caninus,OpenDryPoor
3302774,Elymus caninus,OpenDryPoor
3302775,Elymus caninus,OpenDryPoor
3305840,Elymus caninus,OpenDryPoor
3308139,Elymus caninus,OpenDryPoor
3310441,Elymus caninus,OpenDryPoor
3310442,Elymus caninus,OpenDryPoor
3312742,Elymus caninus,OpenDryPoor
3313140,Elymus caninus,OpenDryPoor
3313141,Elymus caninus,OpenDryPoor
3323383,Elymus caninus,OpenDryPoor
3323384,Elymus caninus,OpenDryPoor
3323385,Elymus caninus,OpenDryPoor
3324148,Elymus caninus,OpenDryPoor
3325683,Elymus caninus,OpenDryPoor
3325685,Elymus caninus,OpenDryPoor
3325686,Elymus caninus,OpenDryPoor
3326449,Elymus caninus,OpenDryPoor
3327983,Elymus caninus,OpenDryPoor
3327984,Elymus caninus,OpenDryPoor
3327986,Elymus caninus,OpenDryPoor
3330282,Elymus caninus,OpenDryPoor
3330283,Elymus caninus,OpenDryPoor
3330284,Elymus caninus,OpenDryPoor
3330285,Elymus caninus,OpenDryPoor
3332583,Elymus caninus,OpenDryPoor
3332584,Elymus caninus,OpenDryPoor
3333354,Elymus caninus,OpenDryPoor
3354083,Elymus caninus,OpenDryPoor
3354084,Elymus caninus,OpenDryPoor
3356383,Elymus caninus,OpenDryPoor
3367920,Elymus caninus,OpenDryPoor
3367921,Elymus caninus,OpenDryPoor
3367922,Elymus caninus,OpenDryPoor
3370219,Elymus caninus,OpenDryPoor
3370220,Elymus caninus,OpenDryPoor
3370221,Elymus caninus,OpenDryPoor
3370222,Elymus caninus,OpenDryPoor
3370223,Elymus caninus,OpenDryPoor
3372519,Elymus caninus,OpenDryPoor
3372520,Elymus caninus,OpenDryPoor
3372521,Elymus caninus,OpenDryPoor
3372522,Elymus caninus,OpenDryPoor
3372523,Elymus caninus,OpenDryPoor
3374819,Elymus caninus,OpenDryPoor
3374820,Elymus caninus,OpenDryPoor
3374822,Elymus caninus,OpenDryPoor
3374844,Elymus caninus,OpenDryPoor
3374845,Elymus caninus,OpenDryPoor
3388749,Elymus caninus,OpenDryPoor
3391049,Elymus caninus,OpenDryPoor
3393276,Elymus caninus,OpenDryPoor
3397878,Elymus caninus,OpenDryPoor
3409370,Elymus caninus,OpenDryPoor
3409371,Elymus caninus,OpenDryPoor
3411671,Elymus caninus,OpenDryPoor
3411673,Elymus caninus,OpenDryPoor
3416162,Elymus caninus,OpenDryPoor
3418220,Elymus caninus,OpenDryPoor
3418221,Elymus caninus,OpenDryPoor
3418462,Elymus caninus,OpenDryPoor
3418463,Elymus caninus,OpenDryPoor
3420518,Elymus caninus,OpenDryPoor
3420520,Elymus caninus,OpenDryPoor
3420521,Elymus caninus,OpenDryPoor
3420764,Elymus caninus,OpenDryPoor
3422818,Elymus caninus,OpenDryPoor
3422819,Elymus caninus,OpenDryPoor
3422820,Elymus caninus,OpenDryPoor
3422821,Elymus caninus,OpenDryPoor
3422822,Elymus caninus,OpenDryPoor
3423128,Elymus caninus,OpenDryPoor
3425118,Elymus caninus,OpenDryPoor
3425119,Elymus caninus,OpenDryPoor
3425120,Elymus caninus,OpenDryPoor
3425426,Elymus caninus,OpenDryPoor
3425427,Elymus caninus,OpenDryPoor
3425428,Elymus caninus,OpenDryPoor
3425429,Elymus caninus,OpenDryPoor
3427419,Elymus caninus,OpenDryPoor
3427420,Elymus caninus,OpenDryPoor
3427729,Elymus caninus,OpenDryPoor
3427730,Elymus caninus,OpenDryPoor
3430027,Elymus caninus,OpenDryPoor
3430028,Elymus caninus,OpenDryPoor
3430029,Elymus caninus,OpenDryPoor
3430030,Elymus caninus,OpenDryPoor
3432327,Elymus caninus,OpenDryPoor
3432328,Elymus caninus,OpenDryPoor
3432329,Elymus caninus,OpenDryPoor
3462235,Elymus caninus,OpenDryPoor
3462236,Elymus caninus,OpenDryPoor
3481277,Elymus caninus,OpenDryPoor
3548064,Elymus caninus,OpenDryPoor
3550364,Elymus caninus,OpenDryPoor
3550365,Elymus caninus,OpenDryPoor
3552663,Elymus caninus,OpenDryPoor
3552664,Elymus caninus,OpenDryPoor
3552665,Elymus caninus,OpenDryPoor
3554963,Elymus caninus,OpenDryPoor
3557262,Elymus caninus,OpenDryPoor
3558337,Elymus caninus,OpenDryPoor
3558338,Elymus caninus,OpenDryPoor
3558339,Elymus caninus,OpenDryPoor
3558340,Elymus caninus,OpenDryPoor
3560637,Elymus caninus,OpenDryPoor
3560638,Elymus caninus,OpenDryPoor
3560639,Elymus caninus,OpenDryPoor
3560640,Elymus caninus,OpenDryPoor
3560641,Elymus caninus,OpenDryPoor
3562938,Elymus caninus,OpenDryPoor
3562939,Elymus caninus,OpenDryPoor
3562940,Elymus caninus,OpenDryPoor
3562941,Elymus caninus,OpenDryPoor
3565237,Elymus caninus,OpenDryPoor
3565239,Elymus caninus,OpenDryPoor
3565240,Elymus caninus,OpenDryPoor
3566455,Elymus caninus,OpenDryPoor
3567538,Elymus caninus,OpenDryPoor
3567539,Elymus caninus,OpenDryPoor
3568756,Elymus caninus,OpenDryPoor
3570925,Elymus caninus,OpenDryPoor
3579174,Elymus caninus,OpenDryPoor
3579175,Elymus caninus,OpenDryPoor
3579176,Elymus caninus,OpenDryPoor
3579177,Elymus caninus,OpenDryPoor
3580255,Elymus caninus,OpenDryPoor
3580256,Elymus caninus,OpenDryPoor
3581474,Elymus caninus,OpenDryPoor
3581475,Elymus caninus,OpenDryPoor
3581476,Elymus caninus,OpenDryPoor
3581477,Elymus caninus,OpenDryPoor
3581478,Elymus caninus,OpenDryPoor
3582561,Elymus caninus,OpenDryPoor
3583775,Elymus caninus,OpenDryPoor
3583776,Elymus caninus,OpenDryPoor
3583777,Elymus caninus,OpenDryPoor
3583778,Elymus caninus,OpenDryPoor
3586075,Elymus caninus,OpenDryPoor
3586076,Elymus caninus,OpenDryPoor
3586077,Elymus caninus,OpenDryPoor
3587169,Elymus caninus,OpenDryPoor
3588376,Elymus caninus,OpenDryPoor
3593423,Elymus caninus,OpenDryPoor
3595263,Elymus caninus,OpenDryPoor
3595264,Elymus caninus,OpenDryPoor
3597563,Elymus caninus,OpenDryPoor
3597564,Elymus caninus,OpenDryPoor
3597565,Elymus caninus,OpenDryPoor
3599862,Elymus caninus,OpenDryPoor
3599863,Elymus caninus,OpenDryPoor
3599864,Elymus caninus,OpenDryPoor
3599865,Elymus caninus,OpenDryPoor
3599866,Elymus caninus,OpenDryPoor
3602162,Elymus caninus,OpenDryPoor
3602163,Elymus caninus,OpenDryPoor
3602164,Elymus caninus,OpenDryPoor
3602165,Elymus caninus,OpenDryPoor
3602166,Elymus caninus,OpenDryPoor
3604462,Elymus caninus,OpenDryPoor
3604463,Elymus caninus,OpenDryPoor
3604464,Elymus caninus,OpenDryPoor
3604465,Elymus caninus,OpenDryPoor
3626156,Elymus caninus,OpenDryPoor
3628458,Elymus caninus,OpenDryPoor
3682769,Elymus caninus,OpenDryPoor
3737840,Elymus caninus,OpenDryPoor
3737841,Elymus caninus,OpenDryPoor
3737843,Elymus caninus,OpenDryPoor
3740139,Elymus caninus,OpenDryPoor
3740140,Elymus caninus,OpenDryPoor
3740141,Elymus caninus,OpenDryPoor
3740142,Elymus caninus,OpenDryPoor
3740143,Elymus caninus,OpenDryPoor
3742439,Elymus caninus,OpenDryPoor
3742441,Elymus caninus,OpenDryPoor
3742442,Elymus caninus,OpenDryPoor
3742443,Elymus caninus,OpenDryPoor
3744740,Elymus caninus,OpenDryPoor
3744741,Elymus caninus,OpenDryPoor
3744742,Elymus caninus,OpenDryPoor
3744743,Elymus caninus,OpenDryPoor
3747041,Elymus caninus,OpenDryPoor
3747042,Elymus caninus,OpenDryPoor
3805053,Elymus caninus,OpenDryPoor
