118093,Juncus capitatus,OpenDryPoor
118094,Juncus capitatus,OpenDryPoor
120394,Juncus capitatus,OpenDryPoor
184751,Juncus capitatus,OpenDryPoor
187049,Juncus capitatus,OpenDryPoor
187050,Juncus capitatus,OpenDryPoor
187051,Juncus capitatus,OpenDryPoor
187052,Juncus capitatus,OpenDryPoor
189347,Juncus capitatus,OpenDryPoor
189349,Juncus capitatus,OpenDryPoor
189350,Juncus capitatus,OpenDryPoor
189351,Juncus capitatus,OpenDryPoor
189352,Juncus capitatus,OpenDryPoor
191649,Juncus capitatus,OpenDryPoor
191650,Juncus capitatus,OpenDryPoor
191651,Juncus capitatus,OpenDryPoor
191652,Juncus capitatus,OpenDryPoor
191653,Juncus capitatus,OpenDryPoor
193952,Juncus capitatus,OpenDryPoor
219233,Juncus capitatus,OpenDryPoor
221533,Juncus capitatus,OpenDryPoor
223833,Juncus capitatus,OpenDryPoor
283594,Juncus capitatus,OpenDryPoor
283596,Juncus capitatus,OpenDryPoor
283597,Juncus capitatus,OpenDryPoor
285895,Juncus capitatus,OpenDryPoor
285896,Juncus capitatus,OpenDryPoor
285897,Juncus capitatus,OpenDryPoor
573437,Juncus capitatus,OpenDryPoor
575735,Juncus capitatus,OpenDryPoor
575736,Juncus capitatus,OpenDryPoor
575737,Juncus capitatus,OpenDryPoor
578036,Juncus capitatus,OpenDryPoor
578038,Juncus capitatus,OpenDryPoor
580335,Juncus capitatus,OpenDryPoor
580336,Juncus capitatus,OpenDryPoor
580337,Juncus capitatus,OpenDryPoor
580338,Juncus capitatus,OpenDryPoor
580339,Juncus capitatus,OpenDryPoor
582635,Juncus capitatus,OpenDryPoor
582636,Juncus capitatus,OpenDryPoor
582637,Juncus capitatus,OpenDryPoor
582638,Juncus capitatus,OpenDryPoor
601069,Juncus capitatus,OpenDryPoor
601070,Juncus capitatus,OpenDryPoor
603369,Juncus capitatus,OpenDryPoor
605670,Juncus capitatus,OpenDryPoor
605671,Juncus capitatus,OpenDryPoor
607970,Juncus capitatus,OpenDryPoor
607971,Juncus capitatus,OpenDryPoor
619675,Juncus capitatus,OpenDryPoor
700115,Juncus capitatus,OpenDryPoor
702414,Juncus capitatus,OpenDryPoor
702415,Juncus capitatus,OpenDryPoor
702417,Juncus capitatus,OpenDryPoor
704717,Juncus capitatus,OpenDryPoor
844441,Juncus capitatus,OpenDryPoor
846741,Juncus capitatus,OpenDryPoor
922556,Juncus capitatus,OpenDryPoor
922558,Juncus capitatus,OpenDryPoor
922559,Juncus capitatus,OpenDryPoor
924855,Juncus capitatus,OpenDryPoor
924856,Juncus capitatus,OpenDryPoor
924857,Juncus capitatus,OpenDryPoor
924858,Juncus capitatus,OpenDryPoor
927156,Juncus capitatus,OpenDryPoor
1005317,Juncus capitatus,OpenDryPoor
1005318,Juncus capitatus,OpenDryPoor
1005319,Juncus capitatus,OpenDryPoor
1249016,Juncus capitatus,OpenDryPoor
1382877,Juncus capitatus,OpenDryPoor
1382878,Juncus capitatus,OpenDryPoor
1389775,Juncus capitatus,OpenDryPoor
1484088,Juncus capitatus,OpenDryPoor
1484089,Juncus capitatus,OpenDryPoor
1484091,Juncus capitatus,OpenDryPoor
1486388,Juncus capitatus,OpenDryPoor
1486389,Juncus capitatus,OpenDryPoor
1486390,Juncus capitatus,OpenDryPoor
1486391,Juncus capitatus,OpenDryPoor
1486392,Juncus capitatus,OpenDryPoor
1675221,Juncus capitatus,OpenDryPoor
1709466,Juncus capitatus,OpenDryPoor
1709467,Juncus capitatus,OpenDryPoor
1711766,Juncus capitatus,OpenDryPoor
1711768,Juncus capitatus,OpenDryPoor
1714066,Juncus capitatus,OpenDryPoor
1752852,Juncus capitatus,OpenDryPoor
1752853,Juncus capitatus,OpenDryPoor
1755151,Juncus capitatus,OpenDryPoor
1755152,Juncus capitatus,OpenDryPoor
1755153,Juncus capitatus,OpenDryPoor
1755154,Juncus capitatus,OpenDryPoor
1757450,Juncus capitatus,OpenDryPoor
1757453,Juncus capitatus,OpenDryPoor
1759751,Juncus capitatus,OpenDryPoor
1759752,Juncus capitatus,OpenDryPoor
1759753,Juncus capitatus,OpenDryPoor
1762052,Juncus capitatus,OpenDryPoor
1762053,Juncus capitatus,OpenDryPoor
1962040,Juncus capitatus,OpenDryPoor
2243769,Juncus capitatus,OpenDryPoor
2252967,Juncus capitatus,OpenDryPoor
2255267,Juncus capitatus,OpenDryPoor
2255268,Juncus capitatus,OpenDryPoor
2263741,Juncus capitatus,OpenDryPoor
2263744,Juncus capitatus,OpenDryPoor
2266042,Juncus capitatus,OpenDryPoor
2268342,Juncus capitatus,OpenDryPoor
2268344,Juncus capitatus,OpenDryPoor
2496847,Juncus capitatus,OpenDryPoor
2496848,Juncus capitatus,OpenDryPoor
2496849,Juncus capitatus,OpenDryPoor
2496850,Juncus capitatus,OpenDryPoor
2499148,Juncus capitatus,OpenDryPoor
2632250,Juncus capitatus,OpenDryPoor
2634550,Juncus capitatus,OpenDryPoor
2634551,Juncus capitatus,OpenDryPoor
2636848,Juncus capitatus,OpenDryPoor
2636849,Juncus capitatus,OpenDryPoor
2636850,Juncus capitatus,OpenDryPoor
2639147,Juncus capitatus,OpenDryPoor
2641449,Juncus capitatus,OpenDryPoor
2762713,Juncus capitatus,OpenDryPoor
2765013,Juncus capitatus,OpenDryPoor
2767312,Juncus capitatus,OpenDryPoor
2767313,Juncus capitatus,OpenDryPoor
2870472,Juncus capitatus,OpenDryPoor
2872770,Juncus capitatus,OpenDryPoor
2872772,Juncus capitatus,OpenDryPoor
2944447,Juncus capitatus,OpenDryPoor
2944448,Juncus capitatus,OpenDryPoor
2944449,Juncus capitatus,OpenDryPoor
2946747,Juncus capitatus,OpenDryPoor
2946748,Juncus capitatus,OpenDryPoor
2951349,Juncus capitatus,OpenDryPoor
2951350,Juncus capitatus,OpenDryPoor
2953648,Juncus capitatus,OpenDryPoor
2953649,Juncus capitatus,OpenDryPoor
3139660,Juncus capitatus,OpenDryPoor
3139661,Juncus capitatus,OpenDryPoor
3141960,Juncus capitatus,OpenDryPoor
3141961,Juncus capitatus,OpenDryPoor
