759726,Polypodium interjectum,OpenDryPoor
762024,Polypodium interjectum,OpenDryPoor
762025,Polypodium interjectum,OpenDryPoor
764324,Polypodium interjectum,OpenDryPoor
764326,Polypodium interjectum,OpenDryPoor
764327,Polypodium interjectum,OpenDryPoor
764328,Polypodium interjectum,OpenDryPoor
766626,Polypodium interjectum,OpenDryPoor
766627,Polypodium interjectum,OpenDryPoor
768927,Polypodium interjectum,OpenDryPoor
1863840,Polypodium interjectum,OpenDryPoor
1863841,Polypodium interjectum,OpenDryPoor
1866139,Polypodium interjectum,OpenDryPoor
1866141,Polypodium interjectum,OpenDryPoor
1866142,Polypodium interjectum,OpenDryPoor
1868439,Polypodium interjectum,OpenDryPoor
1868440,Polypodium interjectum,OpenDryPoor
1868442,Polypodium interjectum,OpenDryPoor
1868443,Polypodium interjectum,OpenDryPoor
1870739,Polypodium interjectum,OpenDryPoor
1870740,Polypodium interjectum,OpenDryPoor
1870741,Polypodium interjectum,OpenDryPoor
1870742,Polypodium interjectum,OpenDryPoor
1870743,Polypodium interjectum,OpenDryPoor
1873039,Polypodium interjectum,OpenDryPoor
1873040,Polypodium interjectum,OpenDryPoor
1873041,Polypodium interjectum,OpenDryPoor
1873042,Polypodium interjectum,OpenDryPoor
2384072,Polypodium interjectum,OpenDryPoor
2386369,Polypodium interjectum,OpenDryPoor
2386370,Polypodium interjectum,OpenDryPoor
3448528,Polypodium interjectum,OpenDryPoor
3448529,Polypodium interjectum,OpenDryPoor
3450829,Polypodium interjectum,OpenDryPoor
3450830,Polypodium interjectum,OpenDryPoor
3584319,Polypodium interjectum,OpenDryPoor
3691855,Polypodium interjectum,OpenDryPoor
3691856,Polypodium interjectum,OpenDryPoor
3694154,Polypodium interjectum,OpenDryPoor
3694157,Polypodium interjectum,OpenDryPoor
3696454,Polypodium interjectum,OpenDryPoor
3696457,Polypodium interjectum,OpenDryPoor
3696458,Polypodium interjectum,OpenDryPoor
3698754,Polypodium interjectum,OpenDryPoor
3698757,Polypodium interjectum,OpenDryPoor
3698758,Polypodium interjectum,OpenDryPoor
3701054,Polypodium interjectum,OpenDryPoor
3701055,Polypodium interjectum,OpenDryPoor
3701057,Polypodium interjectum,OpenDryPoor
3715385,Polypodium interjectum,OpenDryPoor
