615083,Anthriscus caucalis,OpenDryRich
617381,Anthriscus caucalis,OpenDryRich
619679,Anthriscus caucalis,OpenDryRich
619682,Anthriscus caucalis,OpenDryRich
647215,Anthriscus caucalis,OpenDryRich
649515,Anthriscus caucalis,OpenDryRich
649516,Anthriscus caucalis,OpenDryRich
651814,Anthriscus caucalis,OpenDryRich
654114,Anthriscus caucalis,OpenDryRich
679445,Anthriscus caucalis,OpenDryRich
679446,Anthriscus caucalis,OpenDryRich
681744,Anthriscus caucalis,OpenDryRich
681745,Anthriscus caucalis,OpenDryRich
681746,Anthriscus caucalis,OpenDryRich
684045,Anthriscus caucalis,OpenDryRich
684046,Anthriscus caucalis,OpenDryRich
684047,Anthriscus caucalis,OpenDryRich
686345,Anthriscus caucalis,OpenDryRich
686346,Anthriscus caucalis,OpenDryRich
686347,Anthriscus caucalis,OpenDryRich
688644,Anthriscus caucalis,OpenDryRich
688646,Anthriscus caucalis,OpenDryRich
688647,Anthriscus caucalis,OpenDryRich
867774,Anthriscus caucalis,OpenDryRich
870073,Anthriscus caucalis,OpenDryRich
870074,Anthriscus caucalis,OpenDryRich
870075,Anthriscus caucalis,OpenDryRich
870076,Anthriscus caucalis,OpenDryRich
872373,Anthriscus caucalis,OpenDryRich
872375,Anthriscus caucalis,OpenDryRich
872376,Anthriscus caucalis,OpenDryRich
872377,Anthriscus caucalis,OpenDryRich
874673,Anthriscus caucalis,OpenDryRich
874674,Anthriscus caucalis,OpenDryRich
874675,Anthriscus caucalis,OpenDryRich
874677,Anthriscus caucalis,OpenDryRich
876974,Anthriscus caucalis,OpenDryRich
876975,Anthriscus caucalis,OpenDryRich
1415031,Anthriscus caucalis,OpenDryRich
1518720,Anthriscus caucalis,OpenDryRich
1518721,Anthriscus caucalis,OpenDryRich
1521020,Anthriscus caucalis,OpenDryRich
1521021,Anthriscus caucalis,OpenDryRich
1521022,Anthriscus caucalis,OpenDryRich
1523320,Anthriscus caucalis,OpenDryRich
1523321,Anthriscus caucalis,OpenDryRich
1523322,Anthriscus caucalis,OpenDryRich
1523323,Anthriscus caucalis,OpenDryRich
1525620,Anthriscus caucalis,OpenDryRich
1525622,Anthriscus caucalis,OpenDryRich
1525623,Anthriscus caucalis,OpenDryRich
1527921,Anthriscus caucalis,OpenDryRich
1527922,Anthriscus caucalis,OpenDryRich
1737133,Anthriscus caucalis,OpenDryRich
1737134,Anthriscus caucalis,OpenDryRich
1737135,Anthriscus caucalis,OpenDryRich
1739433,Anthriscus caucalis,OpenDryRich
1739434,Anthriscus caucalis,OpenDryRich
1739435,Anthriscus caucalis,OpenDryRich
1741732,Anthriscus caucalis,OpenDryRich
1741733,Anthriscus caucalis,OpenDryRich
1741734,Anthriscus caucalis,OpenDryRich
1741735,Anthriscus caucalis,OpenDryRich
1741736,Anthriscus caucalis,OpenDryRich
1744032,Anthriscus caucalis,OpenDryRich
1744034,Anthriscus caucalis,OpenDryRich
1744036,Anthriscus caucalis,OpenDryRich
1746332,Anthriscus caucalis,OpenDryRich
1746334,Anthriscus caucalis,OpenDryRich
1746335,Anthriscus caucalis,OpenDryRich
2020259,Anthriscus caucalis,OpenDryRich
2022559,Anthriscus caucalis,OpenDryRich
2022560,Anthriscus caucalis,OpenDryRich
2022561,Anthriscus caucalis,OpenDryRich
2022562,Anthriscus caucalis,OpenDryRich
2084439,Anthriscus caucalis,OpenDryRich
2084440,Anthriscus caucalis,OpenDryRich
2084441,Anthriscus caucalis,OpenDryRich
2084442,Anthriscus caucalis,OpenDryRich
2086739,Anthriscus caucalis,OpenDryRich
2086740,Anthriscus caucalis,OpenDryRich
2086741,Anthriscus caucalis,OpenDryRich
2089039,Anthriscus caucalis,OpenDryRich
2091340,Anthriscus caucalis,OpenDryRich
2091341,Anthriscus caucalis,OpenDryRich
2116811,Anthriscus caucalis,OpenDryRich
2119109,Anthriscus caucalis,OpenDryRich
2119110,Anthriscus caucalis,OpenDryRich
2119111,Anthriscus caucalis,OpenDryRich
2119112,Anthriscus caucalis,OpenDryRich
2121411,Anthriscus caucalis,OpenDryRich
2121412,Anthriscus caucalis,OpenDryRich
2121413,Anthriscus caucalis,OpenDryRich
2123711,Anthriscus caucalis,OpenDryRich
2123712,Anthriscus caucalis,OpenDryRich
2126009,Anthriscus caucalis,OpenDryRich
2126012,Anthriscus caucalis,OpenDryRich
2369442,Anthriscus caucalis,OpenDryRich
2369443,Anthriscus caucalis,OpenDryRich
2369444,Anthriscus caucalis,OpenDryRich
2369445,Anthriscus caucalis,OpenDryRich
2371742,Anthriscus caucalis,OpenDryRich
2371743,Anthriscus caucalis,OpenDryRich
2374043,Anthriscus caucalis,OpenDryRich
2378643,Anthriscus caucalis,OpenDryRich
2406644,Anthriscus caucalis,OpenDryRich
2408945,Anthriscus caucalis,OpenDryRich
2408946,Anthriscus caucalis,OpenDryRich
2411247,Anthriscus caucalis,OpenDryRich
2508080,Anthriscus caucalis,OpenDryRich
2551912,Anthriscus caucalis,OpenDryRich
2556350,Anthriscus caucalis,OpenDryRich
2558650,Anthriscus caucalis,OpenDryRich
2558651,Anthriscus caucalis,OpenDryRich
2560950,Anthriscus caucalis,OpenDryRich
2561142,Anthriscus caucalis,OpenDryRich
2563251,Anthriscus caucalis,OpenDryRich
2563252,Anthriscus caucalis,OpenDryRich
2563442,Anthriscus caucalis,OpenDryRich
2563443,Anthriscus caucalis,OpenDryRich
2565551,Anthriscus caucalis,OpenDryRich
2565552,Anthriscus caucalis,OpenDryRich
2565742,Anthriscus caucalis,OpenDryRich
2565743,Anthriscus caucalis,OpenDryRich
2565744,Anthriscus caucalis,OpenDryRich
2567851,Anthriscus caucalis,OpenDryRich
2568042,Anthriscus caucalis,OpenDryRich
2568043,Anthriscus caucalis,OpenDryRich
2568044,Anthriscus caucalis,OpenDryRich
2568045,Anthriscus caucalis,OpenDryRich
2570152,Anthriscus caucalis,OpenDryRich
2581655,Anthriscus caucalis,OpenDryRich
2583955,Anthriscus caucalis,OpenDryRich
2586255,Anthriscus caucalis,OpenDryRich
2588555,Anthriscus caucalis,OpenDryRich
2588735,Anthriscus caucalis,OpenDryRich
2588736,Anthriscus caucalis,OpenDryRich
2590544,Anthriscus caucalis,OpenDryRich
2591034,Anthriscus caucalis,OpenDryRich
2591035,Anthriscus caucalis,OpenDryRich
2591036,Anthriscus caucalis,OpenDryRich
2591037,Anthriscus caucalis,OpenDryRich
2592844,Anthriscus caucalis,OpenDryRich
2593334,Anthriscus caucalis,OpenDryRich
2593337,Anthriscus caucalis,OpenDryRich
2595144,Anthriscus caucalis,OpenDryRich
2595145,Anthriscus caucalis,OpenDryRich
2595634,Anthriscus caucalis,OpenDryRich
2595638,Anthriscus caucalis,OpenDryRich
2597444,Anthriscus caucalis,OpenDryRich
2597445,Anthriscus caucalis,OpenDryRich
2599745,Anthriscus caucalis,OpenDryRich
2616400,Anthriscus caucalis,OpenDryRich
2616401,Anthriscus caucalis,OpenDryRich
2648612,Anthriscus caucalis,OpenDryRich
2650910,Anthriscus caucalis,OpenDryRich
2650911,Anthriscus caucalis,OpenDryRich
2650912,Anthriscus caucalis,OpenDryRich
2653210,Anthriscus caucalis,OpenDryRich
2653212,Anthriscus caucalis,OpenDryRich
2655510,Anthriscus caucalis,OpenDryRich
2655511,Anthriscus caucalis,OpenDryRich
2662134,Anthriscus caucalis,OpenDryRich
2662135,Anthriscus caucalis,OpenDryRich
2662136,Anthriscus caucalis,OpenDryRich
2664435,Anthriscus caucalis,OpenDryRich
2664436,Anthriscus caucalis,OpenDryRich
2664437,Anthriscus caucalis,OpenDryRich
2666733,Anthriscus caucalis,OpenDryRich
2666736,Anthriscus caucalis,OpenDryRich
2666737,Anthriscus caucalis,OpenDryRich
2669036,Anthriscus caucalis,OpenDryRich
2669518,Anthriscus caucalis,OpenDryRich
2669519,Anthriscus caucalis,OpenDryRich
2671335,Anthriscus caucalis,OpenDryRich
2671818,Anthriscus caucalis,OpenDryRich
2671819,Anthriscus caucalis,OpenDryRich
2674115,Anthriscus caucalis,OpenDryRich
2674117,Anthriscus caucalis,OpenDryRich
2674118,Anthriscus caucalis,OpenDryRich
2674119,Anthriscus caucalis,OpenDryRich
2676412,Anthriscus caucalis,OpenDryRich
2676414,Anthriscus caucalis,OpenDryRich
2676415,Anthriscus caucalis,OpenDryRich
2676416,Anthriscus caucalis,OpenDryRich
2676417,Anthriscus caucalis,OpenDryRich
2676418,Anthriscus caucalis,OpenDryRich
2676419,Anthriscus caucalis,OpenDryRich
2678712,Anthriscus caucalis,OpenDryRich
2678713,Anthriscus caucalis,OpenDryRich
2678714,Anthriscus caucalis,OpenDryRich
2678715,Anthriscus caucalis,OpenDryRich
2678716,Anthriscus caucalis,OpenDryRich
2678717,Anthriscus caucalis,OpenDryRich
2681021,Anthriscus caucalis,OpenDryRich
2683321,Anthriscus caucalis,OpenDryRich
2685621,Anthriscus caucalis,OpenDryRich
2685622,Anthriscus caucalis,OpenDryRich
2687922,Anthriscus caucalis,OpenDryRich
2690222,Anthriscus caucalis,OpenDryRich
2692521,Anthriscus caucalis,OpenDryRich
2694821,Anthriscus caucalis,OpenDryRich
2697121,Anthriscus caucalis,OpenDryRich
2697122,Anthriscus caucalis,OpenDryRich
2699422,Anthriscus caucalis,OpenDryRich
2721848,Anthriscus caucalis,OpenDryRich
2736224,Anthriscus caucalis,OpenDryRich
2738523,Anthriscus caucalis,OpenDryRich
2738524,Anthriscus caucalis,OpenDryRich
2740823,Anthriscus caucalis,OpenDryRich
2740824,Anthriscus caucalis,OpenDryRich
2740825,Anthriscus caucalis,OpenDryRich
2740826,Anthriscus caucalis,OpenDryRich
2743123,Anthriscus caucalis,OpenDryRich
2743124,Anthriscus caucalis,OpenDryRich
2743125,Anthriscus caucalis,OpenDryRich
2743127,Anthriscus caucalis,OpenDryRich
2745419,Anthriscus caucalis,OpenDryRich
2745420,Anthriscus caucalis,OpenDryRich
2745424,Anthriscus caucalis,OpenDryRich
2747719,Anthriscus caucalis,OpenDryRich
2747720,Anthriscus caucalis,OpenDryRich
2747721,Anthriscus caucalis,OpenDryRich
2811446,Anthriscus caucalis,OpenDryRich
2813745,Anthriscus caucalis,OpenDryRich
2813746,Anthriscus caucalis,OpenDryRich
2813747,Anthriscus caucalis,OpenDryRich
2814368,Anthriscus caucalis,OpenDryRich
2816045,Anthriscus caucalis,OpenDryRich
2816046,Anthriscus caucalis,OpenDryRich
2816047,Anthriscus caucalis,OpenDryRich
2837258,Anthriscus caucalis,OpenDryRich
2861882,Anthriscus caucalis,OpenDryRich
2866482,Anthriscus caucalis,OpenDryRich
2871083,Anthriscus caucalis,OpenDryRich
2880300,Anthriscus caucalis,OpenDryRich
2880301,Anthriscus caucalis,OpenDryRich
2880302,Anthriscus caucalis,OpenDryRich
2880303,Anthriscus caucalis,OpenDryRich
2882600,Anthriscus caucalis,OpenDryRich
2882601,Anthriscus caucalis,OpenDryRich
2884899,Anthriscus caucalis,OpenDryRich
2884901,Anthriscus caucalis,OpenDryRich
2884902,Anthriscus caucalis,OpenDryRich
2899001,Anthriscus caucalis,OpenDryRich
2899006,Anthriscus caucalis,OpenDryRich
2901072,Anthriscus caucalis,OpenDryRich
2901299,Anthriscus caucalis,OpenDryRich
2901301,Anthriscus caucalis,OpenDryRich
2901306,Anthriscus caucalis,OpenDryRich
2901307,Anthriscus caucalis,OpenDryRich
2903371,Anthriscus caucalis,OpenDryRich
2903372,Anthriscus caucalis,OpenDryRich
2903608,Anthriscus caucalis,OpenDryRich
2905673,Anthriscus caucalis,OpenDryRich
2907972,Anthriscus caucalis,OpenDryRich
2910500,Anthriscus caucalis,OpenDryRich
2915099,Anthriscus caucalis,OpenDryRich
2915100,Anthriscus caucalis,OpenDryRich
2917399,Anthriscus caucalis,OpenDryRich
2917400,Anthriscus caucalis,OpenDryRich
2919699,Anthriscus caucalis,OpenDryRich
2921540,Anthriscus caucalis,OpenDryRich
2922026,Anthriscus caucalis,OpenDryRich
2923839,Anthriscus caucalis,OpenDryRich
2923840,Anthriscus caucalis,OpenDryRich
2923841,Anthriscus caucalis,OpenDryRich
2924124,Anthriscus caucalis,OpenDryRich
2924125,Anthriscus caucalis,OpenDryRich
2924324,Anthriscus caucalis,OpenDryRich
2924327,Anthriscus caucalis,OpenDryRich
2926424,Anthriscus caucalis,OpenDryRich
2926425,Anthriscus caucalis,OpenDryRich
2926624,Anthriscus caucalis,OpenDryRich
2926625,Anthriscus caucalis,OpenDryRich
2926626,Anthriscus caucalis,OpenDryRich
2926628,Anthriscus caucalis,OpenDryRich
2928924,Anthriscus caucalis,OpenDryRich
2928925,Anthriscus caucalis,OpenDryRich
2928927,Anthriscus caucalis,OpenDryRich
2928928,Anthriscus caucalis,OpenDryRich
2931225,Anthriscus caucalis,OpenDryRich
2931226,Anthriscus caucalis,OpenDryRich
2931227,Anthriscus caucalis,OpenDryRich
2933521,Anthriscus caucalis,OpenDryRich
2935821,Anthriscus caucalis,OpenDryRich
2935822,Anthriscus caucalis,OpenDryRich
2938122,Anthriscus caucalis,OpenDryRich
2938123,Anthriscus caucalis,OpenDryRich
2940421,Anthriscus caucalis,OpenDryRich
2940422,Anthriscus caucalis,OpenDryRich
2940423,Anthriscus caucalis,OpenDryRich
2942722,Anthriscus caucalis,OpenDryRich
2998250,Anthriscus caucalis,OpenDryRich
3000550,Anthriscus caucalis,OpenDryRich
3000551,Anthriscus caucalis,OpenDryRich
3002850,Anthriscus caucalis,OpenDryRich
3002851,Anthriscus caucalis,OpenDryRich
3005151,Anthriscus caucalis,OpenDryRich
3005153,Anthriscus caucalis,OpenDryRich
3101701,Anthriscus caucalis,OpenDryRich
3104001,Anthriscus caucalis,OpenDryRich
3104002,Anthriscus caucalis,OpenDryRich
3104003,Anthriscus caucalis,OpenDryRich
3104004,Anthriscus caucalis,OpenDryRich
3106301,Anthriscus caucalis,OpenDryRich
3106302,Anthriscus caucalis,OpenDryRich
3106303,Anthriscus caucalis,OpenDryRich
3106305,Anthriscus caucalis,OpenDryRich
3108602,Anthriscus caucalis,OpenDryRich
3108603,Anthriscus caucalis,OpenDryRich
3108604,Anthriscus caucalis,OpenDryRich
3112627,Anthriscus caucalis,OpenDryRich
3114927,Anthriscus caucalis,OpenDryRich
3114931,Anthriscus caucalis,OpenDryRich
3117228,Anthriscus caucalis,OpenDryRich
3117229,Anthriscus caucalis,OpenDryRich
3117230,Anthriscus caucalis,OpenDryRich
3117231,Anthriscus caucalis,OpenDryRich
3119529,Anthriscus caucalis,OpenDryRich
3119834,Anthriscus caucalis,OpenDryRich
3119835,Anthriscus caucalis,OpenDryRich
3119836,Anthriscus caucalis,OpenDryRich
3122134,Anthriscus caucalis,OpenDryRich
3122135,Anthriscus caucalis,OpenDryRich
3122136,Anthriscus caucalis,OpenDryRich
3122137,Anthriscus caucalis,OpenDryRich
3124434,Anthriscus caucalis,OpenDryRich
3124435,Anthriscus caucalis,OpenDryRich
3124436,Anthriscus caucalis,OpenDryRich
3124437,Anthriscus caucalis,OpenDryRich
3124438,Anthriscus caucalis,OpenDryRich
3126734,Anthriscus caucalis,OpenDryRich
3126735,Anthriscus caucalis,OpenDryRich
3126736,Anthriscus caucalis,OpenDryRich
3126737,Anthriscus caucalis,OpenDryRich
3142834,Anthriscus caucalis,OpenDryRich
3145133,Anthriscus caucalis,OpenDryRich
3147431,Anthriscus caucalis,OpenDryRich
3147433,Anthriscus caucalis,OpenDryRich
3147434,Anthriscus caucalis,OpenDryRich
3149730,Anthriscus caucalis,OpenDryRich
3149732,Anthriscus caucalis,OpenDryRich
3149733,Anthriscus caucalis,OpenDryRich
3149734,Anthriscus caucalis,OpenDryRich
3166047,Anthriscus caucalis,OpenDryRich
3166048,Anthriscus caucalis,OpenDryRich
3166049,Anthriscus caucalis,OpenDryRich
3168347,Anthriscus caucalis,OpenDryRich
3168348,Anthriscus caucalis,OpenDryRich
3168349,Anthriscus caucalis,OpenDryRich
3168350,Anthriscus caucalis,OpenDryRich
3170646,Anthriscus caucalis,OpenDryRich
3170647,Anthriscus caucalis,OpenDryRich
3170648,Anthriscus caucalis,OpenDryRich
3170649,Anthriscus caucalis,OpenDryRich
3170650,Anthriscus caucalis,OpenDryRich
3172949,Anthriscus caucalis,OpenDryRich
3175247,Anthriscus caucalis,OpenDryRich
3175248,Anthriscus caucalis,OpenDryRich
3175249,Anthriscus caucalis,OpenDryRich
3216299,Anthriscus caucalis,OpenDryRich
3216300,Anthriscus caucalis,OpenDryRich
3216302,Anthriscus caucalis,OpenDryRich
3218599,Anthriscus caucalis,OpenDryRich
3218601,Anthriscus caucalis,OpenDryRich
3220901,Anthriscus caucalis,OpenDryRich
3223199,Anthriscus caucalis,OpenDryRich
3223200,Anthriscus caucalis,OpenDryRich
3223201,Anthriscus caucalis,OpenDryRich
3225499,Anthriscus caucalis,OpenDryRich
3225500,Anthriscus caucalis,OpenDryRich
3225501,Anthriscus caucalis,OpenDryRich
3227799,Anthriscus caucalis,OpenDryRich
3227800,Anthriscus caucalis,OpenDryRich
3301235,Anthriscus caucalis,OpenDryRich
3301236,Anthriscus caucalis,OpenDryRich
3303534,Anthriscus caucalis,OpenDryRich
3303535,Anthriscus caucalis,OpenDryRich
3303536,Anthriscus caucalis,OpenDryRich
3303537,Anthriscus caucalis,OpenDryRich
3305836,Anthriscus caucalis,OpenDryRich
3305837,Anthriscus caucalis,OpenDryRich
3305838,Anthriscus caucalis,OpenDryRich
3308134,Anthriscus caucalis,OpenDryRich
3308135,Anthriscus caucalis,OpenDryRich
3308136,Anthriscus caucalis,OpenDryRich
3308137,Anthriscus caucalis,OpenDryRich
3308138,Anthriscus caucalis,OpenDryRich
3310434,Anthriscus caucalis,OpenDryRich
3310435,Anthriscus caucalis,OpenDryRich
3310437,Anthriscus caucalis,OpenDryRich
3335710,Anthriscus caucalis,OpenDryRich
3335711,Anthriscus caucalis,OpenDryRich
3338007,Anthriscus caucalis,OpenDryRich
3338008,Anthriscus caucalis,OpenDryRich
3338009,Anthriscus caucalis,OpenDryRich
3338011,Anthriscus caucalis,OpenDryRich
3340309,Anthriscus caucalis,OpenDryRich
3340310,Anthriscus caucalis,OpenDryRich
3340311,Anthriscus caucalis,OpenDryRich
3342608,Anthriscus caucalis,OpenDryRich
3342610,Anthriscus caucalis,OpenDryRich
3342611,Anthriscus caucalis,OpenDryRich
3344909,Anthriscus caucalis,OpenDryRich
3390849,Anthriscus caucalis,OpenDryRich
3393150,Anthriscus caucalis,OpenDryRich
3393151,Anthriscus caucalis,OpenDryRich
3395450,Anthriscus caucalis,OpenDryRich
3397751,Anthriscus caucalis,OpenDryRich
3407525,Anthriscus caucalis,OpenDryRich
3409825,Anthriscus caucalis,OpenDryRich
3409826,Anthriscus caucalis,OpenDryRich
3409827,Anthriscus caucalis,OpenDryRich
3412126,Anthriscus caucalis,OpenDryRich
3412127,Anthriscus caucalis,OpenDryRich
3451216,Anthriscus caucalis,OpenDryRich
3453514,Anthriscus caucalis,OpenDryRich
3453515,Anthriscus caucalis,OpenDryRich
3455815,Anthriscus caucalis,OpenDryRich
3455817,Anthriscus caucalis,OpenDryRich
3458116,Anthriscus caucalis,OpenDryRich
3460416,Anthriscus caucalis,OpenDryRich
3460417,Anthriscus caucalis,OpenDryRich
3471891,Anthriscus caucalis,OpenDryRich
3471892,Anthriscus caucalis,OpenDryRich
3472076,Anthriscus caucalis,OpenDryRich
3472077,Anthriscus caucalis,OpenDryRich
3474194,Anthriscus caucalis,OpenDryRich
3474195,Anthriscus caucalis,OpenDryRich
3474235,Anthriscus caucalis,OpenDryRich
3474236,Anthriscus caucalis,OpenDryRich
3474376,Anthriscus caucalis,OpenDryRich
3474377,Anthriscus caucalis,OpenDryRich
3474378,Anthriscus caucalis,OpenDryRich
3476494,Anthriscus caucalis,OpenDryRich
3476495,Anthriscus caucalis,OpenDryRich
3476534,Anthriscus caucalis,OpenDryRich
3476535,Anthriscus caucalis,OpenDryRich
3476536,Anthriscus caucalis,OpenDryRich
3476537,Anthriscus caucalis,OpenDryRich
3476674,Anthriscus caucalis,OpenDryRich
3476675,Anthriscus caucalis,OpenDryRich
3476676,Anthriscus caucalis,OpenDryRich
3476677,Anthriscus caucalis,OpenDryRich
3476678,Anthriscus caucalis,OpenDryRich
3478802,Anthriscus caucalis,OpenDryRich
3478803,Anthriscus caucalis,OpenDryRich
3478835,Anthriscus caucalis,OpenDryRich
3478836,Anthriscus caucalis,OpenDryRich
3478837,Anthriscus caucalis,OpenDryRich
3478838,Anthriscus caucalis,OpenDryRich
3478976,Anthriscus caucalis,OpenDryRich
3478977,Anthriscus caucalis,OpenDryRich
3481101,Anthriscus caucalis,OpenDryRich
3481102,Anthriscus caucalis,OpenDryRich
3481138,Anthriscus caucalis,OpenDryRich
3510518,Anthriscus caucalis,OpenDryRich
3510519,Anthriscus caucalis,OpenDryRich
3512819,Anthriscus caucalis,OpenDryRich
3512820,Anthriscus caucalis,OpenDryRich
3535806,Anthriscus caucalis,OpenDryRich
3535807,Anthriscus caucalis,OpenDryRich
3538106,Anthriscus caucalis,OpenDryRich
3538107,Anthriscus caucalis,OpenDryRich
3538108,Anthriscus caucalis,OpenDryRich
3540406,Anthriscus caucalis,OpenDryRich
3540407,Anthriscus caucalis,OpenDryRich
3540408,Anthriscus caucalis,OpenDryRich
3540409,Anthriscus caucalis,OpenDryRich
3540458,Anthriscus caucalis,OpenDryRich
3542708,Anthriscus caucalis,OpenDryRich
3545034,Anthriscus caucalis,OpenDryRich
3547334,Anthriscus caucalis,OpenDryRich
3549634,Anthriscus caucalis,OpenDryRich
3551934,Anthriscus caucalis,OpenDryRich
3551935,Anthriscus caucalis,OpenDryRich
3554235,Anthriscus caucalis,OpenDryRich
3554236,Anthriscus caucalis,OpenDryRich
3556317,Anthriscus caucalis,OpenDryRich
3556318,Anthriscus caucalis,OpenDryRich
3556534,Anthriscus caucalis,OpenDryRich
3556535,Anthriscus caucalis,OpenDryRich
3556536,Anthriscus caucalis,OpenDryRich
3558618,Anthriscus caucalis,OpenDryRich
3558619,Anthriscus caucalis,OpenDryRich
3558834,Anthriscus caucalis,OpenDryRich
3558836,Anthriscus caucalis,OpenDryRich
3558837,Anthriscus caucalis,OpenDryRich
3558838,Anthriscus caucalis,OpenDryRich
3560918,Anthriscus caucalis,OpenDryRich
3560919,Anthriscus caucalis,OpenDryRich
3561135,Anthriscus caucalis,OpenDryRich
3561137,Anthriscus caucalis,OpenDryRich
3561138,Anthriscus caucalis,OpenDryRich
3561663,Anthriscus caucalis,OpenDryRich
3563217,Anthriscus caucalis,OpenDryRich
3563218,Anthriscus caucalis,OpenDryRich
3563219,Anthriscus caucalis,OpenDryRich
3563435,Anthriscus caucalis,OpenDryRich
3563956,Anthriscus caucalis,OpenDryRich
3565518,Anthriscus caucalis,OpenDryRich
3565519,Anthriscus caucalis,OpenDryRich
3600639,Anthriscus caucalis,OpenDryRich
3634831,Anthriscus caucalis,OpenDryRich
3634832,Anthriscus caucalis,OpenDryRich
3637132,Anthriscus caucalis,OpenDryRich
3639431,Anthriscus caucalis,OpenDryRich
3639432,Anthriscus caucalis,OpenDryRich
3641732,Anthriscus caucalis,OpenDryRich
3644031,Anthriscus caucalis,OpenDryRich
3800453,Anthriscus caucalis,OpenDryRich
3802753,Anthriscus caucalis,OpenDryRich
3805053,Anthriscus caucalis,OpenDryRich
3805054,Anthriscus caucalis,OpenDryRich
3908587,Anthriscus caucalis,OpenDryRich
3908588,Anthriscus caucalis,OpenDryRich
3908589,Anthriscus caucalis,OpenDryRich
3910880,Anthriscus caucalis,OpenDryRich
3910886,Anthriscus caucalis,OpenDryRich
3910887,Anthriscus caucalis,OpenDryRich
3910888,Anthriscus caucalis,OpenDryRich
3910889,Anthriscus caucalis,OpenDryRich
3913179,Anthriscus caucalis,OpenDryRich
3913180,Anthriscus caucalis,OpenDryRich
3913182,Anthriscus caucalis,OpenDryRich
3913188,Anthriscus caucalis,OpenDryRich
3915479,Anthriscus caucalis,OpenDryRich
3915480,Anthriscus caucalis,OpenDryRich
3915482,Anthriscus caucalis,OpenDryRich
3917780,Anthriscus caucalis,OpenDryRich
3917781,Anthriscus caucalis,OpenDryRich
3917782,Anthriscus caucalis,OpenDryRich
3920079,Anthriscus caucalis,OpenDryRich
3920080,Anthriscus caucalis,OpenDryRich
3968580,Anthriscus caucalis,OpenDryRich
3968581,Anthriscus caucalis,OpenDryRich
3968605,Anthriscus caucalis,OpenDryRich
3968606,Anthriscus caucalis,OpenDryRich
3970879,Anthriscus caucalis,OpenDryRich
3970880,Anthriscus caucalis,OpenDryRich
3970881,Anthriscus caucalis,OpenDryRich
3970882,Anthriscus caucalis,OpenDryRich
3970905,Anthriscus caucalis,OpenDryRich
3970906,Anthriscus caucalis,OpenDryRich
3973181,Anthriscus caucalis,OpenDryRich
3973182,Anthriscus caucalis,OpenDryRich
3973204,Anthriscus caucalis,OpenDryRich
3973205,Anthriscus caucalis,OpenDryRich
3973206,Anthriscus caucalis,OpenDryRich
3973207,Anthriscus caucalis,OpenDryRich
3973208,Anthriscus caucalis,OpenDryRich
3975480,Anthriscus caucalis,OpenDryRich
3975483,Anthriscus caucalis,OpenDryRich
3975504,Anthriscus caucalis,OpenDryRich
3975505,Anthriscus caucalis,OpenDryRich
3975507,Anthriscus caucalis,OpenDryRich
3977782,Anthriscus caucalis,OpenDryRich
3977804,Anthriscus caucalis,OpenDryRich
3977805,Anthriscus caucalis,OpenDryRich
3977806,Anthriscus caucalis,OpenDryRich
3977807,Anthriscus caucalis,OpenDryRich
