881578,Festuca altissima,ForestWetPoor
883881,Festuca altissima,ForestWetPoor
886178,Festuca altissima,ForestWetPoor
886179,Festuca altissima,ForestWetPoor
888478,Festuca altissima,ForestWetPoor
1205916,Festuca altissima,ForestWetPoor
1208215,Festuca altissima,ForestWetPoor
1208216,Festuca altissima,ForestWetPoor
1293185,Festuca altissima,ForestWetPoor
1293186,Festuca altissima,ForestWetPoor
1697987,Festuca altissima,ForestWetPoor
1700286,Festuca altissima,ForestWetPoor
1700287,Festuca altissima,ForestWetPoor
1700288,Festuca altissima,ForestWetPoor
1700290,Festuca altissima,ForestWetPoor
1702585,Festuca altissima,ForestWetPoor
1702586,Festuca altissima,ForestWetPoor
1702587,Festuca altissima,ForestWetPoor
1709492,Festuca altissima,ForestWetPoor
1789842,Festuca altissima,ForestWetPoor
1790220,Festuca altissima,ForestWetPoor
1808625,Festuca altissima,ForestWetPoor
1843021,Festuca altissima,ForestWetPoor
1868231,Festuca altissima,ForestWetPoor
1868233,Festuca altissima,ForestWetPoor
1870533,Festuca altissima,ForestWetPoor
1870534,Festuca altissima,ForestWetPoor
1872833,Festuca altissima,ForestWetPoor
1875128,Festuca altissima,ForestWetPoor
1875129,Festuca altissima,ForestWetPoor
1875130,Festuca altissima,ForestWetPoor
1877429,Festuca altissima,ForestWetPoor
1877430,Festuca altissima,ForestWetPoor
1877431,Festuca altissima,ForestWetPoor
1877432,Festuca altissima,ForestWetPoor
1909612,Festuca altissima,ForestWetPoor
2017927,Festuca altissima,ForestWetPoor
2020225,Festuca altissima,ForestWetPoor
2022514,Festuca altissima,ForestWetPoor
2022523,Festuca altissima,ForestWetPoor
2022524,Festuca altissima,ForestWetPoor
2022525,Festuca altissima,ForestWetPoor
2024813,Festuca altissima,ForestWetPoor
2024823,Festuca altissima,ForestWetPoor
2024824,Festuca altissima,ForestWetPoor
2027123,Festuca altissima,ForestWetPoor
2027124,Festuca altissima,ForestWetPoor
2031715,Festuca altissima,ForestWetPoor
2034016,Festuca altissima,ForestWetPoor
2111928,Festuca altissima,ForestWetPoor
2148834,Festuca altissima,ForestWetPoor
2153434,Festuca altissima,ForestWetPoor
2156506,Festuca altissima,ForestWetPoor
2158806,Festuca altissima,ForestWetPoor
2158807,Festuca altissima,ForestWetPoor
2160213,Festuca altissima,ForestWetPoor
2161108,Festuca altissima,ForestWetPoor
2161109,Festuca altissima,ForestWetPoor
2162513,Festuca altissima,ForestWetPoor
2164814,Festuca altissima,ForestWetPoor
2167120,Festuca altissima,ForestWetPoor
2167121,Festuca altissima,ForestWetPoor
2167122,Festuca altissima,ForestWetPoor
2169421,Festuca altissima,ForestWetPoor
2169422,Festuca altissima,ForestWetPoor
2169423,Festuca altissima,ForestWetPoor
2176402,Festuca altissima,ForestWetPoor
2178702,Festuca altissima,ForestWetPoor
2180978,Festuca altissima,ForestWetPoor
2181003,Festuca altissima,ForestWetPoor
2185585,Festuca altissima,ForestWetPoor
2187886,Festuca altissima,ForestWetPoor
2187887,Festuca altissima,ForestWetPoor
2213122,Festuca altissima,ForestWetPoor
2220024,Festuca altissima,ForestWetPoor
2222322,Festuca altissima,ForestWetPoor
2240725,Festuca altissima,ForestWetPoor
2243026,Festuca altissima,ForestWetPoor
2243028,Festuca altissima,ForestWetPoor
2245326,Festuca altissima,ForestWetPoor
2247629,Festuca altissima,ForestWetPoor
2265983,Festuca altissima,ForestWetPoor
2275187,Festuca altissima,ForestWetPoor
2305977,Festuca altissima,ForestWetPoor
2305978,Festuca altissima,ForestWetPoor
2308277,Festuca altissima,ForestWetPoor
2308278,Festuca altissima,ForestWetPoor
2410971,Festuca altissima,ForestWetPoor
2413271,Festuca altissima,ForestWetPoor
2413272,Festuca altissima,ForestWetPoor
2413273,Festuca altissima,ForestWetPoor
2677679,Festuca altissima,ForestWetPoor
2691513,Festuca altissima,ForestWetPoor
2702970,Festuca altissima,ForestWetPoor
2702971,Festuca altissima,ForestWetPoor
2705270,Festuca altissima,ForestWetPoor
2705271,Festuca altissima,ForestWetPoor
2707570,Festuca altissima,ForestWetPoor
2707571,Festuca altissima,ForestWetPoor
2712297,Festuca altissima,ForestWetPoor
2721104,Festuca altissima,ForestWetPoor
2723407,Festuca altissima,ForestWetPoor
2725706,Festuca altissima,ForestWetPoor
2725707,Festuca altissima,ForestWetPoor
2728006,Festuca altissima,ForestWetPoor
2737445,Festuca altissima,ForestWetPoor
2739742,Festuca altissima,ForestWetPoor
2739744,Festuca altissima,ForestWetPoor
2739745,Festuca altissima,ForestWetPoor
2739746,Festuca altissima,ForestWetPoor
2739800,Festuca altissima,ForestWetPoor
2739801,Festuca altissima,ForestWetPoor
2742040,Festuca altissima,ForestWetPoor
2742041,Festuca altissima,ForestWetPoor
2742043,Festuca altissima,ForestWetPoor
2744335,Festuca altissima,ForestWetPoor
2744336,Festuca altissima,ForestWetPoor
2744341,Festuca altissima,ForestWetPoor
2744343,Festuca altissima,ForestWetPoor
2744403,Festuca altissima,ForestWetPoor
2746624,Festuca altissima,ForestWetPoor
2746635,Festuca altissima,ForestWetPoor
2746636,Festuca altissima,ForestWetPoor
2746637,Festuca altissima,ForestWetPoor
2746640,Festuca altissima,ForestWetPoor
2746757,Festuca altissima,ForestWetPoor
2748923,Festuca altissima,ForestWetPoor
2748924,Festuca altissima,ForestWetPoor
2751223,Festuca altissima,ForestWetPoor
2962867,Festuca altissima,ForestWetPoor
2965164,Festuca altissima,ForestWetPoor
3089502,Festuca altissima,ForestWetPoor
3091801,Festuca altissima,ForestWetPoor
3091803,Festuca altissima,ForestWetPoor
3091804,Festuca altissima,ForestWetPoor
3091805,Festuca altissima,ForestWetPoor
3094102,Festuca altissima,ForestWetPoor
3094103,Festuca altissima,ForestWetPoor
3094104,Festuca altissima,ForestWetPoor
3094105,Festuca altissima,ForestWetPoor
3119676,Festuca altissima,ForestWetPoor
3160956,Festuca altissima,ForestWetPoor
3174629,Festuca altissima,ForestWetPoor
3176927,Festuca altissima,ForestWetPoor
3176929,Festuca altissima,ForestWetPoor
3179226,Festuca altissima,ForestWetPoor
3179227,Festuca altissima,ForestWetPoor
3179228,Festuca altissima,ForestWetPoor
3179229,Festuca altissima,ForestWetPoor
3179230,Festuca altissima,ForestWetPoor
3181527,Festuca altissima,ForestWetPoor
3216300,Festuca altissima,ForestWetPoor
3218599,Festuca altissima,ForestWetPoor
3218601,Festuca altissima,ForestWetPoor
3220901,Festuca altissima,ForestWetPoor
3223201,Festuca altissima,ForestWetPoor
3284313,Festuca altissima,ForestWetPoor
3291212,Festuca altissima,ForestWetPoor
3291755,Festuca altissima,ForestWetPoor
3310166,Festuca altissima,ForestWetPoor
3310167,Festuca altissima,ForestWetPoor
3310168,Festuca altissima,ForestWetPoor
3312468,Festuca altissima,ForestWetPoor
3312469,Festuca altissima,ForestWetPoor
3313295,Festuca altissima,ForestWetPoor
3333162,Festuca altissima,ForestWetPoor
3333163,Festuca altissima,ForestWetPoor
3333164,Festuca altissima,ForestWetPoor
3480352,Festuca altissima,ForestWetPoor
3484951,Festuca altissima,ForestWetPoor
3530972,Festuca altissima,ForestWetPoor
3544761,Festuca altissima,ForestWetPoor
3547061,Festuca altissima,ForestWetPoor
3549359,Festuca altissima,ForestWetPoor
3549361,Festuca altissima,ForestWetPoor
3551657,Festuca altissima,ForestWetPoor
3572526,Festuca altissima,ForestWetPoor
3574529,Festuca altissima,ForestWetPoor
3581557,Festuca altissima,ForestWetPoor
3668968,Festuca altissima,ForestWetPoor
3675868,Festuca altissima,ForestWetPoor
3675871,Festuca altissima,ForestWetPoor
3678170,Festuca altissima,ForestWetPoor
3678171,Festuca altissima,ForestWetPoor
3689667,Festuca altissima,ForestWetPoor
3689668,Festuca altissima,ForestWetPoor
3694314,Festuca altissima,ForestWetPoor
3738605,Festuca altissima,ForestWetPoor
3738606,Festuca altissima,ForestWetPoor
3738607,Festuca altissima,ForestWetPoor
3738608,Festuca altissima,ForestWetPoor
3740905,Festuca altissima,ForestWetPoor
3740907,Festuca altissima,ForestWetPoor
3740908,Festuca altissima,ForestWetPoor
3749478,Festuca altissima,ForestWetPoor
3758695,Festuca altissima,ForestWetPoor
3758696,Festuca altissima,ForestWetPoor
3760997,Festuca altissima,ForestWetPoor
3760999,Festuca altissima,ForestWetPoor
3797764,Festuca altissima,ForestWetPoor
