702060,Potamogeton perfoliatus,ForestWetPoor
702061,Potamogeton perfoliatus,ForestWetPoor
704359,Potamogeton perfoliatus,ForestWetPoor
704360,Potamogeton perfoliatus,ForestWetPoor
704361,Potamogeton perfoliatus,ForestWetPoor
704362,Potamogeton perfoliatus,ForestWetPoor
706659,Potamogeton perfoliatus,ForestWetPoor
706660,Potamogeton perfoliatus,ForestWetPoor
706661,Potamogeton perfoliatus,ForestWetPoor
706662,Potamogeton perfoliatus,ForestWetPoor
706663,Potamogeton perfoliatus,ForestWetPoor
708959,Potamogeton perfoliatus,ForestWetPoor
708960,Potamogeton perfoliatus,ForestWetPoor
708962,Potamogeton perfoliatus,ForestWetPoor
708963,Potamogeton perfoliatus,ForestWetPoor
711259,Potamogeton perfoliatus,ForestWetPoor
711260,Potamogeton perfoliatus,ForestWetPoor
711261,Potamogeton perfoliatus,ForestWetPoor
711262,Potamogeton perfoliatus,ForestWetPoor
840040,Potamogeton perfoliatus,ForestWetPoor
840041,Potamogeton perfoliatus,ForestWetPoor
842339,Potamogeton perfoliatus,ForestWetPoor
842340,Potamogeton perfoliatus,ForestWetPoor
846939,Potamogeton perfoliatus,ForestWetPoor
931770,Potamogeton perfoliatus,ForestWetPoor
931771,Potamogeton perfoliatus,ForestWetPoor
934069,Potamogeton perfoliatus,ForestWetPoor
934070,Potamogeton perfoliatus,ForestWetPoor
936369,Potamogeton perfoliatus,ForestWetPoor
936373,Potamogeton perfoliatus,ForestWetPoor
938670,Potamogeton perfoliatus,ForestWetPoor
938671,Potamogeton perfoliatus,ForestWetPoor
938672,Potamogeton perfoliatus,ForestWetPoor
938673,Potamogeton perfoliatus,ForestWetPoor
975533,Potamogeton perfoliatus,ForestWetPoor
975535,Potamogeton perfoliatus,ForestWetPoor
977832,Potamogeton perfoliatus,ForestWetPoor
1047170,Potamogeton perfoliatus,ForestWetPoor
1049469,Potamogeton perfoliatus,ForestWetPoor
1049470,Potamogeton perfoliatus,ForestWetPoor
1049471,Potamogeton perfoliatus,ForestWetPoor
1049472,Potamogeton perfoliatus,ForestWetPoor
1051772,Potamogeton perfoliatus,ForestWetPoor
1051773,Potamogeton perfoliatus,ForestWetPoor
1054069,Potamogeton perfoliatus,ForestWetPoor
1054070,Potamogeton perfoliatus,ForestWetPoor
1054071,Potamogeton perfoliatus,ForestWetPoor
1054072,Potamogeton perfoliatus,ForestWetPoor
1054073,Potamogeton perfoliatus,ForestWetPoor
1056370,Potamogeton perfoliatus,ForestWetPoor
1056371,Potamogeton perfoliatus,ForestWetPoor
1056372,Potamogeton perfoliatus,ForestWetPoor
1120255,Potamogeton perfoliatus,ForestWetPoor
1175449,Potamogeton perfoliatus,ForestWetPoor
1518468,Potamogeton perfoliatus,ForestWetPoor
1520767,Potamogeton perfoliatus,ForestWetPoor
1520768,Potamogeton perfoliatus,ForestWetPoor
1523066,Potamogeton perfoliatus,ForestWetPoor
1523067,Potamogeton perfoliatus,ForestWetPoor
1523068,Potamogeton perfoliatus,ForestWetPoor
1523069,Potamogeton perfoliatus,ForestWetPoor
1525366,Potamogeton perfoliatus,ForestWetPoor
1527666,Potamogeton perfoliatus,ForestWetPoor
1527667,Potamogeton perfoliatus,ForestWetPoor
1564535,Potamogeton perfoliatus,ForestWetPoor
1564536,Potamogeton perfoliatus,ForestWetPoor
1564545,Potamogeton perfoliatus,ForestWetPoor
1564546,Potamogeton perfoliatus,ForestWetPoor
1566834,Potamogeton perfoliatus,ForestWetPoor
1566835,Potamogeton perfoliatus,ForestWetPoor
1566837,Potamogeton perfoliatus,ForestWetPoor
1569135,Potamogeton perfoliatus,ForestWetPoor
1569137,Potamogeton perfoliatus,ForestWetPoor
1571434,Potamogeton perfoliatus,ForestWetPoor
1571435,Potamogeton perfoliatus,ForestWetPoor
1573734,Potamogeton perfoliatus,ForestWetPoor
1573735,Potamogeton perfoliatus,ForestWetPoor
1578252,Potamogeton perfoliatus,ForestWetPoor
1578284,Potamogeton perfoliatus,ForestWetPoor
1578285,Potamogeton perfoliatus,ForestWetPoor
1578286,Potamogeton perfoliatus,ForestWetPoor
1580550,Potamogeton perfoliatus,ForestWetPoor
1580551,Potamogeton perfoliatus,ForestWetPoor
1580552,Potamogeton perfoliatus,ForestWetPoor
1580553,Potamogeton perfoliatus,ForestWetPoor
1580584,Potamogeton perfoliatus,ForestWetPoor
1580586,Potamogeton perfoliatus,ForestWetPoor
1582850,Potamogeton perfoliatus,ForestWetPoor
1582851,Potamogeton perfoliatus,ForestWetPoor
1582852,Potamogeton perfoliatus,ForestWetPoor
1582853,Potamogeton perfoliatus,ForestWetPoor
1582885,Potamogeton perfoliatus,ForestWetPoor
1582886,Potamogeton perfoliatus,ForestWetPoor
1582888,Potamogeton perfoliatus,ForestWetPoor
1585149,Potamogeton perfoliatus,ForestWetPoor
1585151,Potamogeton perfoliatus,ForestWetPoor
1585184,Potamogeton perfoliatus,ForestWetPoor
1585186,Potamogeton perfoliatus,ForestWetPoor
1585187,Potamogeton perfoliatus,ForestWetPoor
1598760,Potamogeton perfoliatus,ForestWetPoor
1598761,Potamogeton perfoliatus,ForestWetPoor
1601061,Potamogeton perfoliatus,ForestWetPoor
1601062,Potamogeton perfoliatus,ForestWetPoor
1603361,Potamogeton perfoliatus,ForestWetPoor
1603362,Potamogeton perfoliatus,ForestWetPoor
1605661,Potamogeton perfoliatus,ForestWetPoor
1628848,Potamogeton perfoliatus,ForestWetPoor
1628849,Potamogeton perfoliatus,ForestWetPoor
1631148,Potamogeton perfoliatus,ForestWetPoor
1631149,Potamogeton perfoliatus,ForestWetPoor
1633448,Potamogeton perfoliatus,ForestWetPoor
1633449,Potamogeton perfoliatus,ForestWetPoor
1633450,Potamogeton perfoliatus,ForestWetPoor
1633537,Potamogeton perfoliatus,ForestWetPoor
1635747,Potamogeton perfoliatus,ForestWetPoor
1635748,Potamogeton perfoliatus,ForestWetPoor
1635749,Potamogeton perfoliatus,ForestWetPoor
1638047,Potamogeton perfoliatus,ForestWetPoor
1638048,Potamogeton perfoliatus,ForestWetPoor
1702735,Potamogeton perfoliatus,ForestWetPoor
1702736,Potamogeton perfoliatus,ForestWetPoor
1705034,Potamogeton perfoliatus,ForestWetPoor
1705035,Potamogeton perfoliatus,ForestWetPoor
1705036,Potamogeton perfoliatus,ForestWetPoor
1705037,Potamogeton perfoliatus,ForestWetPoor
1707334,Potamogeton perfoliatus,ForestWetPoor
1707335,Potamogeton perfoliatus,ForestWetPoor
1707336,Potamogeton perfoliatus,ForestWetPoor
1707337,Potamogeton perfoliatus,ForestWetPoor
1707338,Potamogeton perfoliatus,ForestWetPoor
1709634,Potamogeton perfoliatus,ForestWetPoor
1709635,Potamogeton perfoliatus,ForestWetPoor
1709638,Potamogeton perfoliatus,ForestWetPoor
1711936,Potamogeton perfoliatus,ForestWetPoor
1714190,Potamogeton perfoliatus,ForestWetPoor
1714191,Potamogeton perfoliatus,ForestWetPoor
1716266,Potamogeton perfoliatus,ForestWetPoor
1716267,Potamogeton perfoliatus,ForestWetPoor
1716489,Potamogeton perfoliatus,ForestWetPoor
1716490,Potamogeton perfoliatus,ForestWetPoor
1716491,Potamogeton perfoliatus,ForestWetPoor
1718566,Potamogeton perfoliatus,ForestWetPoor
1718567,Potamogeton perfoliatus,ForestWetPoor
1718792,Potamogeton perfoliatus,ForestWetPoor
1718793,Potamogeton perfoliatus,ForestWetPoor
1721090,Potamogeton perfoliatus,ForestWetPoor
1721091,Potamogeton perfoliatus,ForestWetPoor
1721092,Potamogeton perfoliatus,ForestWetPoor
1721093,Potamogeton perfoliatus,ForestWetPoor
1723390,Potamogeton perfoliatus,ForestWetPoor
1723391,Potamogeton perfoliatus,ForestWetPoor
1723392,Potamogeton perfoliatus,ForestWetPoor
1725551,Potamogeton perfoliatus,ForestWetPoor
1725640,Potamogeton perfoliatus,ForestWetPoor
1725641,Potamogeton perfoliatus,ForestWetPoor
1727851,Potamogeton perfoliatus,ForestWetPoor
1727939,Potamogeton perfoliatus,ForestWetPoor
1727940,Potamogeton perfoliatus,ForestWetPoor
1727941,Potamogeton perfoliatus,ForestWetPoor
1727942,Potamogeton perfoliatus,ForestWetPoor
1730153,Potamogeton perfoliatus,ForestWetPoor
1730239,Potamogeton perfoliatus,ForestWetPoor
1730241,Potamogeton perfoliatus,ForestWetPoor
1732539,Potamogeton perfoliatus,ForestWetPoor
1732540,Potamogeton perfoliatus,ForestWetPoor
1732541,Potamogeton perfoliatus,ForestWetPoor
1732542,Potamogeton perfoliatus,ForestWetPoor
1732543,Potamogeton perfoliatus,ForestWetPoor
1734839,Potamogeton perfoliatus,ForestWetPoor
1734840,Potamogeton perfoliatus,ForestWetPoor
1734842,Potamogeton perfoliatus,ForestWetPoor
1741405,Potamogeton perfoliatus,ForestWetPoor
1743705,Potamogeton perfoliatus,ForestWetPoor
1746006,Potamogeton perfoliatus,ForestWetPoor
1771086,Potamogeton perfoliatus,ForestWetPoor
1773384,Potamogeton perfoliatus,ForestWetPoor
1773385,Potamogeton perfoliatus,ForestWetPoor
1773387,Potamogeton perfoliatus,ForestWetPoor
1775684,Potamogeton perfoliatus,ForestWetPoor
1775685,Potamogeton perfoliatus,ForestWetPoor
1775686,Potamogeton perfoliatus,ForestWetPoor
1775687,Potamogeton perfoliatus,ForestWetPoor
1775688,Potamogeton perfoliatus,ForestWetPoor
1775913,Potamogeton perfoliatus,ForestWetPoor
1780284,Potamogeton perfoliatus,ForestWetPoor
1780285,Potamogeton perfoliatus,ForestWetPoor
1780286,Potamogeton perfoliatus,ForestWetPoor
1780287,Potamogeton perfoliatus,ForestWetPoor
1780288,Potamogeton perfoliatus,ForestWetPoor
1780290,Potamogeton perfoliatus,ForestWetPoor
1782590,Potamogeton perfoliatus,ForestWetPoor
1783390,Potamogeton perfoliatus,ForestWetPoor
1783391,Potamogeton perfoliatus,ForestWetPoor
1785692,Potamogeton perfoliatus,ForestWetPoor
1790291,Potamogeton perfoliatus,ForestWetPoor
1790293,Potamogeton perfoliatus,ForestWetPoor
1791801,Potamogeton perfoliatus,ForestWetPoor
1791802,Potamogeton perfoliatus,ForestWetPoor
1792590,Potamogeton perfoliatus,ForestWetPoor
1792591,Potamogeton perfoliatus,ForestWetPoor
1792592,Potamogeton perfoliatus,ForestWetPoor
1796399,Potamogeton perfoliatus,ForestWetPoor
1796400,Potamogeton perfoliatus,ForestWetPoor
1798699,Potamogeton perfoliatus,ForestWetPoor
1798700,Potamogeton perfoliatus,ForestWetPoor
1801000,Potamogeton perfoliatus,ForestWetPoor
1801001,Potamogeton perfoliatus,ForestWetPoor
1801352,Potamogeton perfoliatus,ForestWetPoor
1803300,Potamogeton perfoliatus,ForestWetPoor
1803301,Potamogeton perfoliatus,ForestWetPoor
1803651,Potamogeton perfoliatus,ForestWetPoor
1803652,Potamogeton perfoliatus,ForestWetPoor
1806080,Potamogeton perfoliatus,ForestWetPoor
1806081,Potamogeton perfoliatus,ForestWetPoor
1806116,Potamogeton perfoliatus,ForestWetPoor
1808375,Potamogeton perfoliatus,ForestWetPoor
1808376,Potamogeton perfoliatus,ForestWetPoor
1808379,Potamogeton perfoliatus,ForestWetPoor
1808380,Potamogeton perfoliatus,ForestWetPoor
1808381,Potamogeton perfoliatus,ForestWetPoor
1808414,Potamogeton perfoliatus,ForestWetPoor
1808416,Potamogeton perfoliatus,ForestWetPoor
1810545,Potamogeton perfoliatus,ForestWetPoor
1810548,Potamogeton perfoliatus,ForestWetPoor
1810675,Potamogeton perfoliatus,ForestWetPoor
1810680,Potamogeton perfoliatus,ForestWetPoor
1810681,Potamogeton perfoliatus,ForestWetPoor
1810682,Potamogeton perfoliatus,ForestWetPoor
1810683,Potamogeton perfoliatus,ForestWetPoor
1810716,Potamogeton perfoliatus,ForestWetPoor
1812847,Potamogeton perfoliatus,ForestWetPoor
1812975,Potamogeton perfoliatus,ForestWetPoor
1812980,Potamogeton perfoliatus,ForestWetPoor
1812981,Potamogeton perfoliatus,ForestWetPoor
1812982,Potamogeton perfoliatus,ForestWetPoor
1812983,Potamogeton perfoliatus,ForestWetPoor
1813015,Potamogeton perfoliatus,ForestWetPoor
1815314,Potamogeton perfoliatus,ForestWetPoor
1815315,Potamogeton perfoliatus,ForestWetPoor
1822159,Potamogeton perfoliatus,ForestWetPoor
1824456,Potamogeton perfoliatus,ForestWetPoor
1824457,Potamogeton perfoliatus,ForestWetPoor
1824458,Potamogeton perfoliatus,ForestWetPoor
1824459,Potamogeton perfoliatus,ForestWetPoor
1826757,Potamogeton perfoliatus,ForestWetPoor
1826758,Potamogeton perfoliatus,ForestWetPoor
1826759,Potamogeton perfoliatus,ForestWetPoor
1826760,Potamogeton perfoliatus,ForestWetPoor
1829056,Potamogeton perfoliatus,ForestWetPoor
1829057,Potamogeton perfoliatus,ForestWetPoor
1829058,Potamogeton perfoliatus,ForestWetPoor
1829059,Potamogeton perfoliatus,ForestWetPoor
1831357,Potamogeton perfoliatus,ForestWetPoor
1831358,Potamogeton perfoliatus,ForestWetPoor
1831359,Potamogeton perfoliatus,ForestWetPoor
1840155,Potamogeton perfoliatus,ForestWetPoor
1840156,Potamogeton perfoliatus,ForestWetPoor
1842454,Potamogeton perfoliatus,ForestWetPoor
1842455,Potamogeton perfoliatus,ForestWetPoor
1842456,Potamogeton perfoliatus,ForestWetPoor
1844754,Potamogeton perfoliatus,ForestWetPoor
1844755,Potamogeton perfoliatus,ForestWetPoor
1844756,Potamogeton perfoliatus,ForestWetPoor
1845129,Potamogeton perfoliatus,ForestWetPoor
1845132,Potamogeton perfoliatus,ForestWetPoor
1847054,Potamogeton perfoliatus,ForestWetPoor
1847055,Potamogeton perfoliatus,ForestWetPoor
1847430,Potamogeton perfoliatus,ForestWetPoor
1847433,Potamogeton perfoliatus,ForestWetPoor
1849730,Potamogeton perfoliatus,ForestWetPoor
1849731,Potamogeton perfoliatus,ForestWetPoor
1849732,Potamogeton perfoliatus,ForestWetPoor
1870423,Potamogeton perfoliatus,ForestWetPoor
1886130,Potamogeton perfoliatus,ForestWetPoor
1886131,Potamogeton perfoliatus,ForestWetPoor
1888429,Potamogeton perfoliatus,ForestWetPoor
1888430,Potamogeton perfoliatus,ForestWetPoor
1925620,Potamogeton perfoliatus,ForestWetPoor
1927920,Potamogeton perfoliatus,ForestWetPoor
1927921,Potamogeton perfoliatus,ForestWetPoor
1932291,Potamogeton perfoliatus,ForestWetPoor
1934592,Potamogeton perfoliatus,ForestWetPoor
1936892,Potamogeton perfoliatus,ForestWetPoor
1937142,Potamogeton perfoliatus,ForestWetPoor
1939192,Potamogeton perfoliatus,ForestWetPoor
1941489,Potamogeton perfoliatus,ForestWetPoor
1941490,Potamogeton perfoliatus,ForestWetPoor
1941491,Potamogeton perfoliatus,ForestWetPoor
1941492,Potamogeton perfoliatus,ForestWetPoor
1941740,Potamogeton perfoliatus,ForestWetPoor
1950501,Potamogeton perfoliatus,ForestWetPoor
1950503,Potamogeton perfoliatus,ForestWetPoor
1962431,Potamogeton perfoliatus,ForestWetPoor
1962432,Potamogeton perfoliatus,ForestWetPoor
1962434,Potamogeton perfoliatus,ForestWetPoor
1964289,Potamogeton perfoliatus,ForestWetPoor
1964291,Potamogeton perfoliatus,ForestWetPoor
1964733,Potamogeton perfoliatus,ForestWetPoor
1964734,Potamogeton perfoliatus,ForestWetPoor
1966589,Potamogeton perfoliatus,ForestWetPoor
1966590,Potamogeton perfoliatus,ForestWetPoor
1968888,Potamogeton perfoliatus,ForestWetPoor
1968889,Potamogeton perfoliatus,ForestWetPoor
1968890,Potamogeton perfoliatus,ForestWetPoor
1969333,Potamogeton perfoliatus,ForestWetPoor
1971190,Potamogeton perfoliatus,ForestWetPoor
1971191,Potamogeton perfoliatus,ForestWetPoor
1971192,Potamogeton perfoliatus,ForestWetPoor
1973492,Potamogeton perfoliatus,ForestWetPoor
1975792,Potamogeton perfoliatus,ForestWetPoor
1978295,Potamogeton perfoliatus,ForestWetPoor
1980384,Potamogeton perfoliatus,ForestWetPoor
1980596,Potamogeton perfoliatus,ForestWetPoor
1980597,Potamogeton perfoliatus,ForestWetPoor
1982684,Potamogeton perfoliatus,ForestWetPoor
1982896,Potamogeton perfoliatus,ForestWetPoor
1984984,Potamogeton perfoliatus,ForestWetPoor
1984985,Potamogeton perfoliatus,ForestWetPoor
1985196,Potamogeton perfoliatus,ForestWetPoor
2001540,Potamogeton perfoliatus,ForestWetPoor
2001541,Potamogeton perfoliatus,ForestWetPoor
2001542,Potamogeton perfoliatus,ForestWetPoor
2003839,Potamogeton perfoliatus,ForestWetPoor
2003840,Potamogeton perfoliatus,ForestWetPoor
2003841,Potamogeton perfoliatus,ForestWetPoor
2003843,Potamogeton perfoliatus,ForestWetPoor
2006139,Potamogeton perfoliatus,ForestWetPoor
2006143,Potamogeton perfoliatus,ForestWetPoor
2008439,Potamogeton perfoliatus,ForestWetPoor
2008440,Potamogeton perfoliatus,ForestWetPoor
2008443,Potamogeton perfoliatus,ForestWetPoor
2012572,Potamogeton perfoliatus,ForestWetPoor
2012573,Potamogeton perfoliatus,ForestWetPoor
2013042,Potamogeton perfoliatus,ForestWetPoor
2014871,Potamogeton perfoliatus,ForestWetPoor
2014872,Potamogeton perfoliatus,ForestWetPoor
2014873,Potamogeton perfoliatus,ForestWetPoor
2014874,Potamogeton perfoliatus,ForestWetPoor
2015341,Potamogeton perfoliatus,ForestWetPoor
2015342,Potamogeton perfoliatus,ForestWetPoor
2015343,Potamogeton perfoliatus,ForestWetPoor
2017171,Potamogeton perfoliatus,ForestWetPoor
2017172,Potamogeton perfoliatus,ForestWetPoor
2017173,Potamogeton perfoliatus,ForestWetPoor
2017174,Potamogeton perfoliatus,ForestWetPoor
2017175,Potamogeton perfoliatus,ForestWetPoor
2017640,Potamogeton perfoliatus,ForestWetPoor
2017641,Potamogeton perfoliatus,ForestWetPoor
2019471,Potamogeton perfoliatus,ForestWetPoor
2019472,Potamogeton perfoliatus,ForestWetPoor
2019473,Potamogeton perfoliatus,ForestWetPoor
2019474,Potamogeton perfoliatus,ForestWetPoor
2021771,Potamogeton perfoliatus,ForestWetPoor
2021772,Potamogeton perfoliatus,ForestWetPoor
2021773,Potamogeton perfoliatus,ForestWetPoor
2021774,Potamogeton perfoliatus,ForestWetPoor
2028924,Potamogeton perfoliatus,ForestWetPoor
2033525,Potamogeton perfoliatus,ForestWetPoor
2033526,Potamogeton perfoliatus,ForestWetPoor
2033527,Potamogeton perfoliatus,ForestWetPoor
2033528,Potamogeton perfoliatus,ForestWetPoor
2035827,Potamogeton perfoliatus,ForestWetPoor
2035828,Potamogeton perfoliatus,ForestWetPoor
2038128,Potamogeton perfoliatus,ForestWetPoor
2038129,Potamogeton perfoliatus,ForestWetPoor
2040429,Potamogeton perfoliatus,ForestWetPoor
2047345,Potamogeton perfoliatus,ForestWetPoor
2047346,Potamogeton perfoliatus,ForestWetPoor
2049372,Potamogeton perfoliatus,ForestWetPoor
2049646,Potamogeton perfoliatus,ForestWetPoor
2051672,Potamogeton perfoliatus,ForestWetPoor
2051673,Potamogeton perfoliatus,ForestWetPoor
2053969,Potamogeton perfoliatus,ForestWetPoor
2053973,Potamogeton perfoliatus,ForestWetPoor
2056269,Potamogeton perfoliatus,ForestWetPoor
2056272,Potamogeton perfoliatus,ForestWetPoor
2079733,Potamogeton perfoliatus,ForestWetPoor
2079734,Potamogeton perfoliatus,ForestWetPoor
2082031,Potamogeton perfoliatus,ForestWetPoor
2082032,Potamogeton perfoliatus,ForestWetPoor
2082033,Potamogeton perfoliatus,ForestWetPoor
2082034,Potamogeton perfoliatus,ForestWetPoor
2084331,Potamogeton perfoliatus,ForestWetPoor
2084332,Potamogeton perfoliatus,ForestWetPoor
2127605,Potamogeton perfoliatus,ForestWetPoor
2127606,Potamogeton perfoliatus,ForestWetPoor
2129904,Potamogeton perfoliatus,ForestWetPoor
2129905,Potamogeton perfoliatus,ForestWetPoor
2132181,Potamogeton perfoliatus,ForestWetPoor
2132182,Potamogeton perfoliatus,ForestWetPoor
2132204,Potamogeton perfoliatus,ForestWetPoor
2134479,Potamogeton perfoliatus,ForestWetPoor
2134480,Potamogeton perfoliatus,ForestWetPoor
2134481,Potamogeton perfoliatus,ForestWetPoor
2134482,Potamogeton perfoliatus,ForestWetPoor
2134504,Potamogeton perfoliatus,ForestWetPoor
2134549,Potamogeton perfoliatus,ForestWetPoor
2136779,Potamogeton perfoliatus,ForestWetPoor
2136780,Potamogeton perfoliatus,ForestWetPoor
2136781,Potamogeton perfoliatus,ForestWetPoor
2136782,Potamogeton perfoliatus,ForestWetPoor
2136848,Potamogeton perfoliatus,ForestWetPoor
2136849,Potamogeton perfoliatus,ForestWetPoor
2175907,Potamogeton perfoliatus,ForestWetPoor
2176392,Potamogeton perfoliatus,ForestWetPoor
2180508,Potamogeton perfoliatus,ForestWetPoor
2180509,Potamogeton perfoliatus,ForestWetPoor
2180990,Potamogeton perfoliatus,ForestWetPoor
2224673,Potamogeton perfoliatus,ForestWetPoor
2240753,Potamogeton perfoliatus,ForestWetPoor
2240755,Potamogeton perfoliatus,ForestWetPoor
2240756,Potamogeton perfoliatus,ForestWetPoor
2243055,Potamogeton perfoliatus,ForestWetPoor
2243056,Potamogeton perfoliatus,ForestWetPoor
2245356,Potamogeton perfoliatus,ForestWetPoor
2247655,Potamogeton perfoliatus,ForestWetPoor
2249974,Potamogeton perfoliatus,ForestWetPoor
2249975,Potamogeton perfoliatus,ForestWetPoor
2249976,Potamogeton perfoliatus,ForestWetPoor
2252274,Potamogeton perfoliatus,ForestWetPoor
2252275,Potamogeton perfoliatus,ForestWetPoor
2254573,Potamogeton perfoliatus,ForestWetPoor
2259150,Potamogeton perfoliatus,ForestWetPoor
2259151,Potamogeton perfoliatus,ForestWetPoor
2261449,Potamogeton perfoliatus,ForestWetPoor
2261450,Potamogeton perfoliatus,ForestWetPoor
2263748,Potamogeton perfoliatus,ForestWetPoor
2263749,Potamogeton perfoliatus,ForestWetPoor
2263750,Potamogeton perfoliatus,ForestWetPoor
2265983,Potamogeton perfoliatus,ForestWetPoor
2266036,Potamogeton perfoliatus,ForestWetPoor
2266050,Potamogeton perfoliatus,ForestWetPoor
2268283,Potamogeton perfoliatus,ForestWetPoor
2269089,Potamogeton perfoliatus,ForestWetPoor
2275187,Potamogeton perfoliatus,ForestWetPoor
2298245,Potamogeton perfoliatus,ForestWetPoor
2300544,Potamogeton perfoliatus,ForestWetPoor
2302846,Potamogeton perfoliatus,ForestWetPoor
2307446,Potamogeton perfoliatus,ForestWetPoor
2319718,Potamogeton perfoliatus,ForestWetPoor
2319719,Potamogeton perfoliatus,ForestWetPoor
2319720,Potamogeton perfoliatus,ForestWetPoor
2319721,Potamogeton perfoliatus,ForestWetPoor
2319722,Potamogeton perfoliatus,ForestWetPoor
2322018,Potamogeton perfoliatus,ForestWetPoor
2322019,Potamogeton perfoliatus,ForestWetPoor
2322020,Potamogeton perfoliatus,ForestWetPoor
2322021,Potamogeton perfoliatus,ForestWetPoor
2324318,Potamogeton perfoliatus,ForestWetPoor
2324319,Potamogeton perfoliatus,ForestWetPoor
2325620,Potamogeton perfoliatus,ForestWetPoor
2325621,Potamogeton perfoliatus,ForestWetPoor
2325622,Potamogeton perfoliatus,ForestWetPoor
2326617,Potamogeton perfoliatus,ForestWetPoor
2326619,Potamogeton perfoliatus,ForestWetPoor
2327919,Potamogeton perfoliatus,ForestWetPoor
2327921,Potamogeton perfoliatus,ForestWetPoor
2327923,Potamogeton perfoliatus,ForestWetPoor
2328917,Potamogeton perfoliatus,ForestWetPoor
2328918,Potamogeton perfoliatus,ForestWetPoor
2330221,Potamogeton perfoliatus,ForestWetPoor
2331217,Potamogeton perfoliatus,ForestWetPoor
2337351,Potamogeton perfoliatus,ForestWetPoor
2337352,Potamogeton perfoliatus,ForestWetPoor
2339652,Potamogeton perfoliatus,ForestWetPoor
2344253,Potamogeton perfoliatus,ForestWetPoor
2408275,Potamogeton perfoliatus,ForestWetPoor
2408276,Potamogeton perfoliatus,ForestWetPoor
2410574,Potamogeton perfoliatus,ForestWetPoor
2410575,Potamogeton perfoliatus,ForestWetPoor
2410576,Potamogeton perfoliatus,ForestWetPoor
2410577,Potamogeton perfoliatus,ForestWetPoor
2412859,Potamogeton perfoliatus,ForestWetPoor
2412875,Potamogeton perfoliatus,ForestWetPoor
2415174,Potamogeton perfoliatus,ForestWetPoor
2426665,Potamogeton perfoliatus,ForestWetPoor
2426667,Potamogeton perfoliatus,ForestWetPoor
2426835,Potamogeton perfoliatus,ForestWetPoor
2428963,Potamogeton perfoliatus,ForestWetPoor
2428964,Potamogeton perfoliatus,ForestWetPoor
2428966,Potamogeton perfoliatus,ForestWetPoor
2429134,Potamogeton perfoliatus,ForestWetPoor
2429135,Potamogeton perfoliatus,ForestWetPoor
2431264,Potamogeton perfoliatus,ForestWetPoor
2431265,Potamogeton perfoliatus,ForestWetPoor
2431435,Potamogeton perfoliatus,ForestWetPoor
2431436,Potamogeton perfoliatus,ForestWetPoor
2431437,Potamogeton perfoliatus,ForestWetPoor
2431438,Potamogeton perfoliatus,ForestWetPoor
2433734,Potamogeton perfoliatus,ForestWetPoor
2433738,Potamogeton perfoliatus,ForestWetPoor
2436037,Potamogeton perfoliatus,ForestWetPoor
2465732,Potamogeton perfoliatus,ForestWetPoor
2465733,Potamogeton perfoliatus,ForestWetPoor
2468032,Potamogeton perfoliatus,ForestWetPoor
2468508,Potamogeton perfoliatus,ForestWetPoor
2468509,Potamogeton perfoliatus,ForestWetPoor
2470808,Potamogeton perfoliatus,ForestWetPoor
2494546,Potamogeton perfoliatus,ForestWetPoor
2496847,Potamogeton perfoliatus,ForestWetPoor
2496848,Potamogeton perfoliatus,ForestWetPoor
2499148,Potamogeton perfoliatus,ForestWetPoor
2594478,Potamogeton perfoliatus,ForestWetPoor
2605977,Potamogeton perfoliatus,ForestWetPoor
2608277,Potamogeton perfoliatus,ForestWetPoor
2652364,Potamogeton perfoliatus,ForestWetPoor
2652365,Potamogeton perfoliatus,ForestWetPoor
2654665,Potamogeton perfoliatus,ForestWetPoor
2656963,Potamogeton perfoliatus,ForestWetPoor
2686495,Potamogeton perfoliatus,ForestWetPoor
2688794,Potamogeton perfoliatus,ForestWetPoor
2688795,Potamogeton perfoliatus,ForestWetPoor
2688796,Potamogeton perfoliatus,ForestWetPoor
2688797,Potamogeton perfoliatus,ForestWetPoor
2691093,Potamogeton perfoliatus,ForestWetPoor
2691094,Potamogeton perfoliatus,ForestWetPoor
2691095,Potamogeton perfoliatus,ForestWetPoor
2691096,Potamogeton perfoliatus,ForestWetPoor
2691097,Potamogeton perfoliatus,ForestWetPoor
2693393,Potamogeton perfoliatus,ForestWetPoor
2693394,Potamogeton perfoliatus,ForestWetPoor
2693395,Potamogeton perfoliatus,ForestWetPoor
2693396,Potamogeton perfoliatus,ForestWetPoor
2693397,Potamogeton perfoliatus,ForestWetPoor
2695694,Potamogeton perfoliatus,ForestWetPoor
2695695,Potamogeton perfoliatus,ForestWetPoor
2695696,Potamogeton perfoliatus,ForestWetPoor
2695697,Potamogeton perfoliatus,ForestWetPoor
2695701,Potamogeton perfoliatus,ForestWetPoor
2697999,Potamogeton perfoliatus,ForestWetPoor
2698000,Potamogeton perfoliatus,ForestWetPoor
2698001,Potamogeton perfoliatus,ForestWetPoor
2700299,Potamogeton perfoliatus,ForestWetPoor
2700300,Potamogeton perfoliatus,ForestWetPoor
2700301,Potamogeton perfoliatus,ForestWetPoor
2700302,Potamogeton perfoliatus,ForestWetPoor
2700303,Potamogeton perfoliatus,ForestWetPoor
2702599,Potamogeton perfoliatus,ForestWetPoor
2702600,Potamogeton perfoliatus,ForestWetPoor
2702601,Potamogeton perfoliatus,ForestWetPoor
2702602,Potamogeton perfoliatus,ForestWetPoor
2702603,Potamogeton perfoliatus,ForestWetPoor
2704899,Potamogeton perfoliatus,ForestWetPoor
2704900,Potamogeton perfoliatus,ForestWetPoor
2704901,Potamogeton perfoliatus,ForestWetPoor
2743972,Potamogeton perfoliatus,ForestWetPoor
2743973,Potamogeton perfoliatus,ForestWetPoor
2750870,Potamogeton perfoliatus,ForestWetPoor
2750871,Potamogeton perfoliatus,ForestWetPoor
2750872,Potamogeton perfoliatus,ForestWetPoor
2753171,Potamogeton perfoliatus,ForestWetPoor
2753172,Potamogeton perfoliatus,ForestWetPoor
2757770,Potamogeton perfoliatus,ForestWetPoor
2760070,Potamogeton perfoliatus,ForestWetPoor
2806151,Potamogeton perfoliatus,ForestWetPoor
2806153,Potamogeton perfoliatus,ForestWetPoor
2806154,Potamogeton perfoliatus,ForestWetPoor
2806155,Potamogeton perfoliatus,ForestWetPoor
2806156,Potamogeton perfoliatus,ForestWetPoor
2808452,Potamogeton perfoliatus,ForestWetPoor
2808455,Potamogeton perfoliatus,ForestWetPoor
2808456,Potamogeton perfoliatus,ForestWetPoor
2810749,Potamogeton perfoliatus,ForestWetPoor
2810750,Potamogeton perfoliatus,ForestWetPoor
2810751,Potamogeton perfoliatus,ForestWetPoor
2810752,Potamogeton perfoliatus,ForestWetPoor
2810754,Potamogeton perfoliatus,ForestWetPoor
2810755,Potamogeton perfoliatus,ForestWetPoor
2810756,Potamogeton perfoliatus,ForestWetPoor
2810758,Potamogeton perfoliatus,ForestWetPoor
2813049,Potamogeton perfoliatus,ForestWetPoor
2813050,Potamogeton perfoliatus,ForestWetPoor
2813051,Potamogeton perfoliatus,ForestWetPoor
2813052,Potamogeton perfoliatus,ForestWetPoor
2813053,Potamogeton perfoliatus,ForestWetPoor
2813054,Potamogeton perfoliatus,ForestWetPoor
2813055,Potamogeton perfoliatus,ForestWetPoor
2813056,Potamogeton perfoliatus,ForestWetPoor
2813057,Potamogeton perfoliatus,ForestWetPoor
2813058,Potamogeton perfoliatus,ForestWetPoor
2815349,Potamogeton perfoliatus,ForestWetPoor
2815350,Potamogeton perfoliatus,ForestWetPoor
2815351,Potamogeton perfoliatus,ForestWetPoor
2815354,Potamogeton perfoliatus,ForestWetPoor
2815355,Potamogeton perfoliatus,ForestWetPoor
2815356,Potamogeton perfoliatus,ForestWetPoor
2815357,Potamogeton perfoliatus,ForestWetPoor
2895891,Potamogeton perfoliatus,ForestWetPoor
2936008,Potamogeton perfoliatus,ForestWetPoor
2944635,Potamogeton perfoliatus,ForestWetPoor
2946934,Potamogeton perfoliatus,ForestWetPoor
2949800,Potamogeton perfoliatus,ForestWetPoor
2949801,Potamogeton perfoliatus,ForestWetPoor
2951534,Potamogeton perfoliatus,ForestWetPoor
2974529,Potamogeton perfoliatus,ForestWetPoor
2976829,Potamogeton perfoliatus,ForestWetPoor
2976830,Potamogeton perfoliatus,ForestWetPoor
2979129,Potamogeton perfoliatus,ForestWetPoor
2981430,Potamogeton perfoliatus,ForestWetPoor
3016445,Potamogeton perfoliatus,ForestWetPoor
3016447,Potamogeton perfoliatus,ForestWetPoor
3064773,Potamogeton perfoliatus,ForestWetPoor
3064775,Potamogeton perfoliatus,ForestWetPoor
3067073,Potamogeton perfoliatus,ForestWetPoor
3067074,Potamogeton perfoliatus,ForestWetPoor
3069372,Potamogeton perfoliatus,ForestWetPoor
3078195,Potamogeton perfoliatus,ForestWetPoor
3078567,Potamogeton perfoliatus,ForestWetPoor
3078568,Potamogeton perfoliatus,ForestWetPoor
3078569,Potamogeton perfoliatus,ForestWetPoor
3080493,Potamogeton perfoliatus,ForestWetPoor
3080494,Potamogeton perfoliatus,ForestWetPoor
3080495,Potamogeton perfoliatus,ForestWetPoor
3082793,Potamogeton perfoliatus,ForestWetPoor
3082794,Potamogeton perfoliatus,ForestWetPoor
3082795,Potamogeton perfoliatus,ForestWetPoor
3085094,Potamogeton perfoliatus,ForestWetPoor
3085095,Potamogeton perfoliatus,ForestWetPoor
3142563,Potamogeton perfoliatus,ForestWetPoor
3144862,Potamogeton perfoliatus,ForestWetPoor
3144863,Potamogeton perfoliatus,ForestWetPoor
3147161,Potamogeton perfoliatus,ForestWetPoor
3147162,Potamogeton perfoliatus,ForestWetPoor
3154057,Potamogeton perfoliatus,ForestWetPoor
3156357,Potamogeton perfoliatus,ForestWetPoor
3158656,Potamogeton perfoliatus,ForestWetPoor
3160956,Potamogeton perfoliatus,ForestWetPoor
3167849,Potamogeton perfoliatus,ForestWetPoor
3167850,Potamogeton perfoliatus,ForestWetPoor
3170148,Potamogeton perfoliatus,ForestWetPoor
3172447,Potamogeton perfoliatus,ForestWetPoor
3211994,Potamogeton perfoliatus,ForestWetPoor
3214295,Potamogeton perfoliatus,ForestWetPoor
3216595,Potamogeton perfoliatus,ForestWetPoor
3216596,Potamogeton perfoliatus,ForestWetPoor
3216597,Potamogeton perfoliatus,ForestWetPoor
3346755,Potamogeton perfoliatus,ForestWetPoor
3346756,Potamogeton perfoliatus,ForestWetPoor
3349057,Potamogeton perfoliatus,ForestWetPoor
3351354,Potamogeton perfoliatus,ForestWetPoor
3351355,Potamogeton perfoliatus,ForestWetPoor
3351358,Potamogeton perfoliatus,ForestWetPoor
3353645,Potamogeton perfoliatus,ForestWetPoor
3353646,Potamogeton perfoliatus,ForestWetPoor
3353654,Potamogeton perfoliatus,ForestWetPoor
3353656,Potamogeton perfoliatus,ForestWetPoor
3353657,Potamogeton perfoliatus,ForestWetPoor
3353658,Potamogeton perfoliatus,ForestWetPoor
3355945,Potamogeton perfoliatus,ForestWetPoor
3450249,Potamogeton perfoliatus,ForestWetPoor
3452550,Potamogeton perfoliatus,ForestWetPoor
3452551,Potamogeton perfoliatus,ForestWetPoor
3459445,Potamogeton perfoliatus,ForestWetPoor
3588340,Potamogeton perfoliatus,ForestWetPoor
3590639,Potamogeton perfoliatus,ForestWetPoor
3590640,Potamogeton perfoliatus,ForestWetPoor
3592939,Potamogeton perfoliatus,ForestWetPoor
3595239,Potamogeton perfoliatus,ForestWetPoor
3595241,Potamogeton perfoliatus,ForestWetPoor
3595242,Potamogeton perfoliatus,ForestWetPoor
3595243,Potamogeton perfoliatus,ForestWetPoor
3597540,Potamogeton perfoliatus,ForestWetPoor
3597541,Potamogeton perfoliatus,ForestWetPoor
3597542,Potamogeton perfoliatus,ForestWetPoor
3627569,Potamogeton perfoliatus,ForestWetPoor
3627573,Potamogeton perfoliatus,ForestWetPoor
3629869,Potamogeton perfoliatus,ForestWetPoor
3629870,Potamogeton perfoliatus,ForestWetPoor
3632169,Potamogeton perfoliatus,ForestWetPoor
3632170,Potamogeton perfoliatus,ForestWetPoor
3652638,Potamogeton perfoliatus,ForestWetPoor
3714875,Potamogeton perfoliatus,ForestWetPoor
3714876,Potamogeton perfoliatus,ForestWetPoor
3714895,Potamogeton perfoliatus,ForestWetPoor
3714896,Potamogeton perfoliatus,ForestWetPoor
3717105,Potamogeton perfoliatus,ForestWetPoor
3717174,Potamogeton perfoliatus,ForestWetPoor
3717175,Potamogeton perfoliatus,ForestWetPoor
3717176,Potamogeton perfoliatus,ForestWetPoor
3717177,Potamogeton perfoliatus,ForestWetPoor
3717182,Potamogeton perfoliatus,ForestWetPoor
3717194,Potamogeton perfoliatus,ForestWetPoor
3717195,Potamogeton perfoliatus,ForestWetPoor
3719404,Potamogeton perfoliatus,ForestWetPoor
3719405,Potamogeton perfoliatus,ForestWetPoor
3719406,Potamogeton perfoliatus,ForestWetPoor
3719474,Potamogeton perfoliatus,ForestWetPoor
3719478,Potamogeton perfoliatus,ForestWetPoor
3719480,Potamogeton perfoliatus,ForestWetPoor
3719483,Potamogeton perfoliatus,ForestWetPoor
3719484,Potamogeton perfoliatus,ForestWetPoor
3719494,Potamogeton perfoliatus,ForestWetPoor
3719495,Potamogeton perfoliatus,ForestWetPoor
3719496,Potamogeton perfoliatus,ForestWetPoor
3721703,Potamogeton perfoliatus,ForestWetPoor
3721704,Potamogeton perfoliatus,ForestWetPoor
3721705,Potamogeton perfoliatus,ForestWetPoor
3721706,Potamogeton perfoliatus,ForestWetPoor
3721707,Potamogeton perfoliatus,ForestWetPoor
3721776,Potamogeton perfoliatus,ForestWetPoor
3721777,Potamogeton perfoliatus,ForestWetPoor
3721794,Potamogeton perfoliatus,ForestWetPoor
3721795,Potamogeton perfoliatus,ForestWetPoor
3721796,Potamogeton perfoliatus,ForestWetPoor
3721797,Potamogeton perfoliatus,ForestWetPoor
3724075,Potamogeton perfoliatus,ForestWetPoor
3724077,Potamogeton perfoliatus,ForestWetPoor
3724094,Potamogeton perfoliatus,ForestWetPoor
3724096,Potamogeton perfoliatus,ForestWetPoor
3726383,Potamogeton perfoliatus,ForestWetPoor
