1281674,Stellaria aquatica,ForestWetPoor
1702730,Stellaria aquatica,ForestWetPoor
1702731,Stellaria aquatica,ForestWetPoor
1702735,Stellaria aquatica,ForestWetPoor
1702736,Stellaria aquatica,ForestWetPoor
1705029,Stellaria aquatica,ForestWetPoor
1705031,Stellaria aquatica,ForestWetPoor
1705032,Stellaria aquatica,ForestWetPoor
1705034,Stellaria aquatica,ForestWetPoor
1705035,Stellaria aquatica,ForestWetPoor
1705036,Stellaria aquatica,ForestWetPoor
1705037,Stellaria aquatica,ForestWetPoor
1707329,Stellaria aquatica,ForestWetPoor
1707333,Stellaria aquatica,ForestWetPoor
1707334,Stellaria aquatica,ForestWetPoor
1707335,Stellaria aquatica,ForestWetPoor
1707336,Stellaria aquatica,ForestWetPoor
1707337,Stellaria aquatica,ForestWetPoor
1707338,Stellaria aquatica,ForestWetPoor
1709634,Stellaria aquatica,ForestWetPoor
1709635,Stellaria aquatica,ForestWetPoor
1709638,Stellaria aquatica,ForestWetPoor
1711936,Stellaria aquatica,ForestWetPoor
1725745,Stellaria aquatica,ForestWetPoor
1725746,Stellaria aquatica,ForestWetPoor
1728044,Stellaria aquatica,ForestWetPoor
1728045,Stellaria aquatica,ForestWetPoor
1728046,Stellaria aquatica,ForestWetPoor
1730344,Stellaria aquatica,ForestWetPoor
1730345,Stellaria aquatica,ForestWetPoor
1730346,Stellaria aquatica,ForestWetPoor
1730347,Stellaria aquatica,ForestWetPoor
1730348,Stellaria aquatica,ForestWetPoor
1732644,Stellaria aquatica,ForestWetPoor
1732645,Stellaria aquatica,ForestWetPoor
1732647,Stellaria aquatica,ForestWetPoor
1732648,Stellaria aquatica,ForestWetPoor
1734861,Stellaria aquatica,ForestWetPoor
1734944,Stellaria aquatica,ForestWetPoor
1734945,Stellaria aquatica,ForestWetPoor
1801607,Stellaria aquatica,ForestWetPoor
1803906,Stellaria aquatica,ForestWetPoor
1803907,Stellaria aquatica,ForestWetPoor
1803908,Stellaria aquatica,ForestWetPoor
1806205,Stellaria aquatica,ForestWetPoor
1806206,Stellaria aquatica,ForestWetPoor
1806207,Stellaria aquatica,ForestWetPoor
1806208,Stellaria aquatica,ForestWetPoor
1808505,Stellaria aquatica,ForestWetPoor
1808506,Stellaria aquatica,ForestWetPoor
1808507,Stellaria aquatica,ForestWetPoor
1810805,Stellaria aquatica,ForestWetPoor
1810806,Stellaria aquatica,ForestWetPoor
1840788,Stellaria aquatica,ForestWetPoor
1840789,Stellaria aquatica,ForestWetPoor
1843086,Stellaria aquatica,ForestWetPoor
1843087,Stellaria aquatica,ForestWetPoor
1845386,Stellaria aquatica,ForestWetPoor
1845387,Stellaria aquatica,ForestWetPoor
1845388,Stellaria aquatica,ForestWetPoor
1847686,Stellaria aquatica,ForestWetPoor
1847687,Stellaria aquatica,ForestWetPoor
1849986,Stellaria aquatica,ForestWetPoor
1849987,Stellaria aquatica,ForestWetPoor
1849988,Stellaria aquatica,ForestWetPoor
1849989,Stellaria aquatica,ForestWetPoor
1849990,Stellaria aquatica,ForestWetPoor
1875318,Stellaria aquatica,ForestWetPoor
1877618,Stellaria aquatica,ForestWetPoor
1879916,Stellaria aquatica,ForestWetPoor
1882215,Stellaria aquatica,ForestWetPoor
1953371,Stellaria aquatica,ForestWetPoor
1953372,Stellaria aquatica,ForestWetPoor
1955669,Stellaria aquatica,ForestWetPoor
1955670,Stellaria aquatica,ForestWetPoor
1957969,Stellaria aquatica,ForestWetPoor
1957972,Stellaria aquatica,ForestWetPoor
1960269,Stellaria aquatica,ForestWetPoor
1962569,Stellaria aquatica,ForestWetPoor
1969465,Stellaria aquatica,ForestWetPoor
1971764,Stellaria aquatica,ForestWetPoor
1974064,Stellaria aquatica,ForestWetPoor
1976364,Stellaria aquatica,ForestWetPoor
1994964,Stellaria aquatica,ForestWetPoor
1994966,Stellaria aquatica,ForestWetPoor
1994967,Stellaria aquatica,ForestWetPoor
1997264,Stellaria aquatica,ForestWetPoor
1997265,Stellaria aquatica,ForestWetPoor
1997267,Stellaria aquatica,ForestWetPoor
1997268,Stellaria aquatica,ForestWetPoor
1999562,Stellaria aquatica,ForestWetPoor
1999565,Stellaria aquatica,ForestWetPoor
1999567,Stellaria aquatica,ForestWetPoor
2011067,Stellaria aquatica,ForestWetPoor
2119114,Stellaria aquatica,ForestWetPoor
2119115,Stellaria aquatica,ForestWetPoor
2121414,Stellaria aquatica,ForestWetPoor
2121415,Stellaria aquatica,ForestWetPoor
2123714,Stellaria aquatica,ForestWetPoor
2123715,Stellaria aquatica,ForestWetPoor
2124257,Stellaria aquatica,ForestWetPoor
2126557,Stellaria aquatica,ForestWetPoor
2126558,Stellaria aquatica,ForestWetPoor
2128854,Stellaria aquatica,ForestWetPoor
2128855,Stellaria aquatica,ForestWetPoor
2128856,Stellaria aquatica,ForestWetPoor
2128857,Stellaria aquatica,ForestWetPoor
2128858,Stellaria aquatica,ForestWetPoor
2131155,Stellaria aquatica,ForestWetPoor
2131156,Stellaria aquatica,ForestWetPoor
2131157,Stellaria aquatica,ForestWetPoor
2161021,Stellaria aquatica,ForestWetPoor
2163321,Stellaria aquatica,ForestWetPoor
2163385,Stellaria aquatica,ForestWetPoor
2165682,Stellaria aquatica,ForestWetPoor
2165683,Stellaria aquatica,ForestWetPoor
2165685,Stellaria aquatica,ForestWetPoor
2165686,Stellaria aquatica,ForestWetPoor
2167982,Stellaria aquatica,ForestWetPoor
2167983,Stellaria aquatica,ForestWetPoor
2167986,Stellaria aquatica,ForestWetPoor
2167987,Stellaria aquatica,ForestWetPoor
2169544,Stellaria aquatica,ForestWetPoor
2169545,Stellaria aquatica,ForestWetPoor
2170284,Stellaria aquatica,ForestWetPoor
2170286,Stellaria aquatica,ForestWetPoor
2172583,Stellaria aquatica,ForestWetPoor
2174305,Stellaria aquatica,ForestWetPoor
2176606,Stellaria aquatica,ForestWetPoor
2176607,Stellaria aquatica,ForestWetPoor
2177188,Stellaria aquatica,ForestWetPoor
2177192,Stellaria aquatica,ForestWetPoor
2177193,Stellaria aquatica,ForestWetPoor
2177194,Stellaria aquatica,ForestWetPoor
2178907,Stellaria aquatica,ForestWetPoor
2178908,Stellaria aquatica,ForestWetPoor
2179484,Stellaria aquatica,ForestWetPoor
2179485,Stellaria aquatica,ForestWetPoor
2179486,Stellaria aquatica,ForestWetPoor
2179487,Stellaria aquatica,ForestWetPoor
2179491,Stellaria aquatica,ForestWetPoor
2179492,Stellaria aquatica,ForestWetPoor
2179493,Stellaria aquatica,ForestWetPoor
2179494,Stellaria aquatica,ForestWetPoor
2179495,Stellaria aquatica,ForestWetPoor
2181787,Stellaria aquatica,ForestWetPoor
2181788,Stellaria aquatica,ForestWetPoor
2181791,Stellaria aquatica,ForestWetPoor
2181792,Stellaria aquatica,ForestWetPoor
2181793,Stellaria aquatica,ForestWetPoor
2181794,Stellaria aquatica,ForestWetPoor
2181795,Stellaria aquatica,ForestWetPoor
2184091,Stellaria aquatica,ForestWetPoor
2186393,Stellaria aquatica,ForestWetPoor
2193227,Stellaria aquatica,ForestWetPoor
2197799,Stellaria aquatica,ForestWetPoor
2197800,Stellaria aquatica,ForestWetPoor
2200125,Stellaria aquatica,ForestWetPoor
2200126,Stellaria aquatica,ForestWetPoor
2202424,Stellaria aquatica,ForestWetPoor
2202425,Stellaria aquatica,ForestWetPoor
2202426,Stellaria aquatica,ForestWetPoor
2204724,Stellaria aquatica,ForestWetPoor
2204725,Stellaria aquatica,ForestWetPoor
2204726,Stellaria aquatica,ForestWetPoor
2216208,Stellaria aquatica,ForestWetPoor
2218505,Stellaria aquatica,ForestWetPoor
2218509,Stellaria aquatica,ForestWetPoor
2223107,Stellaria aquatica,ForestWetPoor
2223108,Stellaria aquatica,ForestWetPoor
2225406,Stellaria aquatica,ForestWetPoor
2227703,Stellaria aquatica,ForestWetPoor
2230003,Stellaria aquatica,ForestWetPoor
2232304,Stellaria aquatica,ForestWetPoor
2233861,Stellaria aquatica,ForestWetPoor
2234604,Stellaria aquatica,ForestWetPoor
2236161,Stellaria aquatica,ForestWetPoor
2236162,Stellaria aquatica,ForestWetPoor
2239257,Stellaria aquatica,ForestWetPoor
2243857,Stellaria aquatica,ForestWetPoor
2246157,Stellaria aquatica,ForestWetPoor
2257702,Stellaria aquatica,ForestWetPoor
2282862,Stellaria aquatica,ForestWetPoor
2287537,Stellaria aquatica,ForestWetPoor
2289836,Stellaria aquatica,ForestWetPoor
2294439,Stellaria aquatica,ForestWetPoor
2296739,Stellaria aquatica,ForestWetPoor
2296740,Stellaria aquatica,ForestWetPoor
2299038,Stellaria aquatica,ForestWetPoor
2299040,Stellaria aquatica,ForestWetPoor
2301338,Stellaria aquatica,ForestWetPoor
2326619,Stellaria aquatica,ForestWetPoor
2328918,Stellaria aquatica,ForestWetPoor
2331217,Stellaria aquatica,ForestWetPoor
2335818,Stellaria aquatica,ForestWetPoor
2340533,Stellaria aquatica,ForestWetPoor
2342833,Stellaria aquatica,ForestWetPoor
2345133,Stellaria aquatica,ForestWetPoor
2358860,Stellaria aquatica,ForestWetPoor
2367998,Stellaria aquatica,ForestWetPoor
2368001,Stellaria aquatica,ForestWetPoor
2368002,Stellaria aquatica,ForestWetPoor
2370299,Stellaria aquatica,ForestWetPoor
2370300,Stellaria aquatica,ForestWetPoor
2370302,Stellaria aquatica,ForestWetPoor
2372599,Stellaria aquatica,ForestWetPoor
2372601,Stellaria aquatica,ForestWetPoor
2372602,Stellaria aquatica,ForestWetPoor
2379568,Stellaria aquatica,ForestWetPoor
2381832,Stellaria aquatica,ForestWetPoor
2384129,Stellaria aquatica,ForestWetPoor
2384132,Stellaria aquatica,ForestWetPoor
2386433,Stellaria aquatica,ForestWetPoor
2404853,Stellaria aquatica,ForestWetPoor
2407150,Stellaria aquatica,ForestWetPoor
2407151,Stellaria aquatica,ForestWetPoor
2407152,Stellaria aquatica,ForestWetPoor
2407154,Stellaria aquatica,ForestWetPoor
2409450,Stellaria aquatica,ForestWetPoor
2409451,Stellaria aquatica,ForestWetPoor
2414046,Stellaria aquatica,ForestWetPoor
2414047,Stellaria aquatica,ForestWetPoor
2416345,Stellaria aquatica,ForestWetPoor
2416346,Stellaria aquatica,ForestWetPoor
2418645,Stellaria aquatica,ForestWetPoor
2418646,Stellaria aquatica,ForestWetPoor
2420927,Stellaria aquatica,ForestWetPoor
2423227,Stellaria aquatica,ForestWetPoor
2425529,Stellaria aquatica,ForestWetPoor
2427075,Stellaria aquatica,ForestWetPoor
2429377,Stellaria aquatica,ForestWetPoor
2431676,Stellaria aquatica,ForestWetPoor
2433977,Stellaria aquatica,ForestWetPoor
2436276,Stellaria aquatica,ForestWetPoor
2436277,Stellaria aquatica,ForestWetPoor
2443859,Stellaria aquatica,ForestWetPoor
2444040,Stellaria aquatica,ForestWetPoor
2446337,Stellaria aquatica,ForestWetPoor
2446338,Stellaria aquatica,ForestWetPoor
2446339,Stellaria aquatica,ForestWetPoor
2446341,Stellaria aquatica,ForestWetPoor
2450794,Stellaria aquatica,ForestWetPoor
2453094,Stellaria aquatica,ForestWetPoor
2454779,Stellaria aquatica,ForestWetPoor
2454780,Stellaria aquatica,ForestWetPoor
2455394,Stellaria aquatica,ForestWetPoor
2456992,Stellaria aquatica,ForestWetPoor
2456993,Stellaria aquatica,ForestWetPoor
2457081,Stellaria aquatica,ForestWetPoor
2459291,Stellaria aquatica,ForestWetPoor
2459292,Stellaria aquatica,ForestWetPoor
2461591,Stellaria aquatica,ForestWetPoor
2461592,Stellaria aquatica,ForestWetPoor
2461593,Stellaria aquatica,ForestWetPoor
2461594,Stellaria aquatica,ForestWetPoor
2461595,Stellaria aquatica,ForestWetPoor
2461680,Stellaria aquatica,ForestWetPoor
2463891,Stellaria aquatica,ForestWetPoor
2463892,Stellaria aquatica,ForestWetPoor
2463893,Stellaria aquatica,ForestWetPoor
2463894,Stellaria aquatica,ForestWetPoor
2464561,Stellaria aquatica,ForestWetPoor
2466194,Stellaria aquatica,ForestWetPoor
2466918,Stellaria aquatica,ForestWetPoor
2469163,Stellaria aquatica,ForestWetPoor
2483112,Stellaria aquatica,ForestWetPoor
2485411,Stellaria aquatica,ForestWetPoor
2487711,Stellaria aquatica,ForestWetPoor
2487712,Stellaria aquatica,ForestWetPoor
2494518,Stellaria aquatica,ForestWetPoor
2494519,Stellaria aquatica,ForestWetPoor
2494529,Stellaria aquatica,ForestWetPoor
2496818,Stellaria aquatica,ForestWetPoor
2496820,Stellaria aquatica,ForestWetPoor
2501421,Stellaria aquatica,ForestWetPoor
2503836,Stellaria aquatica,ForestWetPoor
2503837,Stellaria aquatica,ForestWetPoor
2506138,Stellaria aquatica,ForestWetPoor
2510573,Stellaria aquatica,ForestWetPoor
2531316,Stellaria aquatica,ForestWetPoor
2533613,Stellaria aquatica,ForestWetPoor
2535915,Stellaria aquatica,ForestWetPoor
2538213,Stellaria aquatica,ForestWetPoor
2552008,Stellaria aquatica,ForestWetPoor
2553650,Stellaria aquatica,ForestWetPoor
2553651,Stellaria aquatica,ForestWetPoor
2554308,Stellaria aquatica,ForestWetPoor
2554309,Stellaria aquatica,ForestWetPoor
2555950,Stellaria aquatica,ForestWetPoor
2556607,Stellaria aquatica,ForestWetPoor
2556608,Stellaria aquatica,ForestWetPoor
2572740,Stellaria aquatica,ForestWetPoor
2572751,Stellaria aquatica,ForestWetPoor
2572752,Stellaria aquatica,ForestWetPoor
2572753,Stellaria aquatica,ForestWetPoor
2572754,Stellaria aquatica,ForestWetPoor
2575040,Stellaria aquatica,ForestWetPoor
2575041,Stellaria aquatica,ForestWetPoor
2581929,Stellaria aquatica,ForestWetPoor
2584229,Stellaria aquatica,ForestWetPoor
2584259,Stellaria aquatica,ForestWetPoor
2586529,Stellaria aquatica,ForestWetPoor
2586531,Stellaria aquatica,ForestWetPoor
2586556,Stellaria aquatica,ForestWetPoor
2586558,Stellaria aquatica,ForestWetPoor
2586559,Stellaria aquatica,ForestWetPoor
2588828,Stellaria aquatica,ForestWetPoor
2588829,Stellaria aquatica,ForestWetPoor
2588832,Stellaria aquatica,ForestWetPoor
2588854,Stellaria aquatica,ForestWetPoor
2588855,Stellaria aquatica,ForestWetPoor
2588856,Stellaria aquatica,ForestWetPoor
2588859,Stellaria aquatica,ForestWetPoor
2591127,Stellaria aquatica,ForestWetPoor
2591129,Stellaria aquatica,ForestWetPoor
2591130,Stellaria aquatica,ForestWetPoor
2591131,Stellaria aquatica,ForestWetPoor
2591143,Stellaria aquatica,ForestWetPoor
2591144,Stellaria aquatica,ForestWetPoor
2591154,Stellaria aquatica,ForestWetPoor
2591155,Stellaria aquatica,ForestWetPoor
2591156,Stellaria aquatica,ForestWetPoor
2593427,Stellaria aquatica,ForestWetPoor
2593428,Stellaria aquatica,ForestWetPoor
2593443,Stellaria aquatica,ForestWetPoor
2593444,Stellaria aquatica,ForestWetPoor
2593445,Stellaria aquatica,ForestWetPoor
2593450,Stellaria aquatica,ForestWetPoor
2593453,Stellaria aquatica,ForestWetPoor
2593454,Stellaria aquatica,ForestWetPoor
2593455,Stellaria aquatica,ForestWetPoor
2595727,Stellaria aquatica,ForestWetPoor
2595729,Stellaria aquatica,ForestWetPoor
2595743,Stellaria aquatica,ForestWetPoor
2595744,Stellaria aquatica,ForestWetPoor
2595746,Stellaria aquatica,ForestWetPoor
2595751,Stellaria aquatica,ForestWetPoor
2595752,Stellaria aquatica,ForestWetPoor
2595755,Stellaria aquatica,ForestWetPoor
2598028,Stellaria aquatica,ForestWetPoor
2598044,Stellaria aquatica,ForestWetPoor
2598050,Stellaria aquatica,ForestWetPoor
2598051,Stellaria aquatica,ForestWetPoor
2598052,Stellaria aquatica,ForestWetPoor
2600344,Stellaria aquatica,ForestWetPoor
2600348,Stellaria aquatica,ForestWetPoor
2600349,Stellaria aquatica,ForestWetPoor
2600350,Stellaria aquatica,ForestWetPoor
2600351,Stellaria aquatica,ForestWetPoor
2600352,Stellaria aquatica,ForestWetPoor
2602651,Stellaria aquatica,ForestWetPoor
2604951,Stellaria aquatica,ForestWetPoor
2607254,Stellaria aquatica,ForestWetPoor
2609553,Stellaria aquatica,ForestWetPoor
2616367,Stellaria aquatica,ForestWetPoor
2616368,Stellaria aquatica,ForestWetPoor
2618665,Stellaria aquatica,ForestWetPoor
2618666,Stellaria aquatica,ForestWetPoor
2618667,Stellaria aquatica,ForestWetPoor
2618668,Stellaria aquatica,ForestWetPoor
2620967,Stellaria aquatica,ForestWetPoor
2639469,Stellaria aquatica,ForestWetPoor
2650971,Stellaria aquatica,ForestWetPoor
2654846,Stellaria aquatica,ForestWetPoor
2654847,Stellaria aquatica,ForestWetPoor
2654849,Stellaria aquatica,ForestWetPoor
2657145,Stellaria aquatica,ForestWetPoor
2657147,Stellaria aquatica,ForestWetPoor
2660162,Stellaria aquatica,ForestWetPoor
2662450,Stellaria aquatica,ForestWetPoor
2664750,Stellaria aquatica,ForestWetPoor
2664759,Stellaria aquatica,ForestWetPoor
2664760,Stellaria aquatica,ForestWetPoor
2667050,Stellaria aquatica,ForestWetPoor
2667053,Stellaria aquatica,ForestWetPoor
2669353,Stellaria aquatica,ForestWetPoor
2680640,Stellaria aquatica,ForestWetPoor
2680641,Stellaria aquatica,ForestWetPoor
2682940,Stellaria aquatica,ForestWetPoor
2682941,Stellaria aquatica,ForestWetPoor
2682942,Stellaria aquatica,ForestWetPoor
2682947,Stellaria aquatica,ForestWetPoor
2685244,Stellaria aquatica,ForestWetPoor
2685247,Stellaria aquatica,ForestWetPoor
2687540,Stellaria aquatica,ForestWetPoor
2687541,Stellaria aquatica,ForestWetPoor
2687543,Stellaria aquatica,ForestWetPoor
2687544,Stellaria aquatica,ForestWetPoor
2687546,Stellaria aquatica,ForestWetPoor
2687547,Stellaria aquatica,ForestWetPoor
2687548,Stellaria aquatica,ForestWetPoor
2689840,Stellaria aquatica,ForestWetPoor
2689841,Stellaria aquatica,ForestWetPoor
2689842,Stellaria aquatica,ForestWetPoor
2689845,Stellaria aquatica,ForestWetPoor
2689846,Stellaria aquatica,ForestWetPoor
2692231,Stellaria aquatica,ForestWetPoor
2692232,Stellaria aquatica,ForestWetPoor
2701580,Stellaria aquatica,ForestWetPoor
2703645,Stellaria aquatica,ForestWetPoor
2703648,Stellaria aquatica,ForestWetPoor
2705946,Stellaria aquatica,ForestWetPoor
2705948,Stellaria aquatica,ForestWetPoor
2705949,Stellaria aquatica,ForestWetPoor
2706180,Stellaria aquatica,ForestWetPoor
2706181,Stellaria aquatica,ForestWetPoor
2708244,Stellaria aquatica,ForestWetPoor
2708247,Stellaria aquatica,ForestWetPoor
2708248,Stellaria aquatica,ForestWetPoor
2708481,Stellaria aquatica,ForestWetPoor
2708482,Stellaria aquatica,ForestWetPoor
2710544,Stellaria aquatica,ForestWetPoor
2710546,Stellaria aquatica,ForestWetPoor
2710547,Stellaria aquatica,ForestWetPoor
2710548,Stellaria aquatica,ForestWetPoor
2710549,Stellaria aquatica,ForestWetPoor
2710633,Stellaria aquatica,ForestWetPoor
2710644,Stellaria aquatica,ForestWetPoor
2710645,Stellaria aquatica,ForestWetPoor
2712845,Stellaria aquatica,ForestWetPoor
2712846,Stellaria aquatica,ForestWetPoor
2712847,Stellaria aquatica,ForestWetPoor
2712945,Stellaria aquatica,ForestWetPoor
2712946,Stellaria aquatica,ForestWetPoor
2715110,Stellaria aquatica,ForestWetPoor
2717409,Stellaria aquatica,ForestWetPoor
2717410,Stellaria aquatica,ForestWetPoor
2719709,Stellaria aquatica,ForestWetPoor
2719710,Stellaria aquatica,ForestWetPoor
2719711,Stellaria aquatica,ForestWetPoor
2722010,Stellaria aquatica,ForestWetPoor
2726779,Stellaria aquatica,ForestWetPoor
2726889,Stellaria aquatica,ForestWetPoor
2726890,Stellaria aquatica,ForestWetPoor
2728258,Stellaria aquatica,ForestWetPoor
2729186,Stellaria aquatica,ForestWetPoor
2729187,Stellaria aquatica,ForestWetPoor
2729189,Stellaria aquatica,ForestWetPoor
2729190,Stellaria aquatica,ForestWetPoor
2730556,Stellaria aquatica,ForestWetPoor
2731487,Stellaria aquatica,ForestWetPoor
2731488,Stellaria aquatica,ForestWetPoor
2731489,Stellaria aquatica,ForestWetPoor
2732856,Stellaria aquatica,ForestWetPoor
2733788,Stellaria aquatica,ForestWetPoor
2733789,Stellaria aquatica,ForestWetPoor
2733790,Stellaria aquatica,ForestWetPoor
2733791,Stellaria aquatica,ForestWetPoor
2736089,Stellaria aquatica,ForestWetPoor
2736090,Stellaria aquatica,ForestWetPoor
2736091,Stellaria aquatica,ForestWetPoor
2736092,Stellaria aquatica,ForestWetPoor
2738390,Stellaria aquatica,ForestWetPoor
2742812,Stellaria aquatica,ForestWetPoor
2742869,Stellaria aquatica,ForestWetPoor
2742870,Stellaria aquatica,ForestWetPoor
2742993,Stellaria aquatica,ForestWetPoor
2745112,Stellaria aquatica,ForestWetPoor
2745113,Stellaria aquatica,ForestWetPoor
2745169,Stellaria aquatica,ForestWetPoor
2745293,Stellaria aquatica,ForestWetPoor
2745294,Stellaria aquatica,ForestWetPoor
2747470,Stellaria aquatica,ForestWetPoor
2747474,Stellaria aquatica,ForestWetPoor
2758769,Stellaria aquatica,ForestWetPoor
2758770,Stellaria aquatica,ForestWetPoor
2758771,Stellaria aquatica,ForestWetPoor
2761068,Stellaria aquatica,ForestWetPoor
2761069,Stellaria aquatica,ForestWetPoor
2761070,Stellaria aquatica,ForestWetPoor
2761071,Stellaria aquatica,ForestWetPoor
2763369,Stellaria aquatica,ForestWetPoor
2763370,Stellaria aquatica,ForestWetPoor
2763371,Stellaria aquatica,ForestWetPoor
2763372,Stellaria aquatica,ForestWetPoor
2765668,Stellaria aquatica,ForestWetPoor
2765669,Stellaria aquatica,ForestWetPoor
2765670,Stellaria aquatica,ForestWetPoor
2765671,Stellaria aquatica,ForestWetPoor
2765673,Stellaria aquatica,ForestWetPoor
2765870,Stellaria aquatica,ForestWetPoor
2767968,Stellaria aquatica,ForestWetPoor
2767969,Stellaria aquatica,ForestWetPoor
2767970,Stellaria aquatica,ForestWetPoor
2767971,Stellaria aquatica,ForestWetPoor
2768170,Stellaria aquatica,ForestWetPoor
2770267,Stellaria aquatica,ForestWetPoor
2770269,Stellaria aquatica,ForestWetPoor
2770270,Stellaria aquatica,ForestWetPoor
2772569,Stellaria aquatica,ForestWetPoor
2772769,Stellaria aquatica,ForestWetPoor
2774867,Stellaria aquatica,ForestWetPoor
2776518,Stellaria aquatica,ForestWetPoor
2781116,Stellaria aquatica,ForestWetPoor
2781117,Stellaria aquatica,ForestWetPoor
2781118,Stellaria aquatica,ForestWetPoor
2783417,Stellaria aquatica,ForestWetPoor
2783418,Stellaria aquatica,ForestWetPoor
2795564,Stellaria aquatica,ForestWetPoor
2797863,Stellaria aquatica,ForestWetPoor
2800163,Stellaria aquatica,ForestWetPoor
2800164,Stellaria aquatica,ForestWetPoor
2800165,Stellaria aquatica,ForestWetPoor
2802462,Stellaria aquatica,ForestWetPoor
2802463,Stellaria aquatica,ForestWetPoor
2802464,Stellaria aquatica,ForestWetPoor
2802465,Stellaria aquatica,ForestWetPoor
2802656,Stellaria aquatica,ForestWetPoor
2802687,Stellaria aquatica,ForestWetPoor
2804761,Stellaria aquatica,ForestWetPoor
2804762,Stellaria aquatica,ForestWetPoor
2804763,Stellaria aquatica,ForestWetPoor
2804764,Stellaria aquatica,ForestWetPoor
2804766,Stellaria aquatica,ForestWetPoor
2804836,Stellaria aquatica,ForestWetPoor
2804845,Stellaria aquatica,ForestWetPoor
2807062,Stellaria aquatica,ForestWetPoor
2807063,Stellaria aquatica,ForestWetPoor
2807064,Stellaria aquatica,ForestWetPoor
2807065,Stellaria aquatica,ForestWetPoor
2807134,Stellaria aquatica,ForestWetPoor
2807135,Stellaria aquatica,ForestWetPoor
2807145,Stellaria aquatica,ForestWetPoor
2809360,Stellaria aquatica,ForestWetPoor
2809361,Stellaria aquatica,ForestWetPoor
2809362,Stellaria aquatica,ForestWetPoor
2809433,Stellaria aquatica,ForestWetPoor
2809434,Stellaria aquatica,ForestWetPoor
2809435,Stellaria aquatica,ForestWetPoor
2809445,Stellaria aquatica,ForestWetPoor
2809572,Stellaria aquatica,ForestWetPoor
2809591,Stellaria aquatica,ForestWetPoor
2809593,Stellaria aquatica,ForestWetPoor
2809594,Stellaria aquatica,ForestWetPoor
2811661,Stellaria aquatica,ForestWetPoor
2811662,Stellaria aquatica,ForestWetPoor
2811663,Stellaria aquatica,ForestWetPoor
2811723,Stellaria aquatica,ForestWetPoor
2811733,Stellaria aquatica,ForestWetPoor
2811734,Stellaria aquatica,ForestWetPoor
2811736,Stellaria aquatica,ForestWetPoor
2811737,Stellaria aquatica,ForestWetPoor
2811738,Stellaria aquatica,ForestWetPoor
2811744,Stellaria aquatica,ForestWetPoor
2811745,Stellaria aquatica,ForestWetPoor
2811872,Stellaria aquatica,ForestWetPoor
2813963,Stellaria aquatica,ForestWetPoor
2814033,Stellaria aquatica,ForestWetPoor
2814034,Stellaria aquatica,ForestWetPoor
2814035,Stellaria aquatica,ForestWetPoor
2814036,Stellaria aquatica,ForestWetPoor
2814037,Stellaria aquatica,ForestWetPoor
2814042,Stellaria aquatica,ForestWetPoor
2814045,Stellaria aquatica,ForestWetPoor
2814171,Stellaria aquatica,ForestWetPoor
2814172,Stellaria aquatica,ForestWetPoor
2816319,Stellaria aquatica,ForestWetPoor
2816334,Stellaria aquatica,ForestWetPoor
2816335,Stellaria aquatica,ForestWetPoor
2816336,Stellaria aquatica,ForestWetPoor
2816343,Stellaria aquatica,ForestWetPoor
2816345,Stellaria aquatica,ForestWetPoor
2818642,Stellaria aquatica,ForestWetPoor
2818644,Stellaria aquatica,ForestWetPoor
2818645,Stellaria aquatica,ForestWetPoor
2818646,Stellaria aquatica,ForestWetPoor
2820896,Stellaria aquatica,ForestWetPoor
2820897,Stellaria aquatica,ForestWetPoor
2820898,Stellaria aquatica,ForestWetPoor
2820942,Stellaria aquatica,ForestWetPoor
2820943,Stellaria aquatica,ForestWetPoor
2820944,Stellaria aquatica,ForestWetPoor
2820946,Stellaria aquatica,ForestWetPoor
2823194,Stellaria aquatica,ForestWetPoor
2823195,Stellaria aquatica,ForestWetPoor
2823197,Stellaria aquatica,ForestWetPoor
2823200,Stellaria aquatica,ForestWetPoor
2823243,Stellaria aquatica,ForestWetPoor
2823244,Stellaria aquatica,ForestWetPoor
2823245,Stellaria aquatica,ForestWetPoor
2825495,Stellaria aquatica,ForestWetPoor
2825496,Stellaria aquatica,ForestWetPoor
2827796,Stellaria aquatica,ForestWetPoor
2827797,Stellaria aquatica,ForestWetPoor
2827799,Stellaria aquatica,ForestWetPoor
2827800,Stellaria aquatica,ForestWetPoor
2830099,Stellaria aquatica,ForestWetPoor
2830151,Stellaria aquatica,ForestWetPoor
2830354,Stellaria aquatica,ForestWetPoor
2832654,Stellaria aquatica,ForestWetPoor
2832655,Stellaria aquatica,ForestWetPoor
2834952,Stellaria aquatica,ForestWetPoor
2834954,Stellaria aquatica,ForestWetPoor
2834955,Stellaria aquatica,ForestWetPoor
2837252,Stellaria aquatica,ForestWetPoor
2837253,Stellaria aquatica,ForestWetPoor
2837254,Stellaria aquatica,ForestWetPoor
2839457,Stellaria aquatica,ForestWetPoor
2839458,Stellaria aquatica,ForestWetPoor
2839552,Stellaria aquatica,ForestWetPoor
2839553,Stellaria aquatica,ForestWetPoor
2841757,Stellaria aquatica,ForestWetPoor
2841853,Stellaria aquatica,ForestWetPoor
2844151,Stellaria aquatica,ForestWetPoor
2848579,Stellaria aquatica,ForestWetPoor
2848580,Stellaria aquatica,ForestWetPoor
2848581,Stellaria aquatica,ForestWetPoor
2850879,Stellaria aquatica,ForestWetPoor
2850880,Stellaria aquatica,ForestWetPoor
2850881,Stellaria aquatica,ForestWetPoor
2852710,Stellaria aquatica,ForestWetPoor
2852711,Stellaria aquatica,ForestWetPoor
2853179,Stellaria aquatica,ForestWetPoor
2853180,Stellaria aquatica,ForestWetPoor
2853181,Stellaria aquatica,ForestWetPoor
2855009,Stellaria aquatica,ForestWetPoor
2855010,Stellaria aquatica,ForestWetPoor
2855011,Stellaria aquatica,ForestWetPoor
2855012,Stellaria aquatica,ForestWetPoor
2855069,Stellaria aquatica,ForestWetPoor
2855070,Stellaria aquatica,ForestWetPoor
2855071,Stellaria aquatica,ForestWetPoor
2855072,Stellaria aquatica,ForestWetPoor
2855541,Stellaria aquatica,ForestWetPoor
2857309,Stellaria aquatica,ForestWetPoor
2857310,Stellaria aquatica,ForestWetPoor
2857311,Stellaria aquatica,ForestWetPoor
2857312,Stellaria aquatica,ForestWetPoor
2857313,Stellaria aquatica,ForestWetPoor
2857369,Stellaria aquatica,ForestWetPoor
2857373,Stellaria aquatica,ForestWetPoor
2859361,Stellaria aquatica,ForestWetPoor
2859613,Stellaria aquatica,ForestWetPoor
2860138,Stellaria aquatica,ForestWetPoor
2861661,Stellaria aquatica,ForestWetPoor
2861912,Stellaria aquatica,ForestWetPoor
2861969,Stellaria aquatica,ForestWetPoor
2862261,Stellaria aquatica,ForestWetPoor
2862381,Stellaria aquatica,ForestWetPoor
2863961,Stellaria aquatica,ForestWetPoor
2864190,Stellaria aquatica,ForestWetPoor
2864191,Stellaria aquatica,ForestWetPoor
2864275,Stellaria aquatica,ForestWetPoor
2864560,Stellaria aquatica,ForestWetPoor
2864680,Stellaria aquatica,ForestWetPoor
2866261,Stellaria aquatica,ForestWetPoor
2866489,Stellaria aquatica,ForestWetPoor
2866491,Stellaria aquatica,ForestWetPoor
2866570,Stellaria aquatica,ForestWetPoor
2866572,Stellaria aquatica,ForestWetPoor
2866575,Stellaria aquatica,ForestWetPoor
2866576,Stellaria aquatica,ForestWetPoor
2868791,Stellaria aquatica,ForestWetPoor
2868792,Stellaria aquatica,ForestWetPoor
2868794,Stellaria aquatica,ForestWetPoor
2868796,Stellaria aquatica,ForestWetPoor
2868797,Stellaria aquatica,ForestWetPoor
2868798,Stellaria aquatica,ForestWetPoor
2868869,Stellaria aquatica,ForestWetPoor
2868876,Stellaria aquatica,ForestWetPoor
2868877,Stellaria aquatica,ForestWetPoor
2871092,Stellaria aquatica,ForestWetPoor
2871096,Stellaria aquatica,ForestWetPoor
2871097,Stellaria aquatica,ForestWetPoor
2871098,Stellaria aquatica,ForestWetPoor
2871177,Stellaria aquatica,ForestWetPoor
2871178,Stellaria aquatica,ForestWetPoor
2873472,Stellaria aquatica,ForestWetPoor
2873972,Stellaria aquatica,ForestWetPoor
2876050,Stellaria aquatica,ForestWetPoor
2876051,Stellaria aquatica,ForestWetPoor
2878349,Stellaria aquatica,ForestWetPoor
2880649,Stellaria aquatica,ForestWetPoor
2880650,Stellaria aquatica,ForestWetPoor
2882949,Stellaria aquatica,ForestWetPoor
2883239,Stellaria aquatica,ForestWetPoor
2884880,Stellaria aquatica,ForestWetPoor
2884881,Stellaria aquatica,ForestWetPoor
2885246,Stellaria aquatica,ForestWetPoor
2885247,Stellaria aquatica,ForestWetPoor
2885248,Stellaria aquatica,ForestWetPoor
2885249,Stellaria aquatica,ForestWetPoor
2885538,Stellaria aquatica,ForestWetPoor
2885539,Stellaria aquatica,ForestWetPoor
2887544,Stellaria aquatica,ForestWetPoor
2887546,Stellaria aquatica,ForestWetPoor
2887547,Stellaria aquatica,ForestWetPoor
2887548,Stellaria aquatica,ForestWetPoor
2887837,Stellaria aquatica,ForestWetPoor
2887838,Stellaria aquatica,ForestWetPoor
2887840,Stellaria aquatica,ForestWetPoor
2887841,Stellaria aquatica,ForestWetPoor
2887842,Stellaria aquatica,ForestWetPoor
2889845,Stellaria aquatica,ForestWetPoor
2889847,Stellaria aquatica,ForestWetPoor
2890136,Stellaria aquatica,ForestWetPoor
2890138,Stellaria aquatica,ForestWetPoor
2890141,Stellaria aquatica,ForestWetPoor
2890142,Stellaria aquatica,ForestWetPoor
2892144,Stellaria aquatica,ForestWetPoor
2892145,Stellaria aquatica,ForestWetPoor
2892146,Stellaria aquatica,ForestWetPoor
2892436,Stellaria aquatica,ForestWetPoor
2892439,Stellaria aquatica,ForestWetPoor
2892441,Stellaria aquatica,ForestWetPoor
2894445,Stellaria aquatica,ForestWetPoor
2894738,Stellaria aquatica,ForestWetPoor
2894739,Stellaria aquatica,ForestWetPoor
2894740,Stellaria aquatica,ForestWetPoor
2906074,Stellaria aquatica,ForestWetPoor
2926902,Stellaria aquatica,ForestWetPoor
2929198,Stellaria aquatica,ForestWetPoor
2929199,Stellaria aquatica,ForestWetPoor
2931277,Stellaria aquatica,ForestWetPoor
2931390,Stellaria aquatica,ForestWetPoor
2933799,Stellaria aquatica,ForestWetPoor
2935438,Stellaria aquatica,ForestWetPoor
2935439,Stellaria aquatica,ForestWetPoor
2935993,Stellaria aquatica,ForestWetPoor
2935994,Stellaria aquatica,ForestWetPoor
2937736,Stellaria aquatica,ForestWetPoor
2937738,Stellaria aquatica,ForestWetPoor
2937739,Stellaria aquatica,ForestWetPoor
2938293,Stellaria aquatica,ForestWetPoor
2938294,Stellaria aquatica,ForestWetPoor
2940036,Stellaria aquatica,ForestWetPoor
2944639,Stellaria aquatica,ForestWetPoor
2945197,Stellaria aquatica,ForestWetPoor
2946947,Stellaria aquatica,ForestWetPoor
2947417,Stellaria aquatica,ForestWetPoor
2947620,Stellaria aquatica,ForestWetPoor
2947621,Stellaria aquatica,ForestWetPoor
2949753,Stellaria aquatica,ForestWetPoor
2949920,Stellaria aquatica,ForestWetPoor
2949922,Stellaria aquatica,ForestWetPoor
2952052,Stellaria aquatica,ForestWetPoor
2952053,Stellaria aquatica,ForestWetPoor
2952223,Stellaria aquatica,ForestWetPoor
2954473,Stellaria aquatica,ForestWetPoor
2954523,Stellaria aquatica,ForestWetPoor
2958246,Stellaria aquatica,ForestWetPoor
2961371,Stellaria aquatica,ForestWetPoor
2967742,Stellaria aquatica,ForestWetPoor
2969947,Stellaria aquatica,ForestWetPoor
2970042,Stellaria aquatica,ForestWetPoor
2970045,Stellaria aquatica,ForestWetPoor
2974546,Stellaria aquatica,ForestWetPoor
2974645,Stellaria aquatica,ForestWetPoor
2974646,Stellaria aquatica,ForestWetPoor
2976945,Stellaria aquatica,ForestWetPoor
2976946,Stellaria aquatica,ForestWetPoor
2976947,Stellaria aquatica,ForestWetPoor
3006830,Stellaria aquatica,ForestWetPoor
3006831,Stellaria aquatica,ForestWetPoor
3006832,Stellaria aquatica,ForestWetPoor
3009133,Stellaria aquatica,ForestWetPoor
3009134,Stellaria aquatica,ForestWetPoor
3018329,Stellaria aquatica,ForestWetPoor
3018330,Stellaria aquatica,ForestWetPoor
3018331,Stellaria aquatica,ForestWetPoor
3020629,Stellaria aquatica,ForestWetPoor
3020630,Stellaria aquatica,ForestWetPoor
3020632,Stellaria aquatica,ForestWetPoor
3022930,Stellaria aquatica,ForestWetPoor
3022931,Stellaria aquatica,ForestWetPoor
3022932,Stellaria aquatica,ForestWetPoor
3025553,Stellaria aquatica,ForestWetPoor
3027852,Stellaria aquatica,ForestWetPoor
3027853,Stellaria aquatica,ForestWetPoor
3027854,Stellaria aquatica,ForestWetPoor
3030151,Stellaria aquatica,ForestWetPoor
3030152,Stellaria aquatica,ForestWetPoor
3030153,Stellaria aquatica,ForestWetPoor
3030154,Stellaria aquatica,ForestWetPoor
3034444,Stellaria aquatica,ForestWetPoor
3035064,Stellaria aquatica,ForestWetPoor
3036741,Stellaria aquatica,ForestWetPoor
3036742,Stellaria aquatica,ForestWetPoor
3036744,Stellaria aquatica,ForestWetPoor
3036745,Stellaria aquatica,ForestWetPoor
3037364,Stellaria aquatica,ForestWetPoor
3037365,Stellaria aquatica,ForestWetPoor
3039042,Stellaria aquatica,ForestWetPoor
3039043,Stellaria aquatica,ForestWetPoor
3039044,Stellaria aquatica,ForestWetPoor
3039071,Stellaria aquatica,ForestWetPoor
3039351,Stellaria aquatica,ForestWetPoor
3039352,Stellaria aquatica,ForestWetPoor
3039354,Stellaria aquatica,ForestWetPoor
3039664,Stellaria aquatica,ForestWetPoor
3039665,Stellaria aquatica,ForestWetPoor
3041370,Stellaria aquatica,ForestWetPoor
3041371,Stellaria aquatica,ForestWetPoor
3041372,Stellaria aquatica,ForestWetPoor
3041651,Stellaria aquatica,ForestWetPoor
3041652,Stellaria aquatica,ForestWetPoor
3041653,Stellaria aquatica,ForestWetPoor
3041654,Stellaria aquatica,ForestWetPoor
3043670,Stellaria aquatica,ForestWetPoor
3043671,Stellaria aquatica,ForestWetPoor
3043951,Stellaria aquatica,ForestWetPoor
3043952,Stellaria aquatica,ForestWetPoor
3044267,Stellaria aquatica,ForestWetPoor
3044268,Stellaria aquatica,ForestWetPoor
3045969,Stellaria aquatica,ForestWetPoor
3045970,Stellaria aquatica,ForestWetPoor
3046566,Stellaria aquatica,ForestWetPoor
3046567,Stellaria aquatica,ForestWetPoor
3046568,Stellaria aquatica,ForestWetPoor
3048269,Stellaria aquatica,ForestWetPoor
3048867,Stellaria aquatica,ForestWetPoor
3048868,Stellaria aquatica,ForestWetPoor
3060206,Stellaria aquatica,ForestWetPoor
3062507,Stellaria aquatica,ForestWetPoor
3064773,Stellaria aquatica,ForestWetPoor
3064808,Stellaria aquatica,ForestWetPoor
3067073,Stellaria aquatica,ForestWetPoor
3067074,Stellaria aquatica,ForestWetPoor
3067108,Stellaria aquatica,ForestWetPoor
3069372,Stellaria aquatica,ForestWetPoor
3071242,Stellaria aquatica,ForestWetPoor
3071243,Stellaria aquatica,ForestWetPoor
3071671,Stellaria aquatica,ForestWetPoor
3073542,Stellaria aquatica,ForestWetPoor
3073543,Stellaria aquatica,ForestWetPoor
3073544,Stellaria aquatica,ForestWetPoor
3075843,Stellaria aquatica,ForestWetPoor
3075844,Stellaria aquatica,ForestWetPoor
3075845,Stellaria aquatica,ForestWetPoor
3078143,Stellaria aquatica,ForestWetPoor
3078567,Stellaria aquatica,ForestWetPoor
3078568,Stellaria aquatica,ForestWetPoor
3078569,Stellaria aquatica,ForestWetPoor
3085357,Stellaria aquatica,ForestWetPoor
3085358,Stellaria aquatica,ForestWetPoor
3085359,Stellaria aquatica,ForestWetPoor
3087434,Stellaria aquatica,ForestWetPoor
3087435,Stellaria aquatica,ForestWetPoor
3087436,Stellaria aquatica,ForestWetPoor
3087438,Stellaria aquatica,ForestWetPoor
3087658,Stellaria aquatica,ForestWetPoor
3087659,Stellaria aquatica,ForestWetPoor
3087970,Stellaria aquatica,ForestWetPoor
3089502,Stellaria aquatica,ForestWetPoor
3089507,Stellaria aquatica,ForestWetPoor
3089508,Stellaria aquatica,ForestWetPoor
3089509,Stellaria aquatica,ForestWetPoor
3089510,Stellaria aquatica,ForestWetPoor
3089734,Stellaria aquatica,ForestWetPoor
3089735,Stellaria aquatica,ForestWetPoor
3089736,Stellaria aquatica,ForestWetPoor
3089737,Stellaria aquatica,ForestWetPoor
3089738,Stellaria aquatica,ForestWetPoor
3090268,Stellaria aquatica,ForestWetPoor
3091801,Stellaria aquatica,ForestWetPoor
3091803,Stellaria aquatica,ForestWetPoor
3091804,Stellaria aquatica,ForestWetPoor
3091807,Stellaria aquatica,ForestWetPoor
3091808,Stellaria aquatica,ForestWetPoor
3092034,Stellaria aquatica,ForestWetPoor
3092035,Stellaria aquatica,ForestWetPoor
3092036,Stellaria aquatica,ForestWetPoor
3092037,Stellaria aquatica,ForestWetPoor
3092038,Stellaria aquatica,ForestWetPoor
3092039,Stellaria aquatica,ForestWetPoor
3092040,Stellaria aquatica,ForestWetPoor
3092568,Stellaria aquatica,ForestWetPoor
3094101,Stellaria aquatica,ForestWetPoor
3094102,Stellaria aquatica,ForestWetPoor
3094103,Stellaria aquatica,ForestWetPoor
3094104,Stellaria aquatica,ForestWetPoor
3094105,Stellaria aquatica,ForestWetPoor
3094338,Stellaria aquatica,ForestWetPoor
3094339,Stellaria aquatica,ForestWetPoor
3094867,Stellaria aquatica,ForestWetPoor
3094868,Stellaria aquatica,ForestWetPoor
3096401,Stellaria aquatica,ForestWetPoor
3096403,Stellaria aquatica,ForestWetPoor
3096634,Stellaria aquatica,ForestWetPoor
3096635,Stellaria aquatica,ForestWetPoor
3096637,Stellaria aquatica,ForestWetPoor
3096639,Stellaria aquatica,ForestWetPoor
3096640,Stellaria aquatica,ForestWetPoor
3097167,Stellaria aquatica,ForestWetPoor
3097168,Stellaria aquatica,ForestWetPoor
3098701,Stellaria aquatica,ForestWetPoor
3098934,Stellaria aquatica,ForestWetPoor
3098935,Stellaria aquatica,ForestWetPoor
3098936,Stellaria aquatica,ForestWetPoor
3098939,Stellaria aquatica,ForestWetPoor
3098940,Stellaria aquatica,ForestWetPoor
3103537,Stellaria aquatica,ForestWetPoor
3104018,Stellaria aquatica,ForestWetPoor
3105600,Stellaria aquatica,ForestWetPoor
3106319,Stellaria aquatica,ForestWetPoor
3107900,Stellaria aquatica,ForestWetPoor
3110780,Stellaria aquatica,ForestWetPoor
3115379,Stellaria aquatica,ForestWetPoor
3128766,Stellaria aquatica,ForestWetPoor
3129184,Stellaria aquatica,ForestWetPoor
3129185,Stellaria aquatica,ForestWetPoor
3129186,Stellaria aquatica,ForestWetPoor
3129359,Stellaria aquatica,ForestWetPoor
3131455,Stellaria aquatica,ForestWetPoor
3131483,Stellaria aquatica,ForestWetPoor
3131484,Stellaria aquatica,ForestWetPoor
3131659,Stellaria aquatica,ForestWetPoor
3133459,Stellaria aquatica,ForestWetPoor
3133460,Stellaria aquatica,ForestWetPoor
3133787,Stellaria aquatica,ForestWetPoor
3133959,Stellaria aquatica,ForestWetPoor
3135525,Stellaria aquatica,ForestWetPoor
3135664,Stellaria aquatica,ForestWetPoor
3135758,Stellaria aquatica,ForestWetPoor
3136259,Stellaria aquatica,ForestWetPoor
3137964,Stellaria aquatica,ForestWetPoor
3137965,Stellaria aquatica,ForestWetPoor
3138059,Stellaria aquatica,ForestWetPoor
3138385,Stellaria aquatica,ForestWetPoor
3138559,Stellaria aquatica,ForestWetPoor
3140265,Stellaria aquatica,ForestWetPoor
3140359,Stellaria aquatica,ForestWetPoor
3140360,Stellaria aquatica,ForestWetPoor
3142563,Stellaria aquatica,ForestWetPoor
3142565,Stellaria aquatica,ForestWetPoor
3142661,Stellaria aquatica,ForestWetPoor
3144863,Stellaria aquatica,ForestWetPoor
3147161,Stellaria aquatica,ForestWetPoor
3147166,Stellaria aquatica,ForestWetPoor
3149570,Stellaria aquatica,ForestWetPoor
3151868,Stellaria aquatica,ForestWetPoor
3151870,Stellaria aquatica,ForestWetPoor
3153918,Stellaria aquatica,ForestWetPoor
3154172,Stellaria aquatica,ForestWetPoor
3154173,Stellaria aquatica,ForestWetPoor
3154175,Stellaria aquatica,ForestWetPoor
3156475,Stellaria aquatica,ForestWetPoor
3156476,Stellaria aquatica,ForestWetPoor
3156813,Stellaria aquatica,ForestWetPoor
3156814,Stellaria aquatica,ForestWetPoor
3163732,Stellaria aquatica,ForestWetPoor
3168332,Stellaria aquatica,ForestWetPoor
3168334,Stellaria aquatica,ForestWetPoor
3170633,Stellaria aquatica,ForestWetPoor
3170634,Stellaria aquatica,ForestWetPoor
3170635,Stellaria aquatica,ForestWetPoor
3170636,Stellaria aquatica,ForestWetPoor
3170637,Stellaria aquatica,ForestWetPoor
3172933,Stellaria aquatica,ForestWetPoor
3172934,Stellaria aquatica,ForestWetPoor
3172935,Stellaria aquatica,ForestWetPoor
3172936,Stellaria aquatica,ForestWetPoor
3172937,Stellaria aquatica,ForestWetPoor
3172938,Stellaria aquatica,ForestWetPoor
3174746,Stellaria aquatica,ForestWetPoor
3174881,Stellaria aquatica,ForestWetPoor
3175234,Stellaria aquatica,ForestWetPoor
3175235,Stellaria aquatica,ForestWetPoor
3175236,Stellaria aquatica,ForestWetPoor
3175237,Stellaria aquatica,ForestWetPoor
3177044,Stellaria aquatica,ForestWetPoor
3177180,Stellaria aquatica,ForestWetPoor
3177537,Stellaria aquatica,ForestWetPoor
3179344,Stellaria aquatica,ForestWetPoor
3183943,Stellaria aquatica,ForestWetPoor
3184438,Stellaria aquatica,ForestWetPoor
3186243,Stellaria aquatica,ForestWetPoor
3186244,Stellaria aquatica,ForestWetPoor
3186737,Stellaria aquatica,ForestWetPoor
3188542,Stellaria aquatica,ForestWetPoor
3189039,Stellaria aquatica,ForestWetPoor
3190841,Stellaria aquatica,ForestWetPoor
3190842,Stellaria aquatica,ForestWetPoor
3190984,Stellaria aquatica,ForestWetPoor
3190985,Stellaria aquatica,ForestWetPoor
3191337,Stellaria aquatica,ForestWetPoor
3191339,Stellaria aquatica,ForestWetPoor
3191340,Stellaria aquatica,ForestWetPoor
3193141,Stellaria aquatica,ForestWetPoor
3193285,Stellaria aquatica,ForestWetPoor
3193631,Stellaria aquatica,ForestWetPoor
3193637,Stellaria aquatica,ForestWetPoor
3193639,Stellaria aquatica,ForestWetPoor
3193640,Stellaria aquatica,ForestWetPoor
3193650,Stellaria aquatica,ForestWetPoor
3195440,Stellaria aquatica,ForestWetPoor
3195443,Stellaria aquatica,ForestWetPoor
3195586,Stellaria aquatica,ForestWetPoor
3195906,Stellaria aquatica,ForestWetPoor
3195907,Stellaria aquatica,ForestWetPoor
3195932,Stellaria aquatica,ForestWetPoor
3197641,Stellaria aquatica,ForestWetPoor
3198206,Stellaria aquatica,ForestWetPoor
3198207,Stellaria aquatica,ForestWetPoor
3199942,Stellaria aquatica,ForestWetPoor
3200042,Stellaria aquatica,ForestWetPoor
3200506,Stellaria aquatica,ForestWetPoor
3200507,Stellaria aquatica,ForestWetPoor
3202243,Stellaria aquatica,ForestWetPoor
3202844,Stellaria aquatica,ForestWetPoor
3205142,Stellaria aquatica,ForestWetPoor
3207442,Stellaria aquatica,ForestWetPoor
3207446,Stellaria aquatica,ForestWetPoor
3209742,Stellaria aquatica,ForestWetPoor
3209743,Stellaria aquatica,ForestWetPoor
3209746,Stellaria aquatica,ForestWetPoor
3216132,Stellaria aquatica,ForestWetPoor
3216133,Stellaria aquatica,ForestWetPoor
3216134,Stellaria aquatica,ForestWetPoor
3216135,Stellaria aquatica,ForestWetPoor
3216608,Stellaria aquatica,ForestWetPoor
3218431,Stellaria aquatica,ForestWetPoor
3218432,Stellaria aquatica,ForestWetPoor
3218434,Stellaria aquatica,ForestWetPoor
3218908,Stellaria aquatica,ForestWetPoor
3220729,Stellaria aquatica,ForestWetPoor
3220730,Stellaria aquatica,ForestWetPoor
3220731,Stellaria aquatica,ForestWetPoor
3220733,Stellaria aquatica,ForestWetPoor
3221208,Stellaria aquatica,ForestWetPoor
3223029,Stellaria aquatica,ForestWetPoor
3223030,Stellaria aquatica,ForestWetPoor
3223507,Stellaria aquatica,ForestWetPoor
3225330,Stellaria aquatica,ForestWetPoor
3225331,Stellaria aquatica,ForestWetPoor
3225332,Stellaria aquatica,ForestWetPoor
3234566,Stellaria aquatica,ForestWetPoor
3236828,Stellaria aquatica,ForestWetPoor
3236829,Stellaria aquatica,ForestWetPoor
3239127,Stellaria aquatica,ForestWetPoor
3239128,Stellaria aquatica,ForestWetPoor
3239129,Stellaria aquatica,ForestWetPoor
3239167,Stellaria aquatica,ForestWetPoor
3241427,Stellaria aquatica,ForestWetPoor
3262091,Stellaria aquatica,ForestWetPoor
3264391,Stellaria aquatica,ForestWetPoor
3266693,Stellaria aquatica,ForestWetPoor
3273593,Stellaria aquatica,ForestWetPoor
3275892,Stellaria aquatica,ForestWetPoor
3276398,Stellaria aquatica,ForestWetPoor
3278698,Stellaria aquatica,ForestWetPoor
3278731,Stellaria aquatica,ForestWetPoor
3278733,Stellaria aquatica,ForestWetPoor
3280300,Stellaria aquatica,ForestWetPoor
3280303,Stellaria aquatica,ForestWetPoor
3280304,Stellaria aquatica,ForestWetPoor
3280556,Stellaria aquatica,ForestWetPoor
3280557,Stellaria aquatica,ForestWetPoor
3282604,Stellaria aquatica,ForestWetPoor
3282610,Stellaria aquatica,ForestWetPoor
3282611,Stellaria aquatica,ForestWetPoor
3284910,Stellaria aquatica,ForestWetPoor
3287454,Stellaria aquatica,ForestWetPoor
3291755,Stellaria aquatica,ForestWetPoor
3291811,Stellaria aquatica,ForestWetPoor
3308143,Stellaria aquatica,ForestWetPoor
3310441,Stellaria aquatica,ForestWetPoor
3310442,Stellaria aquatica,ForestWetPoor
3310444,Stellaria aquatica,ForestWetPoor
3310445,Stellaria aquatica,ForestWetPoor
3312739,Stellaria aquatica,ForestWetPoor
3312740,Stellaria aquatica,ForestWetPoor
3315539,Stellaria aquatica,ForestWetPoor
3317288,Stellaria aquatica,ForestWetPoor
3317840,Stellaria aquatica,ForestWetPoor
3320153,Stellaria aquatica,ForestWetPoor
3322452,Stellaria aquatica,ForestWetPoor
3322456,Stellaria aquatica,ForestWetPoor
3322457,Stellaria aquatica,ForestWetPoor
3324755,Stellaria aquatica,ForestWetPoor
3327055,Stellaria aquatica,ForestWetPoor
3327056,Stellaria aquatica,ForestWetPoor
3327057,Stellaria aquatica,ForestWetPoor
3327058,Stellaria aquatica,ForestWetPoor
3329354,Stellaria aquatica,ForestWetPoor
3329355,Stellaria aquatica,ForestWetPoor
3329357,Stellaria aquatica,ForestWetPoor
3331721,Stellaria aquatica,ForestWetPoor
3331722,Stellaria aquatica,ForestWetPoor
3334019,Stellaria aquatica,ForestWetPoor
3334021,Stellaria aquatica,ForestWetPoor
3334022,Stellaria aquatica,ForestWetPoor
3337987,Stellaria aquatica,ForestWetPoor
3337988,Stellaria aquatica,ForestWetPoor
3340285,Stellaria aquatica,ForestWetPoor
3340286,Stellaria aquatica,ForestWetPoor
3340287,Stellaria aquatica,ForestWetPoor
3340289,Stellaria aquatica,ForestWetPoor
3342585,Stellaria aquatica,ForestWetPoor
3342586,Stellaria aquatica,ForestWetPoor
3342587,Stellaria aquatica,ForestWetPoor
3342588,Stellaria aquatica,ForestWetPoor
3344885,Stellaria aquatica,ForestWetPoor
3344888,Stellaria aquatica,ForestWetPoor
3345415,Stellaria aquatica,ForestWetPoor
3347186,Stellaria aquatica,ForestWetPoor
3347187,Stellaria aquatica,ForestWetPoor
3347188,Stellaria aquatica,ForestWetPoor
3347717,Stellaria aquatica,ForestWetPoor
3350014,Stellaria aquatica,ForestWetPoor
3350015,Stellaria aquatica,ForestWetPoor
3350016,Stellaria aquatica,ForestWetPoor
3352316,Stellaria aquatica,ForestWetPoor
3366191,Stellaria aquatica,ForestWetPoor
3375366,Stellaria aquatica,ForestWetPoor
3382331,Stellaria aquatica,ForestWetPoor
3384631,Stellaria aquatica,ForestWetPoor
3386296,Stellaria aquatica,ForestWetPoor
3386499,Stellaria aquatica,ForestWetPoor
3388596,Stellaria aquatica,ForestWetPoor
3388597,Stellaria aquatica,ForestWetPoor
3390896,Stellaria aquatica,ForestWetPoor
3390961,Stellaria aquatica,ForestWetPoor
3390962,Stellaria aquatica,ForestWetPoor
3393260,Stellaria aquatica,ForestWetPoor
3393261,Stellaria aquatica,ForestWetPoor
3393262,Stellaria aquatica,ForestWetPoor
3393263,Stellaria aquatica,ForestWetPoor
3404801,Stellaria aquatica,ForestWetPoor
3405328,Stellaria aquatica,ForestWetPoor
3407574,Stellaria aquatica,ForestWetPoor
3407577,Stellaria aquatica,ForestWetPoor
3407628,Stellaria aquatica,ForestWetPoor
3409400,Stellaria aquatica,ForestWetPoor
3409401,Stellaria aquatica,ForestWetPoor
3409875,Stellaria aquatica,ForestWetPoor
3409929,Stellaria aquatica,ForestWetPoor
3411700,Stellaria aquatica,ForestWetPoor
3426019,Stellaria aquatica,ForestWetPoor
3426020,Stellaria aquatica,ForestWetPoor
3426022,Stellaria aquatica,ForestWetPoor
3428321,Stellaria aquatica,ForestWetPoor
3428322,Stellaria aquatica,ForestWetPoor
3430620,Stellaria aquatica,ForestWetPoor
3430621,Stellaria aquatica,ForestWetPoor
3430622,Stellaria aquatica,ForestWetPoor
3435222,Stellaria aquatica,ForestWetPoor
3437490,Stellaria aquatica,ForestWetPoor
3437491,Stellaria aquatica,ForestWetPoor
3437522,Stellaria aquatica,ForestWetPoor
3439790,Stellaria aquatica,ForestWetPoor
3439793,Stellaria aquatica,ForestWetPoor
3442123,Stellaria aquatica,ForestWetPoor
3442124,Stellaria aquatica,ForestWetPoor
3451328,Stellaria aquatica,ForestWetPoor
3453543,Stellaria aquatica,ForestWetPoor
3455841,Stellaria aquatica,ForestWetPoor
3455842,Stellaria aquatica,ForestWetPoor
3455843,Stellaria aquatica,ForestWetPoor
3457631,Stellaria aquatica,ForestWetPoor
3458141,Stellaria aquatica,ForestWetPoor
3458142,Stellaria aquatica,ForestWetPoor
3458143,Stellaria aquatica,ForestWetPoor
3459930,Stellaria aquatica,ForestWetPoor
3460441,Stellaria aquatica,ForestWetPoor
3460442,Stellaria aquatica,ForestWetPoor
3460443,Stellaria aquatica,ForestWetPoor
3462233,Stellaria aquatica,ForestWetPoor
3462235,Stellaria aquatica,ForestWetPoor
3462742,Stellaria aquatica,ForestWetPoor
3492670,Stellaria aquatica,ForestWetPoor
3494958,Stellaria aquatica,ForestWetPoor
3494959,Stellaria aquatica,ForestWetPoor
3494969,Stellaria aquatica,ForestWetPoor
3494970,Stellaria aquatica,ForestWetPoor
3495074,Stellaria aquatica,ForestWetPoor
3497257,Stellaria aquatica,ForestWetPoor
3497258,Stellaria aquatica,ForestWetPoor
3497260,Stellaria aquatica,ForestWetPoor
3497269,Stellaria aquatica,ForestWetPoor
3497270,Stellaria aquatica,ForestWetPoor
3497375,Stellaria aquatica,ForestWetPoor
3499556,Stellaria aquatica,ForestWetPoor
3499557,Stellaria aquatica,ForestWetPoor
3499560,Stellaria aquatica,ForestWetPoor
3499561,Stellaria aquatica,ForestWetPoor
3499572,Stellaria aquatica,ForestWetPoor
3499573,Stellaria aquatica,ForestWetPoor
3501859,Stellaria aquatica,ForestWetPoor
3501860,Stellaria aquatica,ForestWetPoor
3501861,Stellaria aquatica,ForestWetPoor
3501862,Stellaria aquatica,ForestWetPoor
3501870,Stellaria aquatica,ForestWetPoor
3501871,Stellaria aquatica,ForestWetPoor
3501872,Stellaria aquatica,ForestWetPoor
3501873,Stellaria aquatica,ForestWetPoor
3501874,Stellaria aquatica,ForestWetPoor
3504160,Stellaria aquatica,ForestWetPoor
3504161,Stellaria aquatica,ForestWetPoor
3504162,Stellaria aquatica,ForestWetPoor
3504172,Stellaria aquatica,ForestWetPoor
3504173,Stellaria aquatica,ForestWetPoor
3506461,Stellaria aquatica,ForestWetPoor
3506462,Stellaria aquatica,ForestWetPoor
3506472,Stellaria aquatica,ForestWetPoor
3506473,Stellaria aquatica,ForestWetPoor
3508769,Stellaria aquatica,ForestWetPoor
3508771,Stellaria aquatica,ForestWetPoor
3508772,Stellaria aquatica,ForestWetPoor
3508773,Stellaria aquatica,ForestWetPoor
3508774,Stellaria aquatica,ForestWetPoor
3511070,Stellaria aquatica,ForestWetPoor
3511074,Stellaria aquatica,ForestWetPoor
3511075,Stellaria aquatica,ForestWetPoor
3515673,Stellaria aquatica,ForestWetPoor
3520250,Stellaria aquatica,ForestWetPoor
3522551,Stellaria aquatica,ForestWetPoor
3524851,Stellaria aquatica,ForestWetPoor
3524852,Stellaria aquatica,ForestWetPoor
3527152,Stellaria aquatica,ForestWetPoor
3529453,Stellaria aquatica,ForestWetPoor
3529454,Stellaria aquatica,ForestWetPoor
3540157,Stellaria aquatica,ForestWetPoor
3614220,Stellaria aquatica,ForestWetPoor
3614221,Stellaria aquatica,ForestWetPoor
3616521,Stellaria aquatica,ForestWetPoor
3618819,Stellaria aquatica,ForestWetPoor
3618820,Stellaria aquatica,ForestWetPoor
3618821,Stellaria aquatica,ForestWetPoor
3621119,Stellaria aquatica,ForestWetPoor
3621120,Stellaria aquatica,ForestWetPoor
3623852,Stellaria aquatica,ForestWetPoor
3623853,Stellaria aquatica,ForestWetPoor
3626151,Stellaria aquatica,ForestWetPoor
3626152,Stellaria aquatica,ForestWetPoor
3626153,Stellaria aquatica,ForestWetPoor
3626154,Stellaria aquatica,ForestWetPoor
3628452,Stellaria aquatica,ForestWetPoor
3628454,Stellaria aquatica,ForestWetPoor
3630612,Stellaria aquatica,ForestWetPoor
3632912,Stellaria aquatica,ForestWetPoor
3632913,Stellaria aquatica,ForestWetPoor
3632914,Stellaria aquatica,ForestWetPoor
3635212,Stellaria aquatica,ForestWetPoor
3635214,Stellaria aquatica,ForestWetPoor
3635215,Stellaria aquatica,ForestWetPoor
3710991,Stellaria aquatica,ForestWetPoor
3715590,Stellaria aquatica,ForestWetPoor
3717889,Stellaria aquatica,ForestWetPoor
3717890,Stellaria aquatica,ForestWetPoor
3747882,Stellaria aquatica,ForestWetPoor
3747883,Stellaria aquatica,ForestWetPoor
3747884,Stellaria aquatica,ForestWetPoor
3750182,Stellaria aquatica,ForestWetPoor
3750183,Stellaria aquatica,ForestWetPoor
3757178,Stellaria aquatica,ForestWetPoor
3768679,Stellaria aquatica,ForestWetPoor
3768680,Stellaria aquatica,ForestWetPoor
3768681,Stellaria aquatica,ForestWetPoor
3771037,Stellaria aquatica,ForestWetPoor
3771038,Stellaria aquatica,ForestWetPoor
3773338,Stellaria aquatica,ForestWetPoor
3775639,Stellaria aquatica,ForestWetPoor
3788974,Stellaria aquatica,ForestWetPoor
3788975,Stellaria aquatica,ForestWetPoor
3789368,Stellaria aquatica,ForestWetPoor
3791275,Stellaria aquatica,ForestWetPoor
3791668,Stellaria aquatica,ForestWetPoor
3791669,Stellaria aquatica,ForestWetPoor
3837623,Stellaria aquatica,ForestWetPoor
3858296,Stellaria aquatica,ForestWetPoor
3860595,Stellaria aquatica,ForestWetPoor
3862895,Stellaria aquatica,ForestWetPoor
3865196,Stellaria aquatica,ForestWetPoor
3865197,Stellaria aquatica,ForestWetPoor
3865198,Stellaria aquatica,ForestWetPoor
3867442,Stellaria aquatica,ForestWetPoor
3867496,Stellaria aquatica,ForestWetPoor
3867497,Stellaria aquatica,ForestWetPoor
3867498,Stellaria aquatica,ForestWetPoor
3867499,Stellaria aquatica,ForestWetPoor
3872032,Stellaria aquatica,ForestWetPoor
3888276,Stellaria aquatica,ForestWetPoor
3892877,Stellaria aquatica,ForestWetPoor
3892878,Stellaria aquatica,ForestWetPoor
3904334,Stellaria aquatica,ForestWetPoor
3904338,Stellaria aquatica,ForestWetPoor
3906635,Stellaria aquatica,ForestWetPoor
3906636,Stellaria aquatica,ForestWetPoor
3906637,Stellaria aquatica,ForestWetPoor
3906638,Stellaria aquatica,ForestWetPoor
3908936,Stellaria aquatica,ForestWetPoor
3911151,Stellaria aquatica,ForestWetPoor
3911177,Stellaria aquatica,ForestWetPoor
3911178,Stellaria aquatica,ForestWetPoor
3961760,Stellaria aquatica,ForestWetPoor
3966360,Stellaria aquatica,ForestWetPoor
3966361,Stellaria aquatica,ForestWetPoor
3980085,Stellaria aquatica,ForestWetPoor
3980086,Stellaria aquatica,ForestWetPoor
3980170,Stellaria aquatica,ForestWetPoor
3982384,Stellaria aquatica,ForestWetPoor
3982385,Stellaria aquatica,ForestWetPoor
3982386,Stellaria aquatica,ForestWetPoor
3982387,Stellaria aquatica,ForestWetPoor
3982471,Stellaria aquatica,ForestWetPoor
3982472,Stellaria aquatica,ForestWetPoor
3984684,Stellaria aquatica,ForestWetPoor
3984685,Stellaria aquatica,ForestWetPoor
3984686,Stellaria aquatica,ForestWetPoor
3984688,Stellaria aquatica,ForestWetPoor
3986986,Stellaria aquatica,ForestWetPoor
3986987,Stellaria aquatica,ForestWetPoor
3986988,Stellaria aquatica,ForestWetPoor
3989285,Stellaria aquatica,ForestWetPoor
