189372,Urtica urens,ForestWetPoor
189373,Urtica urens,ForestWetPoor
191671,Urtica urens,ForestWetPoor
191672,Urtica urens,ForestWetPoor
191673,Urtica urens,ForestWetPoor
258319,Urtica urens,ForestWetPoor
258322,Urtica urens,ForestWetPoor
258323,Urtica urens,ForestWetPoor
260619,Urtica urens,ForestWetPoor
260621,Urtica urens,ForestWetPoor
260622,Urtica urens,ForestWetPoor
260623,Urtica urens,ForestWetPoor
262920,Urtica urens,ForestWetPoor
262921,Urtica urens,ForestWetPoor
267554,Urtica urens,ForestWetPoor
274455,Urtica urens,ForestWetPoor
299650,Urtica urens,ForestWetPoor
301949,Urtica urens,ForestWetPoor
301950,Urtica urens,ForestWetPoor
301952,Urtica urens,ForestWetPoor
301955,Urtica urens,ForestWetPoor
301956,Urtica urens,ForestWetPoor
304220,Urtica urens,ForestWetPoor
304250,Urtica urens,ForestWetPoor
304251,Urtica urens,ForestWetPoor
304252,Urtica urens,ForestWetPoor
304253,Urtica urens,ForestWetPoor
304256,Urtica urens,ForestWetPoor
304257,Urtica urens,ForestWetPoor
304258,Urtica urens,ForestWetPoor
306519,Urtica urens,ForestWetPoor
306520,Urtica urens,ForestWetPoor
306549,Urtica urens,ForestWetPoor
306550,Urtica urens,ForestWetPoor
306551,Urtica urens,ForestWetPoor
306552,Urtica urens,ForestWetPoor
306556,Urtica urens,ForestWetPoor
306558,Urtica urens,ForestWetPoor
308849,Urtica urens,ForestWetPoor
308850,Urtica urens,ForestWetPoor
308851,Urtica urens,ForestWetPoor
308852,Urtica urens,ForestWetPoor
308856,Urtica urens,ForestWetPoor
368765,Urtica urens,ForestWetPoor
371064,Urtica urens,ForestWetPoor
371065,Urtica urens,ForestWetPoor
371066,Urtica urens,ForestWetPoor
373365,Urtica urens,ForestWetPoor
373366,Urtica urens,ForestWetPoor
373367,Urtica urens,ForestWetPoor
375495,Urtica urens,ForestWetPoor
375664,Urtica urens,ForestWetPoor
375665,Urtica urens,ForestWetPoor
375667,Urtica urens,ForestWetPoor
375668,Urtica urens,ForestWetPoor
377794,Urtica urens,ForestWetPoor
377795,Urtica urens,ForestWetPoor
377796,Urtica urens,ForestWetPoor
377964,Urtica urens,ForestWetPoor
377965,Urtica urens,ForestWetPoor
380093,Urtica urens,ForestWetPoor
380095,Urtica urens,ForestWetPoor
380096,Urtica urens,ForestWetPoor
391780,Urtica urens,ForestWetPoor
391781,Urtica urens,ForestWetPoor
400979,Urtica urens,ForestWetPoor
405401,Urtica urens,ForestWetPoor
541285,Urtica urens,ForestWetPoor
543585,Urtica urens,ForestWetPoor
543586,Urtica urens,ForestWetPoor
545885,Urtica urens,ForestWetPoor
545888,Urtica urens,ForestWetPoor
548185,Urtica urens,ForestWetPoor
548188,Urtica urens,ForestWetPoor
550487,Urtica urens,ForestWetPoor
577906,Urtica urens,ForestWetPoor
577907,Urtica urens,ForestWetPoor
589359,Urtica urens,ForestWetPoor
591659,Urtica urens,ForestWetPoor
591660,Urtica urens,ForestWetPoor
593959,Urtica urens,ForestWetPoor
593960,Urtica urens,ForestWetPoor
596259,Urtica urens,ForestWetPoor
596260,Urtica urens,ForestWetPoor
596261,Urtica urens,ForestWetPoor
610115,Urtica urens,ForestWetPoor
614718,Urtica urens,ForestWetPoor
617017,Urtica urens,ForestWetPoor
635756,Urtica urens,ForestWetPoor
635757,Urtica urens,ForestWetPoor
638057,Urtica urens,ForestWetPoor
647087,Urtica urens,ForestWetPoor
647215,Urtica urens,ForestWetPoor
649388,Urtica urens,ForestWetPoor
649515,Urtica urens,ForestWetPoor
649516,Urtica urens,ForestWetPoor
651814,Urtica urens,ForestWetPoor
653987,Urtica urens,ForestWetPoor
654114,Urtica urens,ForestWetPoor
683847,Urtica urens,ForestWetPoor
683848,Urtica urens,ForestWetPoor
686147,Urtica urens,ForestWetPoor
688446,Urtica urens,ForestWetPoor
688447,Urtica urens,ForestWetPoor
702435,Urtica urens,ForestWetPoor
707037,Urtica urens,ForestWetPoor
707038,Urtica urens,ForestWetPoor
709335,Urtica urens,ForestWetPoor
709336,Urtica urens,ForestWetPoor
709337,Urtica urens,ForestWetPoor
711634,Urtica urens,ForestWetPoor
711635,Urtica urens,ForestWetPoor
711636,Urtica urens,ForestWetPoor
731955,Urtica urens,ForestWetPoor
731956,Urtica urens,ForestWetPoor
731957,Urtica urens,ForestWetPoor
734254,Urtica urens,ForestWetPoor
734256,Urtica urens,ForestWetPoor
734257,Urtica urens,ForestWetPoor
734258,Urtica urens,ForestWetPoor
736554,Urtica urens,ForestWetPoor
736555,Urtica urens,ForestWetPoor
736556,Urtica urens,ForestWetPoor
736557,Urtica urens,ForestWetPoor
736558,Urtica urens,ForestWetPoor
738854,Urtica urens,ForestWetPoor
738855,Urtica urens,ForestWetPoor
738856,Urtica urens,ForestWetPoor
738857,Urtica urens,ForestWetPoor
738889,Urtica urens,ForestWetPoor
738890,Urtica urens,ForestWetPoor
741155,Urtica urens,ForestWetPoor
741156,Urtica urens,ForestWetPoor
741157,Urtica urens,ForestWetPoor
741382,Urtica urens,ForestWetPoor
741383,Urtica urens,ForestWetPoor
743489,Urtica urens,ForestWetPoor
743490,Urtica urens,ForestWetPoor
745789,Urtica urens,ForestWetPoor
745790,Urtica urens,ForestWetPoor
745791,Urtica urens,ForestWetPoor
745792,Urtica urens,ForestWetPoor
759585,Urtica urens,ForestWetPoor
759586,Urtica urens,ForestWetPoor
761885,Urtica urens,ForestWetPoor
761886,Urtica urens,ForestWetPoor
761887,Urtica urens,ForestWetPoor
764184,Urtica urens,ForestWetPoor
764185,Urtica urens,ForestWetPoor
764186,Urtica urens,ForestWetPoor
764187,Urtica urens,ForestWetPoor
764188,Urtica urens,ForestWetPoor
766484,Urtica urens,ForestWetPoor
766485,Urtica urens,ForestWetPoor
766486,Urtica urens,ForestWetPoor
766487,Urtica urens,ForestWetPoor
768784,Urtica urens,ForestWetPoor
768785,Urtica urens,ForestWetPoor
768786,Urtica urens,ForestWetPoor
768787,Urtica urens,ForestWetPoor
782670,Urtica urens,ForestWetPoor
784969,Urtica urens,ForestWetPoor
794030,Urtica urens,ForestWetPoor
796329,Urtica urens,ForestWetPoor
798630,Urtica urens,ForestWetPoor
798632,Urtica urens,ForestWetPoor
798633,Urtica urens,ForestWetPoor
800929,Urtica urens,ForestWetPoor
800930,Urtica urens,ForestWetPoor
800931,Urtica urens,ForestWetPoor
800932,Urtica urens,ForestWetPoor
800933,Urtica urens,ForestWetPoor
803229,Urtica urens,ForestWetPoor
803230,Urtica urens,ForestWetPoor
803231,Urtica urens,ForestWetPoor
803232,Urtica urens,ForestWetPoor
812519,Urtica urens,ForestWetPoor
812520,Urtica urens,ForestWetPoor
816980,Urtica urens,ForestWetPoor
821580,Urtica urens,ForestWetPoor
826182,Urtica urens,ForestWetPoor
840245,Urtica urens,ForestWetPoor
840246,Urtica urens,ForestWetPoor
842547,Urtica urens,ForestWetPoor
844844,Urtica urens,ForestWetPoor
844845,Urtica urens,ForestWetPoor
844848,Urtica urens,ForestWetPoor
847144,Urtica urens,ForestWetPoor
847145,Urtica urens,ForestWetPoor
847147,Urtica urens,ForestWetPoor
847148,Urtica urens,ForestWetPoor
858565,Urtica urens,ForestWetPoor
860864,Urtica urens,ForestWetPoor
860865,Urtica urens,ForestWetPoor
862990,Urtica urens,ForestWetPoor
862991,Urtica urens,ForestWetPoor
863165,Urtica urens,ForestWetPoor
863166,Urtica urens,ForestWetPoor
865289,Urtica urens,ForestWetPoor
865290,Urtica urens,ForestWetPoor
865292,Urtica urens,ForestWetPoor
865465,Urtica urens,ForestWetPoor
865466,Urtica urens,ForestWetPoor
865467,Urtica urens,ForestWetPoor
867589,Urtica urens,ForestWetPoor
867590,Urtica urens,ForestWetPoor
867591,Urtica urens,ForestWetPoor
867592,Urtica urens,ForestWetPoor
867593,Urtica urens,ForestWetPoor
869889,Urtica urens,ForestWetPoor
869890,Urtica urens,ForestWetPoor
869891,Urtica urens,ForestWetPoor
869892,Urtica urens,ForestWetPoor
869893,Urtica urens,ForestWetPoor
872189,Urtica urens,ForestWetPoor
872190,Urtica urens,ForestWetPoor
872191,Urtica urens,ForestWetPoor
874490,Urtica urens,ForestWetPoor
874491,Urtica urens,ForestWetPoor
876789,Urtica urens,ForestWetPoor
876790,Urtica urens,ForestWetPoor
876791,Urtica urens,ForestWetPoor
876792,Urtica urens,ForestWetPoor
879089,Urtica urens,ForestWetPoor
879091,Urtica urens,ForestWetPoor
879092,Urtica urens,ForestWetPoor
879093,Urtica urens,ForestWetPoor
881389,Urtica urens,ForestWetPoor
881390,Urtica urens,ForestWetPoor
881391,Urtica urens,ForestWetPoor
881392,Urtica urens,ForestWetPoor
881393,Urtica urens,ForestWetPoor
883690,Urtica urens,ForestWetPoor
883691,Urtica urens,ForestWetPoor
883692,Urtica urens,ForestWetPoor
886040,Urtica urens,ForestWetPoor
886041,Urtica urens,ForestWetPoor
886110,Urtica urens,ForestWetPoor
886111,Urtica urens,ForestWetPoor
888339,Urtica urens,ForestWetPoor
888340,Urtica urens,ForestWetPoor
888341,Urtica urens,ForestWetPoor
888342,Urtica urens,ForestWetPoor
888409,Urtica urens,ForestWetPoor
888412,Urtica urens,ForestWetPoor
890639,Urtica urens,ForestWetPoor
890640,Urtica urens,ForestWetPoor
890641,Urtica urens,ForestWetPoor
890642,Urtica urens,ForestWetPoor
890643,Urtica urens,ForestWetPoor
890709,Urtica urens,ForestWetPoor
890711,Urtica urens,ForestWetPoor
890712,Urtica urens,ForestWetPoor
892939,Urtica urens,ForestWetPoor
892941,Urtica urens,ForestWetPoor
892942,Urtica urens,ForestWetPoor
893009,Urtica urens,ForestWetPoor
893010,Urtica urens,ForestWetPoor
893011,Urtica urens,ForestWetPoor
893012,Urtica urens,ForestWetPoor
895239,Urtica urens,ForestWetPoor
895240,Urtica urens,ForestWetPoor
895241,Urtica urens,ForestWetPoor
895309,Urtica urens,ForestWetPoor
895310,Urtica urens,ForestWetPoor
895311,Urtica urens,ForestWetPoor
895312,Urtica urens,ForestWetPoor
897366,Urtica urens,ForestWetPoor
899665,Urtica urens,ForestWetPoor
899667,Urtica urens,ForestWetPoor
901965,Urtica urens,ForestWetPoor
901966,Urtica urens,ForestWetPoor
901967,Urtica urens,ForestWetPoor
901968,Urtica urens,ForestWetPoor
902246,Urtica urens,ForestWetPoor
904264,Urtica urens,ForestWetPoor
904265,Urtica urens,ForestWetPoor
904266,Urtica urens,ForestWetPoor
904268,Urtica urens,ForestWetPoor
904545,Urtica urens,ForestWetPoor
904564,Urtica urens,ForestWetPoor
904565,Urtica urens,ForestWetPoor
904567,Urtica urens,ForestWetPoor
906564,Urtica urens,ForestWetPoor
906565,Urtica urens,ForestWetPoor
906566,Urtica urens,ForestWetPoor
906567,Urtica urens,ForestWetPoor
906864,Urtica urens,ForestWetPoor
906867,Urtica urens,ForestWetPoor
909055,Urtica urens,ForestWetPoor
909056,Urtica urens,ForestWetPoor
911354,Urtica urens,ForestWetPoor
911355,Urtica urens,ForestWetPoor
911356,Urtica urens,ForestWetPoor
911357,Urtica urens,ForestWetPoor
913654,Urtica urens,ForestWetPoor
913655,Urtica urens,ForestWetPoor
913656,Urtica urens,ForestWetPoor
913657,Urtica urens,ForestWetPoor
915954,Urtica urens,ForestWetPoor
915956,Urtica urens,ForestWetPoor
915957,Urtica urens,ForestWetPoor
915958,Urtica urens,ForestWetPoor
918254,Urtica urens,ForestWetPoor
920303,Urtica urens,ForestWetPoor
920304,Urtica urens,ForestWetPoor
920305,Urtica urens,ForestWetPoor
922605,Urtica urens,ForestWetPoor
922606,Urtica urens,ForestWetPoor
924902,Urtica urens,ForestWetPoor
924906,Urtica urens,ForestWetPoor
946046,Urtica urens,ForestWetPoor
946047,Urtica urens,ForestWetPoor
948344,Urtica urens,ForestWetPoor
948346,Urtica urens,ForestWetPoor
948347,Urtica urens,ForestWetPoor
948348,Urtica urens,ForestWetPoor
950645,Urtica urens,ForestWetPoor
950646,Urtica urens,ForestWetPoor
950648,Urtica urens,ForestWetPoor
952944,Urtica urens,ForestWetPoor
952945,Urtica urens,ForestWetPoor
952946,Urtica urens,ForestWetPoor
952947,Urtica urens,ForestWetPoor
954895,Urtica urens,ForestWetPoor
954896,Urtica urens,ForestWetPoor
955000,Urtica urens,ForestWetPoor
955001,Urtica urens,ForestWetPoor
955245,Urtica urens,ForestWetPoor
955246,Urtica urens,ForestWetPoor
957194,Urtica urens,ForestWetPoor
957195,Urtica urens,ForestWetPoor
957299,Urtica urens,ForestWetPoor
957300,Urtica urens,ForestWetPoor
957544,Urtica urens,ForestWetPoor
959599,Urtica urens,ForestWetPoor
959600,Urtica urens,ForestWetPoor
961796,Urtica urens,ForestWetPoor
961899,Urtica urens,ForestWetPoor
961900,Urtica urens,ForestWetPoor
961901,Urtica urens,ForestWetPoor
962084,Urtica urens,ForestWetPoor
962085,Urtica urens,ForestWetPoor
964095,Urtica urens,ForestWetPoor
964200,Urtica urens,ForestWetPoor
964201,Urtica urens,ForestWetPoor
964384,Urtica urens,ForestWetPoor
964385,Urtica urens,ForestWetPoor
964386,Urtica urens,ForestWetPoor
964387,Urtica urens,ForestWetPoor
982655,Urtica urens,ForestWetPoor
982656,Urtica urens,ForestWetPoor
982657,Urtica urens,ForestWetPoor
982658,Urtica urens,ForestWetPoor
984586,Urtica urens,ForestWetPoor
984588,Urtica urens,ForestWetPoor
984634,Urtica urens,ForestWetPoor
984954,Urtica urens,ForestWetPoor
984955,Urtica urens,ForestWetPoor
984956,Urtica urens,ForestWetPoor
984957,Urtica urens,ForestWetPoor
984958,Urtica urens,ForestWetPoor
986886,Urtica urens,ForestWetPoor
986914,Urtica urens,ForestWetPoor
986915,Urtica urens,ForestWetPoor
987254,Urtica urens,ForestWetPoor
987255,Urtica urens,ForestWetPoor
996238,Urtica urens,ForestWetPoor
1000792,Urtica urens,ForestWetPoor
1003091,Urtica urens,ForestWetPoor
1003092,Urtica urens,ForestWetPoor
1005310,Urtica urens,ForestWetPoor
1005311,Urtica urens,ForestWetPoor
1005389,Urtica urens,ForestWetPoor
1005390,Urtica urens,ForestWetPoor
1007689,Urtica urens,ForestWetPoor
1009989,Urtica urens,ForestWetPoor
1023985,Urtica urens,ForestWetPoor
1026284,Urtica urens,ForestWetPoor
1026285,Urtica urens,ForestWetPoor
1026286,Urtica urens,ForestWetPoor
1026287,Urtica urens,ForestWetPoor
1028584,Urtica urens,ForestWetPoor
1028585,Urtica urens,ForestWetPoor
1028586,Urtica urens,ForestWetPoor
1028587,Urtica urens,ForestWetPoor
1028588,Urtica urens,ForestWetPoor
1030884,Urtica urens,ForestWetPoor
1030887,Urtica urens,ForestWetPoor
1030888,Urtica urens,ForestWetPoor
1033187,Urtica urens,ForestWetPoor
1095502,Urtica urens,ForestWetPoor
1097799,Urtica urens,ForestWetPoor
1097800,Urtica urens,ForestWetPoor
1097802,Urtica urens,ForestWetPoor
1100100,Urtica urens,ForestWetPoor
1100102,Urtica urens,ForestWetPoor
1100103,Urtica urens,ForestWetPoor
1102399,Urtica urens,ForestWetPoor
1102402,Urtica urens,ForestWetPoor
1115955,Urtica urens,ForestWetPoor
1115956,Urtica urens,ForestWetPoor
1118254,Urtica urens,ForestWetPoor
1118255,Urtica urens,ForestWetPoor
1118257,Urtica urens,ForestWetPoor
1120554,Urtica urens,ForestWetPoor
1120556,Urtica urens,ForestWetPoor
1120557,Urtica urens,ForestWetPoor
1120558,Urtica urens,ForestWetPoor
1122854,Urtica urens,ForestWetPoor
1122856,Urtica urens,ForestWetPoor
1122857,Urtica urens,ForestWetPoor
1122858,Urtica urens,ForestWetPoor
1125155,Urtica urens,ForestWetPoor
1125156,Urtica urens,ForestWetPoor
1125157,Urtica urens,ForestWetPoor
1127421,Urtica urens,ForestWetPoor
1129721,Urtica urens,ForestWetPoor
1129722,Urtica urens,ForestWetPoor
1132021,Urtica urens,ForestWetPoor
1132022,Urtica urens,ForestWetPoor
1132023,Urtica urens,ForestWetPoor
1134320,Urtica urens,ForestWetPoor
1134321,Urtica urens,ForestWetPoor
1134322,Urtica urens,ForestWetPoor
1134323,Urtica urens,ForestWetPoor
1136620,Urtica urens,ForestWetPoor
1136621,Urtica urens,ForestWetPoor
1136622,Urtica urens,ForestWetPoor
1139175,Urtica urens,ForestWetPoor
1139176,Urtica urens,ForestWetPoor
1141474,Urtica urens,ForestWetPoor
1141475,Urtica urens,ForestWetPoor
1141476,Urtica urens,ForestWetPoor
1141477,Urtica urens,ForestWetPoor
1143774,Urtica urens,ForestWetPoor
1143775,Urtica urens,ForestWetPoor
1143776,Urtica urens,ForestWetPoor
1143777,Urtica urens,ForestWetPoor
1143778,Urtica urens,ForestWetPoor
1146075,Urtica urens,ForestWetPoor
1146076,Urtica urens,ForestWetPoor
1146077,Urtica urens,ForestWetPoor
1146078,Urtica urens,ForestWetPoor
1148375,Urtica urens,ForestWetPoor
1152520,Urtica urens,ForestWetPoor
1154820,Urtica urens,ForestWetPoor
1164219,Urtica urens,ForestWetPoor
1164220,Urtica urens,ForestWetPoor
1166519,Urtica urens,ForestWetPoor
1166523,Urtica urens,ForestWetPoor
1168823,Urtica urens,ForestWetPoor
1173301,Urtica urens,ForestWetPoor
1175601,Urtica urens,ForestWetPoor
1175602,Urtica urens,ForestWetPoor
1177902,Urtica urens,ForestWetPoor
1177903,Urtica urens,ForestWetPoor
1180200,Urtica urens,ForestWetPoor
1180201,Urtica urens,ForestWetPoor
1182499,Urtica urens,ForestWetPoor
1182500,Urtica urens,ForestWetPoor
1182501,Urtica urens,ForestWetPoor
1182502,Urtica urens,ForestWetPoor
1184928,Urtica urens,ForestWetPoor
1184929,Urtica urens,ForestWetPoor
1184930,Urtica urens,ForestWetPoor
1185215,Urtica urens,ForestWetPoor
1185216,Urtica urens,ForestWetPoor
1187229,Urtica urens,ForestWetPoor
1187230,Urtica urens,ForestWetPoor
1187231,Urtica urens,ForestWetPoor
1187514,Urtica urens,ForestWetPoor
1187515,Urtica urens,ForestWetPoor
1187516,Urtica urens,ForestWetPoor
1187517,Urtica urens,ForestWetPoor
1189529,Urtica urens,ForestWetPoor
1189530,Urtica urens,ForestWetPoor
1189814,Urtica urens,ForestWetPoor
1189815,Urtica urens,ForestWetPoor
1189816,Urtica urens,ForestWetPoor
1189817,Urtica urens,ForestWetPoor
1189818,Urtica urens,ForestWetPoor
1191829,Urtica urens,ForestWetPoor
1192114,Urtica urens,ForestWetPoor
1192115,Urtica urens,ForestWetPoor
1192116,Urtica urens,ForestWetPoor
1192117,Urtica urens,ForestWetPoor
1192118,Urtica urens,ForestWetPoor
1194128,Urtica urens,ForestWetPoor
1194129,Urtica urens,ForestWetPoor
1194414,Urtica urens,ForestWetPoor
1194415,Urtica urens,ForestWetPoor
1194416,Urtica urens,ForestWetPoor
1194417,Urtica urens,ForestWetPoor
1214548,Urtica urens,ForestWetPoor
1219535,Urtica urens,ForestWetPoor
1221835,Urtica urens,ForestWetPoor
1237859,Urtica urens,ForestWetPoor
1251545,Urtica urens,ForestWetPoor
1251546,Urtica urens,ForestWetPoor
1251547,Urtica urens,ForestWetPoor
1258264,Urtica urens,ForestWetPoor
1260564,Urtica urens,ForestWetPoor
1260634,Urtica urens,ForestWetPoor
1262934,Urtica urens,ForestWetPoor
1267903,Urtica urens,ForestWetPoor
1274627,Urtica urens,ForestWetPoor
1288125,Urtica urens,ForestWetPoor
1288126,Urtica urens,ForestWetPoor
1288720,Urtica urens,ForestWetPoor
1290427,Urtica urens,ForestWetPoor
1291019,Urtica urens,ForestWetPoor
1291020,Urtica urens,ForestWetPoor
1295620,Urtica urens,ForestWetPoor
1297919,Urtica urens,ForestWetPoor
1302339,Urtica urens,ForestWetPoor
1311106,Urtica urens,ForestWetPoor
1313407,Urtica urens,ForestWetPoor
1313699,Urtica urens,ForestWetPoor
1313956,Urtica urens,ForestWetPoor
1316001,Urtica urens,ForestWetPoor
1316002,Urtica urens,ForestWetPoor
1316003,Urtica urens,ForestWetPoor
1316140,Urtica urens,ForestWetPoor
1316142,Urtica urens,ForestWetPoor
1316143,Urtica urens,ForestWetPoor
1316256,Urtica urens,ForestWetPoor
1318301,Urtica urens,ForestWetPoor
1318302,Urtica urens,ForestWetPoor
1318303,Urtica urens,ForestWetPoor
1318440,Urtica urens,ForestWetPoor
1318555,Urtica urens,ForestWetPoor
1320601,Urtica urens,ForestWetPoor
1320602,Urtica urens,ForestWetPoor
1320741,Urtica urens,ForestWetPoor
1320854,Urtica urens,ForestWetPoor
1320855,Urtica urens,ForestWetPoor
1325144,Urtica urens,ForestWetPoor
1325354,Urtica urens,ForestWetPoor
1327445,Urtica urens,ForestWetPoor
1327654,Urtica urens,ForestWetPoor
1327655,Urtica urens,ForestWetPoor
1329955,Urtica urens,ForestWetPoor
1329975,Urtica urens,ForestWetPoor
1334440,Urtica urens,ForestWetPoor
1334441,Urtica urens,ForestWetPoor
1339040,Urtica urens,ForestWetPoor
1339042,Urtica urens,ForestWetPoor
1339043,Urtica urens,ForestWetPoor
1346210,Urtica urens,ForestWetPoor
1346211,Urtica urens,ForestWetPoor
1348509,Urtica urens,ForestWetPoor
1348510,Urtica urens,ForestWetPoor
1348511,Urtica urens,ForestWetPoor
1348512,Urtica urens,ForestWetPoor
1350809,Urtica urens,ForestWetPoor
1350810,Urtica urens,ForestWetPoor
1350811,Urtica urens,ForestWetPoor
1350812,Urtica urens,ForestWetPoor
1350813,Urtica urens,ForestWetPoor
1353109,Urtica urens,ForestWetPoor
1353110,Urtica urens,ForestWetPoor
1353112,Urtica urens,ForestWetPoor
1355409,Urtica urens,ForestWetPoor
1355410,Urtica urens,ForestWetPoor
1355412,Urtica urens,ForestWetPoor
1371295,Urtica urens,ForestWetPoor
1371484,Urtica urens,ForestWetPoor
1373596,Urtica urens,ForestWetPoor
1373784,Urtica urens,ForestWetPoor
1375896,Urtica urens,ForestWetPoor
1405729,Urtica urens,ForestWetPoor
1405730,Urtica urens,ForestWetPoor
1405732,Urtica urens,ForestWetPoor
1408029,Urtica urens,ForestWetPoor
1408030,Urtica urens,ForestWetPoor
1408031,Urtica urens,ForestWetPoor
1408032,Urtica urens,ForestWetPoor
1408033,Urtica urens,ForestWetPoor
1410329,Urtica urens,ForestWetPoor
1410330,Urtica urens,ForestWetPoor
1410331,Urtica urens,ForestWetPoor
1410332,Urtica urens,ForestWetPoor
1410333,Urtica urens,ForestWetPoor
1412629,Urtica urens,ForestWetPoor
1412630,Urtica urens,ForestWetPoor
1412631,Urtica urens,ForestWetPoor
1412632,Urtica urens,ForestWetPoor
1426691,Urtica urens,ForestWetPoor
1426735,Urtica urens,ForestWetPoor
1426736,Urtica urens,ForestWetPoor
1429034,Urtica urens,ForestWetPoor
1429035,Urtica urens,ForestWetPoor
1429036,Urtica urens,ForestWetPoor
1429037,Urtica urens,ForestWetPoor
1431292,Urtica urens,ForestWetPoor
1431334,Urtica urens,ForestWetPoor
1431336,Urtica urens,ForestWetPoor
1431337,Urtica urens,ForestWetPoor
1433634,Urtica urens,ForestWetPoor
1433636,Urtica urens,ForestWetPoor
1433637,Urtica urens,ForestWetPoor
1433638,Urtica urens,ForestWetPoor
1435892,Urtica urens,ForestWetPoor
1435934,Urtica urens,ForestWetPoor
1435935,Urtica urens,ForestWetPoor
1435936,Urtica urens,ForestWetPoor
1439949,Urtica urens,ForestWetPoor
1442249,Urtica urens,ForestWetPoor
1442649,Urtica urens,ForestWetPoor
1442650,Urtica urens,ForestWetPoor
1442651,Urtica urens,ForestWetPoor
1442652,Urtica urens,ForestWetPoor
1442653,Urtica urens,ForestWetPoor
1444549,Urtica urens,ForestWetPoor
1444550,Urtica urens,ForestWetPoor
1446849,Urtica urens,ForestWetPoor
1447224,Urtica urens,ForestWetPoor
1449271,Urtica urens,ForestWetPoor
1451572,Urtica urens,ForestWetPoor
1453870,Urtica urens,ForestWetPoor
1453871,Urtica urens,ForestWetPoor
1453872,Urtica urens,ForestWetPoor
1456170,Urtica urens,ForestWetPoor
1456171,Urtica urens,ForestWetPoor
1456173,Urtica urens,ForestWetPoor
1456345,Urtica urens,ForestWetPoor
1458472,Urtica urens,ForestWetPoor
1467699,Urtica urens,ForestWetPoor
1469999,Urtica urens,ForestWetPoor
1476821,Urtica urens,ForestWetPoor
1490982,Urtica urens,ForestWetPoor
1495735,Urtica urens,ForestWetPoor
1497586,Urtica urens,ForestWetPoor
1497587,Urtica urens,ForestWetPoor
1498035,Urtica urens,ForestWetPoor
1502634,Urtica urens,ForestWetPoor
1502635,Urtica urens,ForestWetPoor
1504485,Urtica urens,ForestWetPoor
1504934,Urtica urens,ForestWetPoor
1504935,Urtica urens,ForestWetPoor
1506580,Urtica urens,ForestWetPoor
1508879,Urtica urens,ForestWetPoor
1508881,Urtica urens,ForestWetPoor
1511179,Urtica urens,ForestWetPoor
1511180,Urtica urens,ForestWetPoor
1511181,Urtica urens,ForestWetPoor
1511182,Urtica urens,ForestWetPoor
1511183,Urtica urens,ForestWetPoor
1513479,Urtica urens,ForestWetPoor
1513481,Urtica urens,ForestWetPoor
1513482,Urtica urens,ForestWetPoor
1513483,Urtica urens,ForestWetPoor
1515781,Urtica urens,ForestWetPoor
1515782,Urtica urens,ForestWetPoor
1518730,Urtica urens,ForestWetPoor
1518731,Urtica urens,ForestWetPoor
1520767,Urtica urens,ForestWetPoor
1521029,Urtica urens,ForestWetPoor
1521030,Urtica urens,ForestWetPoor
1521032,Urtica urens,ForestWetPoor
1523066,Urtica urens,ForestWetPoor
1523067,Urtica urens,ForestWetPoor
1523068,Urtica urens,ForestWetPoor
1523329,Urtica urens,ForestWetPoor
1523333,Urtica urens,ForestWetPoor
1525366,Urtica urens,ForestWetPoor
1525629,Urtica urens,ForestWetPoor
1525630,Urtica urens,ForestWetPoor
1525631,Urtica urens,ForestWetPoor
1525633,Urtica urens,ForestWetPoor
1527666,Urtica urens,ForestWetPoor
1527667,Urtica urens,ForestWetPoor
1527929,Urtica urens,ForestWetPoor
1527930,Urtica urens,ForestWetPoor
1536604,Urtica urens,ForestWetPoor
1536605,Urtica urens,ForestWetPoor
1538904,Urtica urens,ForestWetPoor
1546134,Urtica urens,ForestWetPoor
1546135,Urtica urens,ForestWetPoor
1546248,Urtica urens,ForestWetPoor
1546253,Urtica urens,ForestWetPoor
1546254,Urtica urens,ForestWetPoor
1548435,Urtica urens,ForestWetPoor
1548436,Urtica urens,ForestWetPoor
1548437,Urtica urens,ForestWetPoor
1548438,Urtica urens,ForestWetPoor
1548509,Urtica urens,ForestWetPoor
1548511,Urtica urens,ForestWetPoor
1548512,Urtica urens,ForestWetPoor
1548513,Urtica urens,ForestWetPoor
1548519,Urtica urens,ForestWetPoor
1548520,Urtica urens,ForestWetPoor
1548521,Urtica urens,ForestWetPoor
1548522,Urtica urens,ForestWetPoor
1548523,Urtica urens,ForestWetPoor
1548545,Urtica urens,ForestWetPoor
1548546,Urtica urens,ForestWetPoor
1548547,Urtica urens,ForestWetPoor
1548548,Urtica urens,ForestWetPoor
1548549,Urtica urens,ForestWetPoor
1550698,Urtica urens,ForestWetPoor
1550699,Urtica urens,ForestWetPoor
1550700,Urtica urens,ForestWetPoor
1550701,Urtica urens,ForestWetPoor
1550734,Urtica urens,ForestWetPoor
1550735,Urtica urens,ForestWetPoor
1550845,Urtica urens,ForestWetPoor
1550846,Urtica urens,ForestWetPoor
1550847,Urtica urens,ForestWetPoor
1552611,Urtica urens,ForestWetPoor
1553001,Urtica urens,ForestWetPoor
1554909,Urtica urens,ForestWetPoor
1554910,Urtica urens,ForestWetPoor
1554911,Urtica urens,ForestWetPoor
1557209,Urtica urens,ForestWetPoor
1557211,Urtica urens,ForestWetPoor
1559510,Urtica urens,ForestWetPoor
1559511,Urtica urens,ForestWetPoor
1559512,Urtica urens,ForestWetPoor
1564075,Urtica urens,ForestWetPoor
1564076,Urtica urens,ForestWetPoor
1566374,Urtica urens,ForestWetPoor
1566375,Urtica urens,ForestWetPoor
1566377,Urtica urens,ForestWetPoor
1568674,Urtica urens,ForestWetPoor
1568675,Urtica urens,ForestWetPoor
1568676,Urtica urens,ForestWetPoor
1568677,Urtica urens,ForestWetPoor
1568678,Urtica urens,ForestWetPoor
1570974,Urtica urens,ForestWetPoor
1570976,Urtica urens,ForestWetPoor
1570977,Urtica urens,ForestWetPoor
1573276,Urtica urens,ForestWetPoor
1573277,Urtica urens,ForestWetPoor
1575990,Urtica urens,ForestWetPoor
1578289,Urtica urens,ForestWetPoor
1578290,Urtica urens,ForestWetPoor
1580589,Urtica urens,ForestWetPoor
1580590,Urtica urens,ForestWetPoor
1580592,Urtica urens,ForestWetPoor
1582889,Urtica urens,ForestWetPoor
1582890,Urtica urens,ForestWetPoor
1582891,Urtica urens,ForestWetPoor
1582893,Urtica urens,ForestWetPoor
1585189,Urtica urens,ForestWetPoor
1585191,Urtica urens,ForestWetPoor
1585192,Urtica urens,ForestWetPoor
1591902,Urtica urens,ForestWetPoor
1591903,Urtica urens,ForestWetPoor
1594199,Urtica urens,ForestWetPoor
1594200,Urtica urens,ForestWetPoor
1594201,Urtica urens,ForestWetPoor
1594202,Urtica urens,ForestWetPoor
1594203,Urtica urens,ForestWetPoor
1596499,Urtica urens,ForestWetPoor
1596500,Urtica urens,ForestWetPoor
1596502,Urtica urens,ForestWetPoor
1608125,Urtica urens,ForestWetPoor
1610275,Urtica urens,ForestWetPoor
1610276,Urtica urens,ForestWetPoor
1610580,Urtica urens,ForestWetPoor
1612474,Urtica urens,ForestWetPoor
1612574,Urtica urens,ForestWetPoor
1612575,Urtica urens,ForestWetPoor
1612576,Urtica urens,ForestWetPoor
1612577,Urtica urens,ForestWetPoor
1612879,Urtica urens,ForestWetPoor
1612880,Urtica urens,ForestWetPoor
1612881,Urtica urens,ForestWetPoor
1612882,Urtica urens,ForestWetPoor
1614669,Urtica urens,ForestWetPoor
1614774,Urtica urens,ForestWetPoor
1614874,Urtica urens,ForestWetPoor
1614875,Urtica urens,ForestWetPoor
1614876,Urtica urens,ForestWetPoor
1614878,Urtica urens,ForestWetPoor
1615179,Urtica urens,ForestWetPoor
1615180,Urtica urens,ForestWetPoor
1615181,Urtica urens,ForestWetPoor
1615182,Urtica urens,ForestWetPoor
1617075,Urtica urens,ForestWetPoor
1617076,Urtica urens,ForestWetPoor
1617077,Urtica urens,ForestWetPoor
1617174,Urtica urens,ForestWetPoor
1617175,Urtica urens,ForestWetPoor
1617176,Urtica urens,ForestWetPoor
1617177,Urtica urens,ForestWetPoor
1619376,Urtica urens,ForestWetPoor
1619377,Urtica urens,ForestWetPoor
1619474,Urtica urens,ForestWetPoor
1619476,Urtica urens,ForestWetPoor
1619477,Urtica urens,ForestWetPoor
1621875,Urtica urens,ForestWetPoor
1624174,Urtica urens,ForestWetPoor
1633175,Urtica urens,ForestWetPoor
1635474,Urtica urens,ForestWetPoor
1645260,Urtica urens,ForestWetPoor
1647560,Urtica urens,ForestWetPoor
1647562,Urtica urens,ForestWetPoor
1649860,Urtica urens,ForestWetPoor
1649863,Urtica urens,ForestWetPoor
1652161,Urtica urens,ForestWetPoor
1652162,Urtica urens,ForestWetPoor
1663641,Urtica urens,ForestWetPoor
1665939,Urtica urens,ForestWetPoor
1665940,Urtica urens,ForestWetPoor
1665941,Urtica urens,ForestWetPoor
1667925,Urtica urens,ForestWetPoor
1668206,Urtica urens,ForestWetPoor
1668225,Urtica urens,ForestWetPoor
1668226,Urtica urens,ForestWetPoor
1670224,Urtica urens,ForestWetPoor
1670225,Urtica urens,ForestWetPoor
1670505,Urtica urens,ForestWetPoor
1670507,Urtica urens,ForestWetPoor
1670524,Urtica urens,ForestWetPoor
1670525,Urtica urens,ForestWetPoor
1670526,Urtica urens,ForestWetPoor
1670527,Urtica urens,ForestWetPoor
1672804,Urtica urens,ForestWetPoor
1672805,Urtica urens,ForestWetPoor
1672806,Urtica urens,ForestWetPoor
1672807,Urtica urens,ForestWetPoor
1672808,Urtica urens,ForestWetPoor
1672824,Urtica urens,ForestWetPoor
1672825,Urtica urens,ForestWetPoor
1672826,Urtica urens,ForestWetPoor
1672827,Urtica urens,ForestWetPoor
1672828,Urtica urens,ForestWetPoor
1675104,Urtica urens,ForestWetPoor
1675105,Urtica urens,ForestWetPoor
1675106,Urtica urens,ForestWetPoor
1675107,Urtica urens,ForestWetPoor
1675108,Urtica urens,ForestWetPoor
1675124,Urtica urens,ForestWetPoor
1675125,Urtica urens,ForestWetPoor
1675126,Urtica urens,ForestWetPoor
1677404,Urtica urens,ForestWetPoor
1677405,Urtica urens,ForestWetPoor
1677406,Urtica urens,ForestWetPoor
1677407,Urtica urens,ForestWetPoor
1677444,Urtica urens,ForestWetPoor
1677445,Urtica urens,ForestWetPoor
1679744,Urtica urens,ForestWetPoor
1679745,Urtica urens,ForestWetPoor
1682091,Urtica urens,ForestWetPoor
1684390,Urtica urens,ForestWetPoor
1684397,Urtica urens,ForestWetPoor
1686309,Urtica urens,ForestWetPoor
1686310,Urtica urens,ForestWetPoor
1686311,Urtica urens,ForestWetPoor
1688610,Urtica urens,ForestWetPoor
1688611,Urtica urens,ForestWetPoor
1688612,Urtica urens,ForestWetPoor
1690910,Urtica urens,ForestWetPoor
1690911,Urtica urens,ForestWetPoor
1690912,Urtica urens,ForestWetPoor
1693064,Urtica urens,ForestWetPoor
1693065,Urtica urens,ForestWetPoor
1693210,Urtica urens,ForestWetPoor
1693211,Urtica urens,ForestWetPoor
1693212,Urtica urens,ForestWetPoor
1695364,Urtica urens,ForestWetPoor
1695365,Urtica urens,ForestWetPoor
1695366,Urtica urens,ForestWetPoor
1695367,Urtica urens,ForestWetPoor
1695368,Urtica urens,ForestWetPoor
1695511,Urtica urens,ForestWetPoor
1695869,Urtica urens,ForestWetPoor
1695870,Urtica urens,ForestWetPoor
1695871,Urtica urens,ForestWetPoor
1697664,Urtica urens,ForestWetPoor
1697667,Urtica urens,ForestWetPoor
1697668,Urtica urens,ForestWetPoor
1698170,Urtica urens,ForestWetPoor
1698171,Urtica urens,ForestWetPoor
1698172,Urtica urens,ForestWetPoor
1700471,Urtica urens,ForestWetPoor
1700472,Urtica urens,ForestWetPoor
1700473,Urtica urens,ForestWetPoor
1702410,Urtica urens,ForestWetPoor
1702411,Urtica urens,ForestWetPoor
1702772,Urtica urens,ForestWetPoor
1704710,Urtica urens,ForestWetPoor
1704711,Urtica urens,ForestWetPoor
1706982,Urtica urens,ForestWetPoor
1706983,Urtica urens,ForestWetPoor
1707010,Urtica urens,ForestWetPoor
1707011,Urtica urens,ForestWetPoor
1709282,Urtica urens,ForestWetPoor
1709283,Urtica urens,ForestWetPoor
1709310,Urtica urens,ForestWetPoor
1709311,Urtica urens,ForestWetPoor
1709313,Urtica urens,ForestWetPoor
1711582,Urtica urens,ForestWetPoor
1711612,Urtica urens,ForestWetPoor
1711944,Urtica urens,ForestWetPoor
1711982,Urtica urens,ForestWetPoor
1713750,Urtica urens,ForestWetPoor
1713751,Urtica urens,ForestWetPoor
1714279,Urtica urens,ForestWetPoor
1714281,Urtica urens,ForestWetPoor
1716049,Urtica urens,ForestWetPoor
1716050,Urtica urens,ForestWetPoor
1716051,Urtica urens,ForestWetPoor
1716052,Urtica urens,ForestWetPoor
1716499,Urtica urens,ForestWetPoor
1716500,Urtica urens,ForestWetPoor
1716501,Urtica urens,ForestWetPoor
1716502,Urtica urens,ForestWetPoor
1718349,Urtica urens,ForestWetPoor
1718350,Urtica urens,ForestWetPoor
1718353,Urtica urens,ForestWetPoor
1718799,Urtica urens,ForestWetPoor
1718801,Urtica urens,ForestWetPoor
1718802,Urtica urens,ForestWetPoor
1718803,Urtica urens,ForestWetPoor
1718843,Urtica urens,ForestWetPoor
1720649,Urtica urens,ForestWetPoor
1720651,Urtica urens,ForestWetPoor
1720652,Urtica urens,ForestWetPoor
1720653,Urtica urens,ForestWetPoor
1721139,Urtica urens,ForestWetPoor
1721140,Urtica urens,ForestWetPoor
1721141,Urtica urens,ForestWetPoor
1722951,Urtica urens,ForestWetPoor
1722952,Urtica urens,ForestWetPoor
1723439,Urtica urens,ForestWetPoor
1723440,Urtica urens,ForestWetPoor
1723441,Urtica urens,ForestWetPoor
1723442,Urtica urens,ForestWetPoor
1725890,Urtica urens,ForestWetPoor
1728189,Urtica urens,ForestWetPoor
1730490,Urtica urens,ForestWetPoor
1732789,Urtica urens,ForestWetPoor
1734804,Urtica urens,ForestWetPoor
1734805,Urtica urens,ForestWetPoor
1734849,Urtica urens,ForestWetPoor
1734851,Urtica urens,ForestWetPoor
1734852,Urtica urens,ForestWetPoor
1734861,Urtica urens,ForestWetPoor
1736641,Urtica urens,ForestWetPoor
1737056,Urtica urens,ForestWetPoor
1738881,Urtica urens,ForestWetPoor
1738939,Urtica urens,ForestWetPoor
1738940,Urtica urens,ForestWetPoor
1738941,Urtica urens,ForestWetPoor
1739389,Urtica urens,ForestWetPoor
1741181,Urtica urens,ForestWetPoor
1741183,Urtica urens,ForestWetPoor
1741689,Urtica urens,ForestWetPoor
1741690,Urtica urens,ForestWetPoor
1741692,Urtica urens,ForestWetPoor
1743479,Urtica urens,ForestWetPoor
1743483,Urtica urens,ForestWetPoor
1743541,Urtica urens,ForestWetPoor
1743989,Urtica urens,ForestWetPoor
1743990,Urtica urens,ForestWetPoor
1743991,Urtica urens,ForestWetPoor
1743992,Urtica urens,ForestWetPoor
1743993,Urtica urens,ForestWetPoor
1745779,Urtica urens,ForestWetPoor
1745781,Urtica urens,ForestWetPoor
1745782,Urtica urens,ForestWetPoor
1745839,Urtica urens,ForestWetPoor
1745840,Urtica urens,ForestWetPoor
1745841,Urtica urens,ForestWetPoor
1746284,Urtica urens,ForestWetPoor
1746289,Urtica urens,ForestWetPoor
1746291,Urtica urens,ForestWetPoor
1746292,Urtica urens,ForestWetPoor
1748583,Urtica urens,ForestWetPoor
1748584,Urtica urens,ForestWetPoor
1752693,Urtica urens,ForestWetPoor
1754994,Urtica urens,ForestWetPoor
1757292,Urtica urens,ForestWetPoor
1757293,Urtica urens,ForestWetPoor
1757294,Urtica urens,ForestWetPoor
1759593,Urtica urens,ForestWetPoor
1769161,Urtica urens,ForestWetPoor
1769162,Urtica urens,ForestWetPoor
1794891,Urtica urens,ForestWetPoor
1796399,Urtica urens,ForestWetPoor
1796400,Urtica urens,ForestWetPoor
1797190,Urtica urens,ForestWetPoor
1797191,Urtica urens,ForestWetPoor
1798699,Urtica urens,ForestWetPoor
1798700,Urtica urens,ForestWetPoor
1801000,Urtica urens,ForestWetPoor
1801001,Urtica urens,ForestWetPoor
1801791,Urtica urens,ForestWetPoor
1803300,Urtica urens,ForestWetPoor
1803301,Urtica urens,ForestWetPoor
1803904,Urtica urens,ForestWetPoor
1803906,Urtica urens,ForestWetPoor
1803907,Urtica urens,ForestWetPoor
1806080,Urtica urens,ForestWetPoor
1806081,Urtica urens,ForestWetPoor
1806198,Urtica urens,ForestWetPoor
1806199,Urtica urens,ForestWetPoor
1806205,Urtica urens,ForestWetPoor
1806206,Urtica urens,ForestWetPoor
1806207,Urtica urens,ForestWetPoor
1806208,Urtica urens,ForestWetPoor
1807934,Urtica urens,ForestWetPoor
1808379,Urtica urens,ForestWetPoor
1808380,Urtica urens,ForestWetPoor
1808381,Urtica urens,ForestWetPoor
1808498,Urtica urens,ForestWetPoor
1808499,Urtica urens,ForestWetPoor
1808505,Urtica urens,ForestWetPoor
1808506,Urtica urens,ForestWetPoor
1808507,Urtica urens,ForestWetPoor
1810234,Urtica urens,ForestWetPoor
1810680,Urtica urens,ForestWetPoor
1810681,Urtica urens,ForestWetPoor
1810682,Urtica urens,ForestWetPoor
1810683,Urtica urens,ForestWetPoor
1810794,Urtica urens,ForestWetPoor
1810796,Urtica urens,ForestWetPoor
1810797,Urtica urens,ForestWetPoor
1810798,Urtica urens,ForestWetPoor
1810799,Urtica urens,ForestWetPoor
1810802,Urtica urens,ForestWetPoor
1810803,Urtica urens,ForestWetPoor
1810804,Urtica urens,ForestWetPoor
1810805,Urtica urens,ForestWetPoor
1810806,Urtica urens,ForestWetPoor
1812980,Urtica urens,ForestWetPoor
1812981,Urtica urens,ForestWetPoor
1812982,Urtica urens,ForestWetPoor
1812983,Urtica urens,ForestWetPoor
1813093,Urtica urens,ForestWetPoor
1813094,Urtica urens,ForestWetPoor
1813095,Urtica urens,ForestWetPoor
1813096,Urtica urens,ForestWetPoor
1813097,Urtica urens,ForestWetPoor
1813098,Urtica urens,ForestWetPoor
1813102,Urtica urens,ForestWetPoor
1813103,Urtica urens,ForestWetPoor
1813104,Urtica urens,ForestWetPoor
1813105,Urtica urens,ForestWetPoor
1815394,Urtica urens,ForestWetPoor
1815395,Urtica urens,ForestWetPoor
1815396,Urtica urens,ForestWetPoor
1815397,Urtica urens,ForestWetPoor
1817691,Urtica urens,ForestWetPoor
1817695,Urtica urens,ForestWetPoor
1817697,Urtica urens,ForestWetPoor
1817698,Urtica urens,ForestWetPoor
1819382,Urtica urens,ForestWetPoor
1819994,Urtica urens,ForestWetPoor
1820025,Urtica urens,ForestWetPoor
1821683,Urtica urens,ForestWetPoor
1822038,Urtica urens,ForestWetPoor
1823983,Urtica urens,ForestWetPoor
1833881,Urtica urens,ForestWetPoor
1833882,Urtica urens,ForestWetPoor
1836182,Urtica urens,ForestWetPoor
1836183,Urtica urens,ForestWetPoor
1836184,Urtica urens,ForestWetPoor
1838482,Urtica urens,ForestWetPoor
1838483,Urtica urens,ForestWetPoor
1838484,Urtica urens,ForestWetPoor
1840155,Urtica urens,ForestWetPoor
1840156,Urtica urens,ForestWetPoor
1840611,Urtica urens,ForestWetPoor
1840783,Urtica urens,ForestWetPoor
1840815,Urtica urens,ForestWetPoor
1840816,Urtica urens,ForestWetPoor
1842424,Urtica urens,ForestWetPoor
1842425,Urtica urens,ForestWetPoor
1842426,Urtica urens,ForestWetPoor
1842454,Urtica urens,ForestWetPoor
1842455,Urtica urens,ForestWetPoor
1842456,Urtica urens,ForestWetPoor
1842742,Urtica urens,ForestWetPoor
1844724,Urtica urens,ForestWetPoor
1844754,Urtica urens,ForestWetPoor
1844755,Urtica urens,ForestWetPoor
1844756,Urtica urens,ForestWetPoor
1844964,Urtica urens,ForestWetPoor
1845211,Urtica urens,ForestWetPoor
1845212,Urtica urens,ForestWetPoor
1847024,Urtica urens,ForestWetPoor
1847054,Urtica urens,ForestWetPoor
1847055,Urtica urens,ForestWetPoor
1847265,Urtica urens,ForestWetPoor
1847266,Urtica urens,ForestWetPoor
1847511,Urtica urens,ForestWetPoor
1849325,Urtica urens,ForestWetPoor
1849327,Urtica urens,ForestWetPoor
1849813,Urtica urens,ForestWetPoor
1852113,Urtica urens,ForestWetPoor
1854412,Urtica urens,ForestWetPoor
1854413,Urtica urens,ForestWetPoor
1856712,Urtica urens,ForestWetPoor
1856713,Urtica urens,ForestWetPoor
1859012,Urtica urens,ForestWetPoor
1859013,Urtica urens,ForestWetPoor
1874626,Urtica urens,ForestWetPoor
1875145,Urtica urens,ForestWetPoor
1875146,Urtica urens,ForestWetPoor
1876924,Urtica urens,ForestWetPoor
1876927,Urtica urens,ForestWetPoor
1877444,Urtica urens,ForestWetPoor
1877445,Urtica urens,ForestWetPoor
1877446,Urtica urens,ForestWetPoor
1877447,Urtica urens,ForestWetPoor
1879224,Urtica urens,ForestWetPoor
1879744,Urtica urens,ForestWetPoor
1879746,Urtica urens,ForestWetPoor
1879747,Urtica urens,ForestWetPoor
1879748,Urtica urens,ForestWetPoor
1879928,Urtica urens,ForestWetPoor
1882046,Urtica urens,ForestWetPoor
1882047,Urtica urens,ForestWetPoor
1882048,Urtica urens,ForestWetPoor
1882228,Urtica urens,ForestWetPoor
1889009,Urtica urens,ForestWetPoor
1889010,Urtica urens,ForestWetPoor
1890771,Urtica urens,ForestWetPoor
1890772,Urtica urens,ForestWetPoor
1891309,Urtica urens,ForestWetPoor
1891310,Urtica urens,ForestWetPoor
1891311,Urtica urens,ForestWetPoor
1893072,Urtica urens,ForestWetPoor
1893611,Urtica urens,ForestWetPoor
1895910,Urtica urens,ForestWetPoor
1895911,Urtica urens,ForestWetPoor
1900460,Urtica urens,ForestWetPoor
1900594,Urtica urens,ForestWetPoor
1900595,Urtica urens,ForestWetPoor
1900596,Urtica urens,ForestWetPoor
1902484,Urtica urens,ForestWetPoor
1902760,Urtica urens,ForestWetPoor
1902761,Urtica urens,ForestWetPoor
1902762,Urtica urens,ForestWetPoor
1902894,Urtica urens,ForestWetPoor
1902895,Urtica urens,ForestWetPoor
1904784,Urtica urens,ForestWetPoor
1904785,Urtica urens,ForestWetPoor
1905062,Urtica urens,ForestWetPoor
1907087,Urtica urens,ForestWetPoor
1920620,Urtica urens,ForestWetPoor
1920621,Urtica urens,ForestWetPoor
1922922,Urtica urens,ForestWetPoor
1925221,Urtica urens,ForestWetPoor
1927519,Urtica urens,ForestWetPoor
1927520,Urtica urens,ForestWetPoor
1927521,Urtica urens,ForestWetPoor
1929819,Urtica urens,ForestWetPoor
1929820,Urtica urens,ForestWetPoor
1929821,Urtica urens,ForestWetPoor
1929822,Urtica urens,ForestWetPoor
1932305,Urtica urens,ForestWetPoor
1934604,Urtica urens,ForestWetPoor
1934605,Urtica urens,ForestWetPoor
1934606,Urtica urens,ForestWetPoor
1934607,Urtica urens,ForestWetPoor
1936764,Urtica urens,ForestWetPoor
1936905,Urtica urens,ForestWetPoor
1936906,Urtica urens,ForestWetPoor
1936907,Urtica urens,ForestWetPoor
1936908,Urtica urens,ForestWetPoor
1939065,Urtica urens,ForestWetPoor
1939206,Urtica urens,ForestWetPoor
1939207,Urtica urens,ForestWetPoor
1939208,Urtica urens,ForestWetPoor
1941506,Urtica urens,ForestWetPoor
1941507,Urtica urens,ForestWetPoor
1966836,Urtica urens,ForestWetPoor
1968879,Urtica urens,ForestWetPoor
1968880,Urtica urens,ForestWetPoor
1971179,Urtica urens,ForestWetPoor
1973479,Urtica urens,ForestWetPoor
1973480,Urtica urens,ForestWetPoor
1973738,Urtica urens,ForestWetPoor
1975779,Urtica urens,ForestWetPoor
1975780,Urtica urens,ForestWetPoor
1978865,Urtica urens,ForestWetPoor
1978866,Urtica urens,ForestWetPoor
1980394,Urtica urens,ForestWetPoor
1981164,Urtica urens,ForestWetPoor
1981165,Urtica urens,ForestWetPoor
1981166,Urtica urens,ForestWetPoor
1981167,Urtica urens,ForestWetPoor
1982694,Urtica urens,ForestWetPoor
1982695,Urtica urens,ForestWetPoor
1982873,Urtica urens,ForestWetPoor
1983467,Urtica urens,ForestWetPoor
1984995,Urtica urens,ForestWetPoor
1985561,Urtica urens,ForestWetPoor
1985562,Urtica urens,ForestWetPoor
1987473,Urtica urens,ForestWetPoor
1987861,Urtica urens,ForestWetPoor
1987862,Urtica urens,ForestWetPoor
1987947,Urtica urens,ForestWetPoor
1987948,Urtica urens,ForestWetPoor
1988037,Urtica urens,ForestWetPoor
1989773,Urtica urens,ForestWetPoor
1990247,Urtica urens,ForestWetPoor
1990248,Urtica urens,ForestWetPoor
1994964,Urtica urens,ForestWetPoor
1994966,Urtica urens,ForestWetPoor
1994967,Urtica urens,ForestWetPoor
1996793,Urtica urens,ForestWetPoor
1997264,Urtica urens,ForestWetPoor
1997265,Urtica urens,ForestWetPoor
1997267,Urtica urens,ForestWetPoor
1998964,Urtica urens,ForestWetPoor
1999092,Urtica urens,ForestWetPoor
1999565,Urtica urens,ForestWetPoor
1999567,Urtica urens,ForestWetPoor
2001867,Urtica urens,ForestWetPoor
2004041,Urtica urens,ForestWetPoor
2006341,Urtica urens,ForestWetPoor
2006342,Urtica urens,ForestWetPoor
2006343,Urtica urens,ForestWetPoor
2006446,Urtica urens,ForestWetPoor
2006447,Urtica urens,ForestWetPoor
2008439,Urtica urens,ForestWetPoor
2008440,Urtica urens,ForestWetPoor
2008642,Urtica urens,ForestWetPoor
2008643,Urtica urens,ForestWetPoor
2008750,Urtica urens,ForestWetPoor
2008751,Urtica urens,ForestWetPoor
2013042,Urtica urens,ForestWetPoor
2013043,Urtica urens,ForestWetPoor
2014919,Urtica urens,ForestWetPoor
2014920,Urtica urens,ForestWetPoor
2015341,Urtica urens,ForestWetPoor
2015342,Urtica urens,ForestWetPoor
2017220,Urtica urens,ForestWetPoor
2017221,Urtica urens,ForestWetPoor
2017222,Urtica urens,ForestWetPoor
2017256,Urtica urens,ForestWetPoor
2017640,Urtica urens,ForestWetPoor
2017641,Urtica urens,ForestWetPoor
2019522,Urtica urens,ForestWetPoor
2019523,Urtica urens,ForestWetPoor
2019557,Urtica urens,ForestWetPoor
2019558,Urtica urens,ForestWetPoor
2021856,Urtica urens,ForestWetPoor
2022557,Urtica urens,ForestWetPoor
2027017,Urtica urens,ForestWetPoor
2029307,Urtica urens,ForestWetPoor
2029309,Urtica urens,ForestWetPoor
2029310,Urtica urens,ForestWetPoor
2031607,Urtica urens,ForestWetPoor
2031608,Urtica urens,ForestWetPoor
2031609,Urtica urens,ForestWetPoor
2033907,Urtica urens,ForestWetPoor
2033918,Urtica urens,ForestWetPoor
2036207,Urtica urens,ForestWetPoor
2036208,Urtica urens,ForestWetPoor
2036209,Urtica urens,ForestWetPoor
2038509,Urtica urens,ForestWetPoor
2038510,Urtica urens,ForestWetPoor
2038511,Urtica urens,ForestWetPoor
2040824,Urtica urens,ForestWetPoor
2040825,Urtica urens,ForestWetPoor
2043124,Urtica urens,ForestWetPoor
2043125,Urtica urens,ForestWetPoor
2043127,Urtica urens,ForestWetPoor
2045425,Urtica urens,ForestWetPoor
2045426,Urtica urens,ForestWetPoor
2049379,Urtica urens,ForestWetPoor
2049380,Urtica urens,ForestWetPoor
2051679,Urtica urens,ForestWetPoor
2051680,Urtica urens,ForestWetPoor
2051681,Urtica urens,ForestWetPoor
2051683,Urtica urens,ForestWetPoor
2053980,Urtica urens,ForestWetPoor
2053981,Urtica urens,ForestWetPoor
2053982,Urtica urens,ForestWetPoor
2053983,Urtica urens,ForestWetPoor
2056279,Urtica urens,ForestWetPoor
2056280,Urtica urens,ForestWetPoor
2056281,Urtica urens,ForestWetPoor
2056282,Urtica urens,ForestWetPoor
2056374,Urtica urens,ForestWetPoor
2056529,Urtica urens,ForestWetPoor
2056530,Urtica urens,ForestWetPoor
2058580,Urtica urens,ForestWetPoor
2059259,Urtica urens,ForestWetPoor
2059260,Urtica urens,ForestWetPoor
2060879,Urtica urens,ForestWetPoor
2060880,Urtica urens,ForestWetPoor
2060881,Urtica urens,ForestWetPoor
2065481,Urtica urens,ForestWetPoor
2065483,Urtica urens,ForestWetPoor
2067779,Urtica urens,ForestWetPoor
2067780,Urtica urens,ForestWetPoor
2067781,Urtica urens,ForestWetPoor
2067782,Urtica urens,ForestWetPoor
2072414,Urtica urens,ForestWetPoor
2072416,Urtica urens,ForestWetPoor
2074714,Urtica urens,ForestWetPoor
2074715,Urtica urens,ForestWetPoor
2074716,Urtica urens,ForestWetPoor
2074717,Urtica urens,ForestWetPoor
2074718,Urtica urens,ForestWetPoor
2077014,Urtica urens,ForestWetPoor
2077015,Urtica urens,ForestWetPoor
2077017,Urtica urens,ForestWetPoor
2079315,Urtica urens,ForestWetPoor
2079316,Urtica urens,ForestWetPoor
2079317,Urtica urens,ForestWetPoor
2081680,Urtica urens,ForestWetPoor
2081681,Urtica urens,ForestWetPoor
2083981,Urtica urens,ForestWetPoor
2088579,Urtica urens,ForestWetPoor
2090879,Urtica urens,ForestWetPoor
2093075,Urtica urens,ForestWetPoor
2093076,Urtica urens,ForestWetPoor
2095374,Urtica urens,ForestWetPoor
2095375,Urtica urens,ForestWetPoor
2095376,Urtica urens,ForestWetPoor
2097674,Urtica urens,ForestWetPoor
2097675,Urtica urens,ForestWetPoor
2097676,Urtica urens,ForestWetPoor
2097677,Urtica urens,ForestWetPoor
2097678,Urtica urens,ForestWetPoor
2099963,Urtica urens,ForestWetPoor
2099974,Urtica urens,ForestWetPoor
2099975,Urtica urens,ForestWetPoor
2099976,Urtica urens,ForestWetPoor
2099977,Urtica urens,ForestWetPoor
2099978,Urtica urens,ForestWetPoor
2102274,Urtica urens,ForestWetPoor
2102275,Urtica urens,ForestWetPoor
2102276,Urtica urens,ForestWetPoor
2102277,Urtica urens,ForestWetPoor
2111617,Urtica urens,ForestWetPoor
2111618,Urtica urens,ForestWetPoor
2116865,Urtica urens,ForestWetPoor
2116866,Urtica urens,ForestWetPoor
2119108,Urtica urens,ForestWetPoor
2119165,Urtica urens,ForestWetPoor
2123149,Urtica urens,ForestWetPoor
2123151,Urtica urens,ForestWetPoor
2124257,Urtica urens,ForestWetPoor
2125334,Urtica urens,ForestWetPoor
2125872,Urtica urens,ForestWetPoor
2126557,Urtica urens,ForestWetPoor
2126558,Urtica urens,ForestWetPoor
2128854,Urtica urens,ForestWetPoor
2128855,Urtica urens,ForestWetPoor
2128856,Urtica urens,ForestWetPoor
2128857,Urtica urens,ForestWetPoor
2128858,Urtica urens,ForestWetPoor
2130290,Urtica urens,ForestWetPoor
2130473,Urtica urens,ForestWetPoor
2131155,Urtica urens,ForestWetPoor
2131156,Urtica urens,ForestWetPoor
2131157,Urtica urens,ForestWetPoor
2143703,Urtica urens,ForestWetPoor
2153026,Urtica urens,ForestWetPoor
2155324,Urtica urens,ForestWetPoor
2155660,Urtica urens,ForestWetPoor
2157959,Urtica urens,ForestWetPoor
2157961,Urtica urens,ForestWetPoor
2159782,Urtica urens,ForestWetPoor
2160259,Urtica urens,ForestWetPoor
2160260,Urtica urens,ForestWetPoor
2160261,Urtica urens,ForestWetPoor
2160262,Urtica urens,ForestWetPoor
2164904,Urtica urens,ForestWetPoor
2164906,Urtica urens,ForestWetPoor
2164907,Urtica urens,ForestWetPoor
2167207,Urtica urens,ForestWetPoor
2167208,Urtica urens,ForestWetPoor
2167415,Urtica urens,ForestWetPoor
2169266,Urtica urens,ForestWetPoor
2169267,Urtica urens,ForestWetPoor
2169268,Urtica urens,ForestWetPoor
2169504,Urtica urens,ForestWetPoor
2169505,Urtica urens,ForestWetPoor
2169506,Urtica urens,ForestWetPoor
2169507,Urtica urens,ForestWetPoor
2169508,Urtica urens,ForestWetPoor
2171582,Urtica urens,ForestWetPoor
2171805,Urtica urens,ForestWetPoor
2171806,Urtica urens,ForestWetPoor
2171807,Urtica urens,ForestWetPoor
2180803,Urtica urens,ForestWetPoor
2196630,Urtica urens,ForestWetPoor
2196631,Urtica urens,ForestWetPoor
2197799,Urtica urens,ForestWetPoor
2197800,Urtica urens,ForestWetPoor
2198930,Urtica urens,ForestWetPoor
2198931,Urtica urens,ForestWetPoor
2198932,Urtica urens,ForestWetPoor
2201230,Urtica urens,ForestWetPoor
2201231,Urtica urens,ForestWetPoor
2201232,Urtica urens,ForestWetPoor
2201233,Urtica urens,ForestWetPoor
2203531,Urtica urens,ForestWetPoor
2203532,Urtica urens,ForestWetPoor
2203533,Urtica urens,ForestWetPoor
2205831,Urtica urens,ForestWetPoor
2205832,Urtica urens,ForestWetPoor
2252302,Urtica urens,ForestWetPoor
2252303,Urtica urens,ForestWetPoor
2252306,Urtica urens,ForestWetPoor
2256719,Urtica urens,ForestWetPoor
2256720,Urtica urens,ForestWetPoor
2259019,Urtica urens,ForestWetPoor
2259020,Urtica urens,ForestWetPoor
2261319,Urtica urens,ForestWetPoor
2261320,Urtica urens,ForestWetPoor
2263619,Urtica urens,ForestWetPoor
2269075,Urtica urens,ForestWetPoor
2271374,Urtica urens,ForestWetPoor
2279424,Urtica urens,ForestWetPoor
2279425,Urtica urens,ForestWetPoor
2281725,Urtica urens,ForestWetPoor
2281728,Urtica urens,ForestWetPoor
2282152,Urtica urens,ForestWetPoor
2284024,Urtica urens,ForestWetPoor
2284027,Urtica urens,ForestWetPoor
2284028,Urtica urens,ForestWetPoor
2286324,Urtica urens,ForestWetPoor
2286326,Urtica urens,ForestWetPoor
2286327,Urtica urens,ForestWetPoor
2286835,Urtica urens,ForestWetPoor
2293418,Urtica urens,ForestWetPoor
2295715,Urtica urens,ForestWetPoor
2296698,Urtica urens,ForestWetPoor
2302911,Urtica urens,ForestWetPoor
2303530,Urtica urens,ForestWetPoor
2303531,Urtica urens,ForestWetPoor
2303532,Urtica urens,ForestWetPoor
2305212,Urtica urens,ForestWetPoor
2307499,Urtica urens,ForestWetPoor
2308132,Urtica urens,ForestWetPoor
2308133,Urtica urens,ForestWetPoor
2318572,Urtica urens,ForestWetPoor
2323815,Urtica urens,ForestWetPoor
2323816,Urtica urens,ForestWetPoor
2326115,Urtica urens,ForestWetPoor
2326116,Urtica urens,ForestWetPoor
2328414,Urtica urens,ForestWetPoor
2328415,Urtica urens,ForestWetPoor
2328416,Urtica urens,ForestWetPoor
2328418,Urtica urens,ForestWetPoor
2330714,Urtica urens,ForestWetPoor
2330715,Urtica urens,ForestWetPoor
2333014,Urtica urens,ForestWetPoor
2333015,Urtica urens,ForestWetPoor
2334641,Urtica urens,ForestWetPoor
2336939,Urtica urens,ForestWetPoor
2336941,Urtica urens,ForestWetPoor
2336942,Urtica urens,ForestWetPoor
2339239,Urtica urens,ForestWetPoor
2339241,Urtica urens,ForestWetPoor
2339242,Urtica urens,ForestWetPoor
2339243,Urtica urens,ForestWetPoor
2340342,Urtica urens,ForestWetPoor
2340343,Urtica urens,ForestWetPoor
2341539,Urtica urens,ForestWetPoor
2341540,Urtica urens,ForestWetPoor
2341541,Urtica urens,ForestWetPoor
2341542,Urtica urens,ForestWetPoor
2341543,Urtica urens,ForestWetPoor
2342640,Urtica urens,ForestWetPoor
2342641,Urtica urens,ForestWetPoor
2343839,Urtica urens,ForestWetPoor
2343840,Urtica urens,ForestWetPoor
2343841,Urtica urens,ForestWetPoor
2344940,Urtica urens,ForestWetPoor
2347431,Urtica urens,ForestWetPoor
2349707,Urtica urens,ForestWetPoor
2358220,Urtica urens,ForestWetPoor
2358221,Urtica urens,ForestWetPoor
2360492,Urtica urens,ForestWetPoor
2360519,Urtica urens,ForestWetPoor
2360520,Urtica urens,ForestWetPoor
2362793,Urtica urens,ForestWetPoor
2369205,Urtica urens,ForestWetPoor
2369206,Urtica urens,ForestWetPoor
2371504,Urtica urens,ForestWetPoor
2371505,Urtica urens,ForestWetPoor
2371506,Urtica urens,ForestWetPoor
2372080,Urtica urens,ForestWetPoor
2373808,Urtica urens,ForestWetPoor
2374382,Urtica urens,ForestWetPoor
2374383,Urtica urens,ForestWetPoor
2376104,Urtica urens,ForestWetPoor
2376682,Urtica urens,ForestWetPoor
2379500,Urtica urens,ForestWetPoor
2379636,Urtica urens,ForestWetPoor
2381685,Urtica urens,ForestWetPoor
2381686,Urtica urens,ForestWetPoor
2381936,Urtica urens,ForestWetPoor
2383984,Urtica urens,ForestWetPoor
2383985,Urtica urens,ForestWetPoor
2383986,Urtica urens,ForestWetPoor
2384101,Urtica urens,ForestWetPoor
2384236,Urtica urens,ForestWetPoor
2390395,Urtica urens,ForestWetPoor
2390396,Urtica urens,ForestWetPoor
2390886,Urtica urens,ForestWetPoor
2392692,Urtica urens,ForestWetPoor
2392695,Urtica urens,ForestWetPoor
2392696,Urtica urens,ForestWetPoor
2394992,Urtica urens,ForestWetPoor
2394994,Urtica urens,ForestWetPoor
2399144,Urtica urens,ForestWetPoor
2400215,Urtica urens,ForestWetPoor
2401444,Urtica urens,ForestWetPoor
2401445,Urtica urens,ForestWetPoor
2402514,Urtica urens,ForestWetPoor
2402515,Urtica urens,ForestWetPoor
2402516,Urtica urens,ForestWetPoor
2402517,Urtica urens,ForestWetPoor
2402518,Urtica urens,ForestWetPoor
2403710,Urtica urens,ForestWetPoor
2403891,Urtica urens,ForestWetPoor
2404211,Urtica urens,ForestWetPoor
2404815,Urtica urens,ForestWetPoor
2406009,Urtica urens,ForestWetPoor
2406010,Urtica urens,ForestWetPoor
2406191,Urtica urens,ForestWetPoor
2406192,Urtica urens,ForestWetPoor
2410793,Urtica urens,ForestWetPoor
2415400,Urtica urens,ForestWetPoor
2415401,Urtica urens,ForestWetPoor
2417700,Urtica urens,ForestWetPoor
2417701,Urtica urens,ForestWetPoor
2417702,Urtica urens,ForestWetPoor
2418439,Urtica urens,ForestWetPoor
2418441,Urtica urens,ForestWetPoor
2418442,Urtica urens,ForestWetPoor
2420003,Urtica urens,ForestWetPoor
2420739,Urtica urens,ForestWetPoor
2420740,Urtica urens,ForestWetPoor
2420742,Urtica urens,ForestWetPoor
2422302,Urtica urens,ForestWetPoor
2422303,Urtica urens,ForestWetPoor
2423039,Urtica urens,ForestWetPoor
2423040,Urtica urens,ForestWetPoor
2423041,Urtica urens,ForestWetPoor
2423042,Urtica urens,ForestWetPoor
2423043,Urtica urens,ForestWetPoor
2425339,Urtica urens,ForestWetPoor
2425341,Urtica urens,ForestWetPoor
2425342,Urtica urens,ForestWetPoor
2431455,Urtica urens,ForestWetPoor
2431456,Urtica urens,ForestWetPoor
2433756,Urtica urens,ForestWetPoor
2436054,Urtica urens,ForestWetPoor
2436994,Urtica urens,ForestWetPoor
2439270,Urtica urens,ForestWetPoor
2441569,Urtica urens,ForestWetPoor
2441570,Urtica urens,ForestWetPoor
2443869,Urtica urens,ForestWetPoor
2443870,Urtica urens,ForestWetPoor
2443871,Urtica urens,ForestWetPoor
2446170,Urtica urens,ForestWetPoor
2446171,Urtica urens,ForestWetPoor
2447797,Urtica urens,ForestWetPoor
2447798,Urtica urens,ForestWetPoor
2448470,Urtica urens,ForestWetPoor
2448471,Urtica urens,ForestWetPoor
2449650,Urtica urens,ForestWetPoor
2449651,Urtica urens,ForestWetPoor
2450095,Urtica urens,ForestWetPoor
2450771,Urtica urens,ForestWetPoor
2451950,Urtica urens,ForestWetPoor
2451951,Urtica urens,ForestWetPoor
2451952,Urtica urens,ForestWetPoor
2454252,Urtica urens,ForestWetPoor
2459359,Urtica urens,ForestWetPoor
2461140,Urtica urens,ForestWetPoor
2461141,Urtica urens,ForestWetPoor
2461585,Urtica urens,ForestWetPoor
2461586,Urtica urens,ForestWetPoor
2461658,Urtica urens,ForestWetPoor
2463440,Urtica urens,ForestWetPoor
2463441,Urtica urens,ForestWetPoor
2463885,Urtica urens,ForestWetPoor
2465739,Urtica urens,ForestWetPoor
2465740,Urtica urens,ForestWetPoor
2465741,Urtica urens,ForestWetPoor
2465810,Urtica urens,ForestWetPoor
2465811,Urtica urens,ForestWetPoor
2466260,Urtica urens,ForestWetPoor
2468039,Urtica urens,ForestWetPoor
2468040,Urtica urens,ForestWetPoor
2468041,Urtica urens,ForestWetPoor
2468042,Urtica urens,ForestWetPoor
2468043,Urtica urens,ForestWetPoor
2468110,Urtica urens,ForestWetPoor
2468509,Urtica urens,ForestWetPoor
2470339,Urtica urens,ForestWetPoor
2470340,Urtica urens,ForestWetPoor
2470341,Urtica urens,ForestWetPoor
2470342,Urtica urens,ForestWetPoor
2470410,Urtica urens,ForestWetPoor
2473340,Urtica urens,ForestWetPoor
2473341,Urtica urens,ForestWetPoor
2473345,Urtica urens,ForestWetPoor
2473346,Urtica urens,ForestWetPoor
2475640,Urtica urens,ForestWetPoor
2475645,Urtica urens,ForestWetPoor
2475646,Urtica urens,ForestWetPoor
2475647,Urtica urens,ForestWetPoor
2477939,Urtica urens,ForestWetPoor
2477940,Urtica urens,ForestWetPoor
2477945,Urtica urens,ForestWetPoor
2477946,Urtica urens,ForestWetPoor
2477947,Urtica urens,ForestWetPoor
2477948,Urtica urens,ForestWetPoor
2480239,Urtica urens,ForestWetPoor
2480240,Urtica urens,ForestWetPoor
2480244,Urtica urens,ForestWetPoor
2480245,Urtica urens,ForestWetPoor
2480246,Urtica urens,ForestWetPoor
2482539,Urtica urens,ForestWetPoor
2482540,Urtica urens,ForestWetPoor
2484130,Urtica urens,ForestWetPoor
2486429,Urtica urens,ForestWetPoor
2486430,Urtica urens,ForestWetPoor
2486431,Urtica urens,ForestWetPoor
2486432,Urtica urens,ForestWetPoor
2486675,Urtica urens,ForestWetPoor
2486676,Urtica urens,ForestWetPoor
2486677,Urtica urens,ForestWetPoor
2488730,Urtica urens,ForestWetPoor
2488731,Urtica urens,ForestWetPoor
2488732,Urtica urens,ForestWetPoor
2488733,Urtica urens,ForestWetPoor
2488975,Urtica urens,ForestWetPoor
2488976,Urtica urens,ForestWetPoor
2488977,Urtica urens,ForestWetPoor
2488978,Urtica urens,ForestWetPoor
2491030,Urtica urens,ForestWetPoor
2491031,Urtica urens,ForestWetPoor
2491032,Urtica urens,ForestWetPoor
2491033,Urtica urens,ForestWetPoor
2491276,Urtica urens,ForestWetPoor
2491277,Urtica urens,ForestWetPoor
2491278,Urtica urens,ForestWetPoor
2493329,Urtica urens,ForestWetPoor
2493330,Urtica urens,ForestWetPoor
2493331,Urtica urens,ForestWetPoor
2493332,Urtica urens,ForestWetPoor
2493574,Urtica urens,ForestWetPoor
2493575,Urtica urens,ForestWetPoor
2493577,Urtica urens,ForestWetPoor
2496200,Urtica urens,ForestWetPoor
2496780,Urtica urens,ForestWetPoor
2498502,Urtica urens,ForestWetPoor
2500802,Urtica urens,ForestWetPoor
2503102,Urtica urens,ForestWetPoor
2503103,Urtica urens,ForestWetPoor
2505401,Urtica urens,ForestWetPoor
2505402,Urtica urens,ForestWetPoor
2518996,Urtica urens,ForestWetPoor
2521959,Urtica urens,ForestWetPoor
2521960,Urtica urens,ForestWetPoor
2521961,Urtica urens,ForestWetPoor
2524261,Urtica urens,ForestWetPoor
2524262,Urtica urens,ForestWetPoor
2524263,Urtica urens,ForestWetPoor
2526563,Urtica urens,ForestWetPoor
2528862,Urtica urens,ForestWetPoor
2532725,Urtica urens,ForestWetPoor
2535026,Urtica urens,ForestWetPoor
2535418,Urtica urens,ForestWetPoor
2537714,Urtica urens,ForestWetPoor
2537715,Urtica urens,ForestWetPoor
2537718,Urtica urens,ForestWetPoor
2540014,Urtica urens,ForestWetPoor
2540486,Urtica urens,ForestWetPoor
2540487,Urtica urens,ForestWetPoor
2542785,Urtica urens,ForestWetPoor
2542786,Urtica urens,ForestWetPoor
2547385,Urtica urens,ForestWetPoor
2551977,Urtica urens,ForestWetPoor
2555574,Urtica urens,ForestWetPoor
2555575,Urtica urens,ForestWetPoor
2555576,Urtica urens,ForestWetPoor
2557788,Urtica urens,ForestWetPoor
2558651,Urtica urens,ForestWetPoor
2562477,Urtica urens,ForestWetPoor
2564925,Urtica urens,ForestWetPoor
2564926,Urtica urens,ForestWetPoor
2567224,Urtica urens,ForestWetPoor
2567881,Urtica urens,ForestWetPoor
2569439,Urtica urens,ForestWetPoor
2569440,Urtica urens,ForestWetPoor
2569441,Urtica urens,ForestWetPoor
2569442,Urtica urens,ForestWetPoor
2571739,Urtica urens,ForestWetPoor
2571741,Urtica urens,ForestWetPoor
2571742,Urtica urens,ForestWetPoor
2571743,Urtica urens,ForestWetPoor
2574097,Urtica urens,ForestWetPoor
2574125,Urtica urens,ForestWetPoor
2574126,Urtica urens,ForestWetPoor
2579381,Urtica urens,ForestWetPoor
2579382,Urtica urens,ForestWetPoor
2581682,Urtica urens,ForestWetPoor
2581920,Urtica urens,ForestWetPoor
2583981,Urtica urens,ForestWetPoor
2586279,Urtica urens,ForestWetPoor
2586280,Urtica urens,ForestWetPoor
2586281,Urtica urens,ForestWetPoor
2586282,Urtica urens,ForestWetPoor
2587931,Urtica urens,ForestWetPoor
2588555,Urtica urens,ForestWetPoor
2590219,Urtica urens,ForestWetPoor
2590222,Urtica urens,ForestWetPoor
2592389,Urtica urens,ForestWetPoor
2592390,Urtica urens,ForestWetPoor
2592523,Urtica urens,ForestWetPoor
2594690,Urtica urens,ForestWetPoor
2594691,Urtica urens,ForestWetPoor
2594692,Urtica urens,ForestWetPoor
2594693,Urtica urens,ForestWetPoor
2594823,Urtica urens,ForestWetPoor
2596989,Urtica urens,ForestWetPoor
2596990,Urtica urens,ForestWetPoor
2596991,Urtica urens,ForestWetPoor
2596992,Urtica urens,ForestWetPoor
2597035,Urtica urens,ForestWetPoor
2597037,Urtica urens,ForestWetPoor
2608564,Urtica urens,ForestWetPoor
2608565,Urtica urens,ForestWetPoor
2616367,Urtica urens,ForestWetPoor
2616368,Urtica urens,ForestWetPoor
2618043,Urtica urens,ForestWetPoor
2618665,Urtica urens,ForestWetPoor
2618666,Urtica urens,ForestWetPoor
2618667,Urtica urens,ForestWetPoor
2618668,Urtica urens,ForestWetPoor
2620340,Urtica urens,ForestWetPoor
2620341,Urtica urens,ForestWetPoor
2620342,Urtica urens,ForestWetPoor
2620967,Urtica urens,ForestWetPoor
2627766,Urtica urens,ForestWetPoor
2629900,Urtica urens,ForestWetPoor
2630066,Urtica urens,ForestWetPoor
2632199,Urtica urens,ForestWetPoor
2632200,Urtica urens,ForestWetPoor
2632202,Urtica urens,ForestWetPoor
2634499,Urtica urens,ForestWetPoor
2634501,Urtica urens,ForestWetPoor
2634502,Urtica urens,ForestWetPoor
2634595,Urtica urens,ForestWetPoor
2634596,Urtica urens,ForestWetPoor
2636894,Urtica urens,ForestWetPoor
2638419,Urtica urens,ForestWetPoor
2638420,Urtica urens,ForestWetPoor
2638421,Urtica urens,ForestWetPoor
2639102,Urtica urens,ForestWetPoor
2640723,Urtica urens,ForestWetPoor
2641054,Urtica urens,ForestWetPoor
2641403,Urtica urens,ForestWetPoor
2641404,Urtica urens,ForestWetPoor
2643355,Urtica urens,ForestWetPoor
2643704,Urtica urens,ForestWetPoor
2648301,Urtica urens,ForestWetPoor
2663793,Urtica urens,ForestWetPoor
2665797,Urtica urens,ForestWetPoor
2675933,Urtica urens,ForestWetPoor
2675934,Urtica urens,ForestWetPoor
2678234,Urtica urens,ForestWetPoor
2678235,Urtica urens,ForestWetPoor
2678712,Urtica urens,ForestWetPoor
2678713,Urtica urens,ForestWetPoor
2678718,Urtica urens,ForestWetPoor
2680531,Urtica urens,ForestWetPoor
2680532,Urtica urens,ForestWetPoor
2680534,Urtica urens,ForestWetPoor
2680535,Urtica urens,ForestWetPoor
2681013,Urtica urens,ForestWetPoor
2681014,Urtica urens,ForestWetPoor
2681016,Urtica urens,ForestWetPoor
2681017,Urtica urens,ForestWetPoor
2681018,Urtica urens,ForestWetPoor
2681019,Urtica urens,ForestWetPoor
2681021,Urtica urens,ForestWetPoor
2682831,Urtica urens,ForestWetPoor
2682832,Urtica urens,ForestWetPoor
2682833,Urtica urens,ForestWetPoor
2682834,Urtica urens,ForestWetPoor
2682909,Urtica urens,ForestWetPoor
2683312,Urtica urens,ForestWetPoor
2683313,Urtica urens,ForestWetPoor
2683314,Urtica urens,ForestWetPoor
2683315,Urtica urens,ForestWetPoor
2683316,Urtica urens,ForestWetPoor
2683317,Urtica urens,ForestWetPoor
2683318,Urtica urens,ForestWetPoor
2683319,Urtica urens,ForestWetPoor
2683320,Urtica urens,ForestWetPoor
2683321,Urtica urens,ForestWetPoor
2685132,Urtica urens,ForestWetPoor
2685133,Urtica urens,ForestWetPoor
2685134,Urtica urens,ForestWetPoor
2685612,Urtica urens,ForestWetPoor
2685613,Urtica urens,ForestWetPoor
2685614,Urtica urens,ForestWetPoor
2685615,Urtica urens,ForestWetPoor
2685616,Urtica urens,ForestWetPoor
2685617,Urtica urens,ForestWetPoor
2685618,Urtica urens,ForestWetPoor
2685619,Urtica urens,ForestWetPoor
2685620,Urtica urens,ForestWetPoor
2685621,Urtica urens,ForestWetPoor
2685622,Urtica urens,ForestWetPoor
2687911,Urtica urens,ForestWetPoor
2687912,Urtica urens,ForestWetPoor
2687913,Urtica urens,ForestWetPoor
2687914,Urtica urens,ForestWetPoor
2687915,Urtica urens,ForestWetPoor
2687916,Urtica urens,ForestWetPoor
2687917,Urtica urens,ForestWetPoor
2687918,Urtica urens,ForestWetPoor
2687919,Urtica urens,ForestWetPoor
2687922,Urtica urens,ForestWetPoor
2690212,Urtica urens,ForestWetPoor
2690213,Urtica urens,ForestWetPoor
2690214,Urtica urens,ForestWetPoor
2690222,Urtica urens,ForestWetPoor
2692521,Urtica urens,ForestWetPoor
2694821,Urtica urens,ForestWetPoor
2695896,Urtica urens,ForestWetPoor
2695897,Urtica urens,ForestWetPoor
2697121,Urtica urens,ForestWetPoor
2697122,Urtica urens,ForestWetPoor
2698956,Urtica urens,ForestWetPoor
2699422,Urtica urens,ForestWetPoor
2700689,Urtica urens,ForestWetPoor
2700691,Urtica urens,ForestWetPoor
2701256,Urtica urens,ForestWetPoor
2701257,Urtica urens,ForestWetPoor
2702990,Urtica urens,ForestWetPoor
2702991,Urtica urens,ForestWetPoor
2703557,Urtica urens,ForestWetPoor
2705931,Urtica urens,ForestWetPoor
2708231,Urtica urens,ForestWetPoor
2709634,Urtica urens,ForestWetPoor
2709635,Urtica urens,ForestWetPoor
2710529,Urtica urens,ForestWetPoor
2710530,Urtica urens,ForestWetPoor
2710531,Urtica urens,ForestWetPoor
2710532,Urtica urens,ForestWetPoor
2710533,Urtica urens,ForestWetPoor
2712829,Urtica urens,ForestWetPoor
2712832,Urtica urens,ForestWetPoor
2716514,Urtica urens,ForestWetPoor
2716515,Urtica urens,ForestWetPoor
2716516,Urtica urens,ForestWetPoor
2716517,Urtica urens,ForestWetPoor
2718814,Urtica urens,ForestWetPoor
2718817,Urtica urens,ForestWetPoor
2719609,Urtica urens,ForestWetPoor
2721909,Urtica urens,ForestWetPoor
2722001,Urtica urens,ForestWetPoor
2722002,Urtica urens,ForestWetPoor
2724209,Urtica urens,ForestWetPoor
2724210,Urtica urens,ForestWetPoor
2724302,Urtica urens,ForestWetPoor
2724303,Urtica urens,ForestWetPoor
2724304,Urtica urens,ForestWetPoor
2725702,Urtica urens,ForestWetPoor
2726604,Urtica urens,ForestWetPoor
2728902,Urtica urens,ForestWetPoor
2728904,Urtica urens,ForestWetPoor
2733852,Urtica urens,ForestWetPoor
2736150,Urtica urens,ForestWetPoor
2736151,Urtica urens,ForestWetPoor
2736152,Urtica urens,ForestWetPoor
2738448,Urtica urens,ForestWetPoor
2738449,Urtica urens,ForestWetPoor
2738450,Urtica urens,ForestWetPoor
2738451,Urtica urens,ForestWetPoor
2748941,Urtica urens,ForestWetPoor
2752197,Urtica urens,ForestWetPoor
2754497,Urtica urens,ForestWetPoor
2755605,Urtica urens,ForestWetPoor
2755606,Urtica urens,ForestWetPoor
2755607,Urtica urens,ForestWetPoor
2756797,Urtica urens,ForestWetPoor
2757903,Urtica urens,ForestWetPoor
2760204,Urtica urens,ForestWetPoor
2760205,Urtica urens,ForestWetPoor
2777170,Urtica urens,ForestWetPoor
2777171,Urtica urens,ForestWetPoor
2779469,Urtica urens,ForestWetPoor
2779470,Urtica urens,ForestWetPoor
2779471,Urtica urens,ForestWetPoor
2781769,Urtica urens,ForestWetPoor
2781770,Urtica urens,ForestWetPoor
2781771,Urtica urens,ForestWetPoor
2784069,Urtica urens,ForestWetPoor
2784070,Urtica urens,ForestWetPoor
2784071,Urtica urens,ForestWetPoor
2786369,Urtica urens,ForestWetPoor
2786370,Urtica urens,ForestWetPoor
2793670,Urtica urens,ForestWetPoor
2793671,Urtica urens,ForestWetPoor
2793673,Urtica urens,ForestWetPoor
2795970,Urtica urens,ForestWetPoor
2795971,Urtica urens,ForestWetPoor
2795972,Urtica urens,ForestWetPoor
2795973,Urtica urens,ForestWetPoor
2798271,Urtica urens,ForestWetPoor
2798272,Urtica urens,ForestWetPoor
2798273,Urtica urens,ForestWetPoor
2800570,Urtica urens,ForestWetPoor
2800571,Urtica urens,ForestWetPoor
2800572,Urtica urens,ForestWetPoor
2820359,Urtica urens,ForestWetPoor
2820941,Urtica urens,ForestWetPoor
2820942,Urtica urens,ForestWetPoor
2820943,Urtica urens,ForestWetPoor
2820944,Urtica urens,ForestWetPoor
2822946,Urtica urens,ForestWetPoor
2822947,Urtica urens,ForestWetPoor
2823241,Urtica urens,ForestWetPoor
2823243,Urtica urens,ForestWetPoor
2823244,Urtica urens,ForestWetPoor
2823245,Urtica urens,ForestWetPoor
2825247,Urtica urens,ForestWetPoor
2825248,Urtica urens,ForestWetPoor
2825464,Urtica urens,ForestWetPoor
2825541,Urtica urens,ForestWetPoor
2825544,Urtica urens,ForestWetPoor
2825545,Urtica urens,ForestWetPoor
2827547,Urtica urens,ForestWetPoor
2827764,Urtica urens,ForestWetPoor
2827841,Urtica urens,ForestWetPoor
2827842,Urtica urens,ForestWetPoor
2827843,Urtica urens,ForestWetPoor
2829317,Urtica urens,ForestWetPoor
2830143,Urtica urens,ForestWetPoor
2831619,Urtica urens,ForestWetPoor
2831620,Urtica urens,ForestWetPoor
2843504,Urtica urens,ForestWetPoor
2845837,Urtica urens,ForestWetPoor
2848136,Urtica urens,ForestWetPoor
2848137,Urtica urens,ForestWetPoor
2848138,Urtica urens,ForestWetPoor
2850232,Urtica urens,ForestWetPoor
2850435,Urtica urens,ForestWetPoor
2850436,Urtica urens,ForestWetPoor
2850437,Urtica urens,ForestWetPoor
2852130,Urtica urens,ForestWetPoor
2852131,Urtica urens,ForestWetPoor
2852290,Urtica urens,ForestWetPoor
2854430,Urtica urens,ForestWetPoor
2854431,Urtica urens,ForestWetPoor
2854432,Urtica urens,ForestWetPoor
2854589,Urtica urens,ForestWetPoor
2854590,Urtica urens,ForestWetPoor
2859030,Urtica urens,ForestWetPoor
2859031,Urtica urens,ForestWetPoor
2861331,Urtica urens,ForestWetPoor
2861332,Urtica urens,ForestWetPoor
2871114,Urtica urens,ForestWetPoor
2873416,Urtica urens,ForestWetPoor
2877515,Urtica urens,ForestWetPoor
2877516,Urtica urens,ForestWetPoor
2879816,Urtica urens,ForestWetPoor
2879817,Urtica urens,ForestWetPoor
2880302,Urtica urens,ForestWetPoor
2880788,Urtica urens,ForestWetPoor
2882115,Urtica urens,ForestWetPoor
2882116,Urtica urens,ForestWetPoor
2884416,Urtica urens,ForestWetPoor
2884417,Urtica urens,ForestWetPoor
2887275,Urtica urens,ForestWetPoor
2887276,Urtica urens,ForestWetPoor
2889576,Urtica urens,ForestWetPoor
2889577,Urtica urens,ForestWetPoor
2891761,Urtica urens,ForestWetPoor
2891762,Urtica urens,ForestWetPoor
2891763,Urtica urens,ForestWetPoor
2891876,Urtica urens,ForestWetPoor
2891877,Urtica urens,ForestWetPoor
2894059,Urtica urens,ForestWetPoor
2894060,Urtica urens,ForestWetPoor
2894061,Urtica urens,ForestWetPoor
2894062,Urtica urens,ForestWetPoor
2894175,Urtica urens,ForestWetPoor
2894177,Urtica urens,ForestWetPoor
2894394,Urtica urens,ForestWetPoor
2895955,Urtica urens,ForestWetPoor
2896360,Urtica urens,ForestWetPoor
2896361,Urtica urens,ForestWetPoor
2896362,Urtica urens,ForestWetPoor
2896694,Urtica urens,ForestWetPoor
2898253,Urtica urens,ForestWetPoor
2898254,Urtica urens,ForestWetPoor
2898795,Urtica urens,ForestWetPoor
2898796,Urtica urens,ForestWetPoor
2900553,Urtica urens,ForestWetPoor
2901095,Urtica urens,ForestWetPoor
2901096,Urtica urens,ForestWetPoor
2901097,Urtica urens,ForestWetPoor
2902853,Urtica urens,ForestWetPoor
2903394,Urtica urens,ForestWetPoor
2903395,Urtica urens,ForestWetPoor
2903396,Urtica urens,ForestWetPoor
2903397,Urtica urens,ForestWetPoor
2903398,Urtica urens,ForestWetPoor
2905694,Urtica urens,ForestWetPoor
2905696,Urtica urens,ForestWetPoor
2905697,Urtica urens,ForestWetPoor
2905698,Urtica urens,ForestWetPoor
2907449,Urtica urens,ForestWetPoor
2907450,Urtica urens,ForestWetPoor
2907451,Urtica urens,ForestWetPoor
2907994,Urtica urens,ForestWetPoor
2907995,Urtica urens,ForestWetPoor
2907996,Urtica urens,ForestWetPoor
2907997,Urtica urens,ForestWetPoor
2909681,Urtica urens,ForestWetPoor
2911981,Urtica urens,ForestWetPoor
2911982,Urtica urens,ForestWetPoor
2914281,Urtica urens,ForestWetPoor
2914282,Urtica urens,ForestWetPoor
2916581,Urtica urens,ForestWetPoor
2918879,Urtica urens,ForestWetPoor
2918880,Urtica urens,ForestWetPoor
2918881,Urtica urens,ForestWetPoor
2921685,Urtica urens,ForestWetPoor
2921686,Urtica urens,ForestWetPoor
2923459,Urtica urens,ForestWetPoor
2923984,Urtica urens,ForestWetPoor
2928057,Urtica urens,ForestWetPoor
2933145,Urtica urens,ForestWetPoor
2935444,Urtica urens,ForestWetPoor
2935446,Urtica urens,ForestWetPoor
2935447,Urtica urens,ForestWetPoor
2937745,Urtica urens,ForestWetPoor
2937746,Urtica urens,ForestWetPoor
2937748,Urtica urens,ForestWetPoor
2938241,Urtica urens,ForestWetPoor
2940005,Urtica urens,ForestWetPoor
2940006,Urtica urens,ForestWetPoor
2940046,Urtica urens,ForestWetPoor
2940047,Urtica urens,ForestWetPoor
2940048,Urtica urens,ForestWetPoor
2942344,Urtica urens,ForestWetPoor
2942345,Urtica urens,ForestWetPoor
2942347,Urtica urens,ForestWetPoor
2942841,Urtica urens,ForestWetPoor
2946638,Urtica urens,ForestWetPoor
2948899,Urtica urens,ForestWetPoor
2948937,Urtica urens,ForestWetPoor
2951234,Urtica urens,ForestWetPoor
2951235,Urtica urens,ForestWetPoor
2953534,Urtica urens,ForestWetPoor
2953535,Urtica urens,ForestWetPoor
2957990,Urtica urens,ForestWetPoor
2958059,Urtica urens,ForestWetPoor
2959131,Urtica urens,ForestWetPoor
2959132,Urtica urens,ForestWetPoor
2960290,Urtica urens,ForestWetPoor
2960291,Urtica urens,ForestWetPoor
2960359,Urtica urens,ForestWetPoor
2961431,Urtica urens,ForestWetPoor
2961432,Urtica urens,ForestWetPoor
2961433,Urtica urens,ForestWetPoor
2962590,Urtica urens,ForestWetPoor
2962659,Urtica urens,ForestWetPoor
2962660,Urtica urens,ForestWetPoor
2963733,Urtica urens,ForestWetPoor
2963734,Urtica urens,ForestWetPoor
2964959,Urtica urens,ForestWetPoor
2975241,Urtica urens,ForestWetPoor
2975244,Urtica urens,ForestWetPoor
2976458,Urtica urens,ForestWetPoor
2976459,Urtica urens,ForestWetPoor
2978759,Urtica urens,ForestWetPoor
2978760,Urtica urens,ForestWetPoor
2978761,Urtica urens,ForestWetPoor
2983366,Urtica urens,ForestWetPoor
2990775,Urtica urens,ForestWetPoor
2990776,Urtica urens,ForestWetPoor
2993077,Urtica urens,ForestWetPoor
2995374,Urtica urens,ForestWetPoor
2995375,Urtica urens,ForestWetPoor
2995376,Urtica urens,ForestWetPoor
2995377,Urtica urens,ForestWetPoor
2995378,Urtica urens,ForestWetPoor
2997674,Urtica urens,ForestWetPoor
2997675,Urtica urens,ForestWetPoor
2997676,Urtica urens,ForestWetPoor
2997677,Urtica urens,ForestWetPoor
2997678,Urtica urens,ForestWetPoor
2999474,Urtica urens,ForestWetPoor
2999477,Urtica urens,ForestWetPoor
2999975,Urtica urens,ForestWetPoor
2999976,Urtica urens,ForestWetPoor
2999977,Urtica urens,ForestWetPoor
3001775,Urtica urens,ForestWetPoor
3001777,Urtica urens,ForestWetPoor
3001886,Urtica urens,ForestWetPoor
3004077,Urtica urens,ForestWetPoor
3004186,Urtica urens,ForestWetPoor
3004447,Urtica urens,ForestWetPoor
3006484,Urtica urens,ForestWetPoor
3006748,Urtica urens,ForestWetPoor
3008599,Urtica urens,ForestWetPoor
3008600,Urtica urens,ForestWetPoor
3008601,Urtica urens,ForestWetPoor
3009045,Urtica urens,ForestWetPoor
3009134,Urtica urens,ForestWetPoor
3010900,Urtica urens,ForestWetPoor
3010901,Urtica urens,ForestWetPoor
3011084,Urtica urens,ForestWetPoor
3013145,Urtica urens,ForestWetPoor
3013146,Urtica urens,ForestWetPoor
3013721,Urtica urens,ForestWetPoor
3015445,Urtica urens,ForestWetPoor
3015446,Urtica urens,ForestWetPoor
3017745,Urtica urens,ForestWetPoor
3022921,Urtica urens,ForestWetPoor
3026939,Urtica urens,ForestWetPoor
3038960,Urtica urens,ForestWetPoor
3040954,Urtica urens,ForestWetPoor
3041260,Urtica urens,ForestWetPoor
3043254,Urtica urens,ForestWetPoor
3043255,Urtica urens,ForestWetPoor
3043256,Urtica urens,ForestWetPoor
3045446,Urtica urens,ForestWetPoor
3045447,Urtica urens,ForestWetPoor
3045556,Urtica urens,ForestWetPoor
3045557,Urtica urens,ForestWetPoor
3047746,Urtica urens,ForestWetPoor
3047747,Urtica urens,ForestWetPoor
3047748,Urtica urens,ForestWetPoor
3050046,Urtica urens,ForestWetPoor
3050047,Urtica urens,ForestWetPoor
3050048,Urtica urens,ForestWetPoor
3052348,Urtica urens,ForestWetPoor
3054541,Urtica urens,ForestWetPoor
3054648,Urtica urens,ForestWetPoor
3061579,Urtica urens,ForestWetPoor
3061580,Urtica urens,ForestWetPoor
3061582,Urtica urens,ForestWetPoor
3063829,Urtica urens,ForestWetPoor
3063832,Urtica urens,ForestWetPoor
3063833,Urtica urens,ForestWetPoor
3063879,Urtica urens,ForestWetPoor
3063882,Urtica urens,ForestWetPoor
3063883,Urtica urens,ForestWetPoor
3066129,Urtica urens,ForestWetPoor
3066130,Urtica urens,ForestWetPoor
3066131,Urtica urens,ForestWetPoor
3066132,Urtica urens,ForestWetPoor
3066133,Urtica urens,ForestWetPoor
3066179,Urtica urens,ForestWetPoor
3066180,Urtica urens,ForestWetPoor
3066182,Urtica urens,ForestWetPoor
3066183,Urtica urens,ForestWetPoor
3067273,Urtica urens,ForestWetPoor
3068429,Urtica urens,ForestWetPoor
3068430,Urtica urens,ForestWetPoor
3068431,Urtica urens,ForestWetPoor
3068432,Urtica urens,ForestWetPoor
3068479,Urtica urens,ForestWetPoor
3068481,Urtica urens,ForestWetPoor
3069573,Urtica urens,ForestWetPoor
3069574,Urtica urens,ForestWetPoor
3071873,Urtica urens,ForestWetPoor
3073646,Urtica urens,ForestWetPoor
3074173,Urtica urens,ForestWetPoor
3075946,Urtica urens,ForestWetPoor
3075947,Urtica urens,ForestWetPoor
3075948,Urtica urens,ForestWetPoor
3078248,Urtica urens,ForestWetPoor
3081861,Urtica urens,ForestWetPoor
3082251,Urtica urens,ForestWetPoor
3093865,Urtica urens,ForestWetPoor
3093866,Urtica urens,ForestWetPoor
3096166,Urtica urens,ForestWetPoor
3096167,Urtica urens,ForestWetPoor
3098467,Urtica urens,ForestWetPoor
3100768,Urtica urens,ForestWetPoor
3117340,Urtica urens,ForestWetPoor
3119641,Urtica urens,ForestWetPoor
3121722,Urtica urens,ForestWetPoor
3129005,Urtica urens,ForestWetPoor
3133787,Urtica urens,ForestWetPoor
3138385,Urtica urens,ForestWetPoor
3144926,Urtica urens,ForestWetPoor
3144927,Urtica urens,ForestWetPoor
3146671,Urtica urens,ForestWetPoor
3146672,Urtica urens,ForestWetPoor
3146673,Urtica urens,ForestWetPoor
3147227,Urtica urens,ForestWetPoor
3148971,Urtica urens,ForestWetPoor
3148972,Urtica urens,ForestWetPoor
3148973,Urtica urens,ForestWetPoor
3151270,Urtica urens,ForestWetPoor
3151271,Urtica urens,ForestWetPoor
3151273,Urtica urens,ForestWetPoor
3153571,Urtica urens,ForestWetPoor
3153572,Urtica urens,ForestWetPoor
3160365,Urtica urens,ForestWetPoor
3160366,Urtica urens,ForestWetPoor
3162886,Urtica urens,ForestWetPoor
3167849,Urtica urens,ForestWetPoor
3167850,Urtica urens,ForestWetPoor
3168334,Urtica urens,ForestWetPoor
3170634,Urtica urens,ForestWetPoor
3170635,Urtica urens,ForestWetPoor
3170636,Urtica urens,ForestWetPoor
3170637,Urtica urens,ForestWetPoor
3172934,Urtica urens,ForestWetPoor
3172935,Urtica urens,ForestWetPoor
3172936,Urtica urens,ForestWetPoor
3172937,Urtica urens,ForestWetPoor
3179420,Urtica urens,ForestWetPoor
3179425,Urtica urens,ForestWetPoor
3179427,Urtica urens,ForestWetPoor
3181720,Urtica urens,ForestWetPoor
3181725,Urtica urens,ForestWetPoor
3190690,Urtica urens,ForestWetPoor
3195291,Urtica urens,ForestWetPoor
3204490,Urtica urens,ForestWetPoor
3206508,Urtica urens,ForestWetPoor
3206788,Urtica urens,ForestWetPoor
3206791,Urtica urens,ForestWetPoor
3208808,Urtica urens,ForestWetPoor
3208809,Urtica urens,ForestWetPoor
3208840,Urtica urens,ForestWetPoor
3208841,Urtica urens,ForestWetPoor
3211109,Urtica urens,ForestWetPoor
3211139,Urtica urens,ForestWetPoor
3211140,Urtica urens,ForestWetPoor
3211141,Urtica urens,ForestWetPoor
3211142,Urtica urens,ForestWetPoor
3211390,Urtica urens,ForestWetPoor
3213410,Urtica urens,ForestWetPoor
3213439,Urtica urens,ForestWetPoor
3213440,Urtica urens,ForestWetPoor
3213441,Urtica urens,ForestWetPoor
3213442,Urtica urens,ForestWetPoor
3213443,Urtica urens,ForestWetPoor
3215280,Urtica urens,ForestWetPoor
3215740,Urtica urens,ForestWetPoor
3215741,Urtica urens,ForestWetPoor
3215742,Urtica urens,ForestWetPoor
3215743,Urtica urens,ForestWetPoor
3216608,Urtica urens,ForestWetPoor
3218039,Urtica urens,ForestWetPoor
3218041,Urtica urens,ForestWetPoor
3218042,Urtica urens,ForestWetPoor
3218431,Urtica urens,ForestWetPoor
3218792,Urtica urens,ForestWetPoor
3218908,Urtica urens,ForestWetPoor
3220729,Urtica urens,ForestWetPoor
3220730,Urtica urens,ForestWetPoor
3220731,Urtica urens,ForestWetPoor
3221208,Urtica urens,ForestWetPoor
3222549,Urtica urens,ForestWetPoor
3223029,Urtica urens,ForestWetPoor
3223030,Urtica urens,ForestWetPoor
3223400,Urtica urens,ForestWetPoor
3223507,Urtica urens,ForestWetPoor
3224847,Urtica urens,ForestWetPoor
3224848,Urtica urens,ForestWetPoor
3224849,Urtica urens,ForestWetPoor
3224850,Urtica urens,ForestWetPoor
3225330,Urtica urens,ForestWetPoor
3225331,Urtica urens,ForestWetPoor
3225332,Urtica urens,ForestWetPoor
3225701,Urtica urens,ForestWetPoor
3225702,Urtica urens,ForestWetPoor
3225703,Urtica urens,ForestWetPoor
3227147,Urtica urens,ForestWetPoor
3227149,Urtica urens,ForestWetPoor
3227150,Urtica urens,ForestWetPoor
3227631,Urtica urens,ForestWetPoor
3229448,Urtica urens,ForestWetPoor
3229449,Urtica urens,ForestWetPoor
3229450,Urtica urens,ForestWetPoor
3231407,Urtica urens,ForestWetPoor
3231748,Urtica urens,ForestWetPoor
3231749,Urtica urens,ForestWetPoor
3231750,Urtica urens,ForestWetPoor
3231910,Urtica urens,ForestWetPoor
3234210,Urtica urens,ForestWetPoor
3234211,Urtica urens,ForestWetPoor
3234212,Urtica urens,ForestWetPoor
3236512,Urtica urens,ForestWetPoor
3236513,Urtica urens,ForestWetPoor
3238813,Urtica urens,ForestWetPoor
3241109,Urtica urens,ForestWetPoor
3250950,Urtica urens,ForestWetPoor
3253250,Urtica urens,ForestWetPoor
3259669,Urtica urens,ForestWetPoor
3261970,Urtica urens,ForestWetPoor
3264270,Urtica urens,ForestWetPoor
3264450,Urtica urens,ForestWetPoor
3264452,Urtica urens,ForestWetPoor
3266750,Urtica urens,ForestWetPoor
3268867,Urtica urens,ForestWetPoor
3271161,Urtica urens,ForestWetPoor
3279773,Urtica urens,ForestWetPoor
3282073,Urtica urens,ForestWetPoor
3282074,Urtica urens,ForestWetPoor
3282075,Urtica urens,ForestWetPoor
3284373,Urtica urens,ForestWetPoor
3284374,Urtica urens,ForestWetPoor
3284375,Urtica urens,ForestWetPoor
3286675,Urtica urens,ForestWetPoor
3287750,Urtica urens,ForestWetPoor
3308719,Urtica urens,ForestWetPoor
3308720,Urtica urens,ForestWetPoor
3308721,Urtica urens,ForestWetPoor
3310444,Urtica urens,ForestWetPoor
3310445,Urtica urens,ForestWetPoor
3311019,Urtica urens,ForestWetPoor
3311020,Urtica urens,ForestWetPoor
3311021,Urtica urens,ForestWetPoor
3311022,Urtica urens,ForestWetPoor
3311023,Urtica urens,ForestWetPoor
3313060,Urtica urens,ForestWetPoor
3313319,Urtica urens,ForestWetPoor
3313320,Urtica urens,ForestWetPoor
3313322,Urtica urens,ForestWetPoor
3313323,Urtica urens,ForestWetPoor
3314552,Urtica urens,ForestWetPoor
3314976,Urtica urens,ForestWetPoor
3315620,Urtica urens,ForestWetPoor
3315621,Urtica urens,ForestWetPoor
3315622,Urtica urens,ForestWetPoor
3316851,Urtica urens,ForestWetPoor
3316853,Urtica urens,ForestWetPoor
3317274,Urtica urens,ForestWetPoor
3317276,Urtica urens,ForestWetPoor
3317278,Urtica urens,ForestWetPoor
3319149,Urtica urens,ForestWetPoor
3319153,Urtica urens,ForestWetPoor
3319576,Urtica urens,ForestWetPoor
3319963,Urtica urens,ForestWetPoor
3321451,Urtica urens,ForestWetPoor
3321876,Urtica urens,ForestWetPoor
3348680,Urtica urens,ForestWetPoor
3348681,Urtica urens,ForestWetPoor
3350981,Urtica urens,ForestWetPoor
3350982,Urtica urens,ForestWetPoor
3360712,Urtica urens,ForestWetPoor
3361321,Urtica urens,ForestWetPoor
3363892,Urtica urens,ForestWetPoor
3366191,Urtica urens,ForestWetPoor
3366192,Urtica urens,ForestWetPoor
3368222,Urtica urens,ForestWetPoor
3371783,Urtica urens,ForestWetPoor
3374081,Urtica urens,ForestWetPoor
3378682,Urtica urens,ForestWetPoor
3378683,Urtica urens,ForestWetPoor
3378684,Urtica urens,ForestWetPoor
3380983,Urtica urens,ForestWetPoor
3380984,Urtica urens,ForestWetPoor
3381441,Urtica urens,ForestWetPoor
3393260,Urtica urens,ForestWetPoor
3393261,Urtica urens,ForestWetPoor
3425427,Urtica urens,ForestWetPoor
3430028,Urtica urens,ForestWetPoor
3446091,Urtica urens,ForestWetPoor
3450360,Urtica urens,ForestWetPoor
3452662,Urtica urens,ForestWetPoor
3459559,Urtica urens,ForestWetPoor
3462740,Urtica urens,ForestWetPoor
3462741,Urtica urens,ForestWetPoor
3464089,Urtica urens,ForestWetPoor
3464090,Urtica urens,ForestWetPoor
3466389,Urtica urens,ForestWetPoor
3466390,Urtica urens,ForestWetPoor
3468689,Urtica urens,ForestWetPoor
3468690,Urtica urens,ForestWetPoor
3468691,Urtica urens,ForestWetPoor
3468692,Urtica urens,ForestWetPoor
3468693,Urtica urens,ForestWetPoor
3470989,Urtica urens,ForestWetPoor
3470990,Urtica urens,ForestWetPoor
3470991,Urtica urens,ForestWetPoor
3470992,Urtica urens,ForestWetPoor
3487569,Urtica urens,ForestWetPoor
3489869,Urtica urens,ForestWetPoor
3490477,Urtica urens,ForestWetPoor
3492171,Urtica urens,ForestWetPoor
3492776,Urtica urens,ForestWetPoor
3492777,Urtica urens,ForestWetPoor
3492778,Urtica urens,ForestWetPoor
3494471,Urtica urens,ForestWetPoor
3495076,Urtica urens,ForestWetPoor
3495077,Urtica urens,ForestWetPoor
3495078,Urtica urens,ForestWetPoor
3495079,Urtica urens,ForestWetPoor
3495080,Urtica urens,ForestWetPoor
3497377,Urtica urens,ForestWetPoor
3497378,Urtica urens,ForestWetPoor
3497379,Urtica urens,ForestWetPoor
3521534,Urtica urens,ForestWetPoor
3521535,Urtica urens,ForestWetPoor
3521536,Urtica urens,ForestWetPoor
3521537,Urtica urens,ForestWetPoor
3523835,Urtica urens,ForestWetPoor
3523838,Urtica urens,ForestWetPoor
3524838,Urtica urens,ForestWetPoor
3526134,Urtica urens,ForestWetPoor
3526135,Urtica urens,ForestWetPoor
3526138,Urtica urens,ForestWetPoor
3528434,Urtica urens,ForestWetPoor
3528435,Urtica urens,ForestWetPoor
3530855,Urtica urens,ForestWetPoor
3530856,Urtica urens,ForestWetPoor
3535458,Urtica urens,ForestWetPoor
3537939,Urtica urens,ForestWetPoor
3540054,Urtica urens,ForestWetPoor
3540239,Urtica urens,ForestWetPoor
3540240,Urtica urens,ForestWetPoor
3540250,Urtica urens,ForestWetPoor
3540252,Urtica urens,ForestWetPoor
3542540,Urtica urens,ForestWetPoor
3544840,Urtica urens,ForestWetPoor
3544841,Urtica urens,ForestWetPoor
3547331,Urtica urens,ForestWetPoor
3547332,Urtica urens,ForestWetPoor
3547333,Urtica urens,ForestWetPoor
3549631,Urtica urens,ForestWetPoor
3551931,Urtica urens,ForestWetPoor
3552638,Urtica urens,ForestWetPoor
3552639,Urtica urens,ForestWetPoor
3554938,Urtica urens,ForestWetPoor
3556224,Urtica urens,ForestWetPoor
3556225,Urtica urens,ForestWetPoor
3557238,Urtica urens,ForestWetPoor
3557239,Urtica urens,ForestWetPoor
3558524,Urtica urens,ForestWetPoor
3558668,Urtica urens,ForestWetPoor
3559488,Urtica urens,ForestWetPoor
3560824,Urtica urens,ForestWetPoor
3563127,Urtica urens,ForestWetPoor
3568234,Urtica urens,ForestWetPoor
3570534,Urtica urens,ForestWetPoor
3570537,Urtica urens,ForestWetPoor
3570538,Urtica urens,ForestWetPoor
3572836,Urtica urens,ForestWetPoor
3572837,Urtica urens,ForestWetPoor
3572838,Urtica urens,ForestWetPoor
3575136,Urtica urens,ForestWetPoor
3577301,Urtica urens,ForestWetPoor
3577425,Urtica urens,ForestWetPoor
3577426,Urtica urens,ForestWetPoor
3579600,Urtica urens,ForestWetPoor
3579601,Urtica urens,ForestWetPoor
3579602,Urtica urens,ForestWetPoor
3579725,Urtica urens,ForestWetPoor
3581902,Urtica urens,ForestWetPoor
3581903,Urtica urens,ForestWetPoor
3584202,Urtica urens,ForestWetPoor
3584203,Urtica urens,ForestWetPoor
3586502,Urtica urens,ForestWetPoor
3588345,Urtica urens,ForestWetPoor
3588346,Urtica urens,ForestWetPoor
3590644,Urtica urens,ForestWetPoor
3590645,Urtica urens,ForestWetPoor
3590646,Urtica urens,ForestWetPoor
3590647,Urtica urens,ForestWetPoor
3590927,Urtica urens,ForestWetPoor
3592944,Urtica urens,ForestWetPoor
3592948,Urtica urens,ForestWetPoor
3595244,Urtica urens,ForestWetPoor
3595247,Urtica urens,ForestWetPoor
3597547,Urtica urens,ForestWetPoor
3622880,Urtica urens,ForestWetPoor
3622881,Urtica urens,ForestWetPoor
3625179,Urtica urens,ForestWetPoor
3625180,Urtica urens,ForestWetPoor
3625181,Urtica urens,ForestWetPoor
3627480,Urtica urens,ForestWetPoor
3627482,Urtica urens,ForestWetPoor
3627483,Urtica urens,ForestWetPoor
3629781,Urtica urens,ForestWetPoor
3629782,Urtica urens,ForestWetPoor
3629783,Urtica urens,ForestWetPoor
3630628,Urtica urens,ForestWetPoor
3632079,Urtica urens,ForestWetPoor
3632080,Urtica urens,ForestWetPoor
3632082,Urtica urens,ForestWetPoor
3645890,Urtica urens,ForestWetPoor
3645891,Urtica urens,ForestWetPoor
3648190,Urtica urens,ForestWetPoor
3648191,Urtica urens,ForestWetPoor
3650490,Urtica urens,ForestWetPoor
3650491,Urtica urens,ForestWetPoor
3650492,Urtica urens,ForestWetPoor
3652638,Urtica urens,ForestWetPoor
3652789,Urtica urens,ForestWetPoor
3652790,Urtica urens,ForestWetPoor
3652791,Urtica urens,ForestWetPoor
3652793,Urtica urens,ForestWetPoor
3655089,Urtica urens,ForestWetPoor
3655090,Urtica urens,ForestWetPoor
3655092,Urtica urens,ForestWetPoor
3668860,Urtica urens,ForestWetPoor
3668861,Urtica urens,ForestWetPoor
3671159,Urtica urens,ForestWetPoor
3671160,Urtica urens,ForestWetPoor
3678062,Urtica urens,ForestWetPoor
3682580,Urtica urens,ForestWetPoor
3682581,Urtica urens,ForestWetPoor
3682582,Urtica urens,ForestWetPoor
3684881,Urtica urens,ForestWetPoor
3687182,Urtica urens,ForestWetPoor
3687183,Urtica urens,ForestWetPoor
3691855,Urtica urens,ForestWetPoor
3691856,Urtica urens,ForestWetPoor
3694154,Urtica urens,ForestWetPoor
3694157,Urtica urens,ForestWetPoor
3696454,Urtica urens,ForestWetPoor
3696457,Urtica urens,ForestWetPoor
3696458,Urtica urens,ForestWetPoor
3698754,Urtica urens,ForestWetPoor
3698757,Urtica urens,ForestWetPoor
3698758,Urtica urens,ForestWetPoor
3701054,Urtica urens,ForestWetPoor
3701055,Urtica urens,ForestWetPoor
3701057,Urtica urens,ForestWetPoor
3726365,Urtica urens,ForestWetPoor
3728667,Urtica urens,ForestWetPoor
3730964,Urtica urens,ForestWetPoor
3730967,Urtica urens,ForestWetPoor
3730968,Urtica urens,ForestWetPoor
3733264,Urtica urens,ForestWetPoor
3733266,Urtica urens,ForestWetPoor
3733267,Urtica urens,ForestWetPoor
3733268,Urtica urens,ForestWetPoor
3735566,Urtica urens,ForestWetPoor
3735567,Urtica urens,ForestWetPoor
3749385,Urtica urens,ForestWetPoor
3749386,Urtica urens,ForestWetPoor
3749456,Urtica urens,ForestWetPoor
3751684,Urtica urens,ForestWetPoor
3751685,Urtica urens,ForestWetPoor
3751686,Urtica urens,ForestWetPoor
3751687,Urtica urens,ForestWetPoor
3751757,Urtica urens,ForestWetPoor
3753984,Urtica urens,ForestWetPoor
3753985,Urtica urens,ForestWetPoor
3753986,Urtica urens,ForestWetPoor
3753987,Urtica urens,ForestWetPoor
3753988,Urtica urens,ForestWetPoor
3754057,Urtica urens,ForestWetPoor
3756284,Urtica urens,ForestWetPoor
3756285,Urtica urens,ForestWetPoor
3756286,Urtica urens,ForestWetPoor
3756288,Urtica urens,ForestWetPoor
3758584,Urtica urens,ForestWetPoor
3758585,Urtica urens,ForestWetPoor
3758586,Urtica urens,ForestWetPoor
3758587,Urtica urens,ForestWetPoor
3770154,Urtica urens,ForestWetPoor
3782242,Urtica urens,ForestWetPoor
3871779,Urtica urens,ForestWetPoor
3871780,Urtica urens,ForestWetPoor
3871781,Urtica urens,ForestWetPoor
3874079,Urtica urens,ForestWetPoor
3874080,Urtica urens,ForestWetPoor
3874081,Urtica urens,ForestWetPoor
3874082,Urtica urens,ForestWetPoor
3908969,Urtica urens,ForestWetPoor
3911079,Urtica urens,ForestWetPoor
3911080,Urtica urens,ForestWetPoor
3911270,Urtica urens,ForestWetPoor
3913379,Urtica urens,ForestWetPoor
3913380,Urtica urens,ForestWetPoor
3915679,Urtica urens,ForestWetPoor
3915680,Urtica urens,ForestWetPoor
3917980,Urtica urens,ForestWetPoor
3917981,Urtica urens,ForestWetPoor
3917982,Urtica urens,ForestWetPoor
3947906,Urtica urens,ForestWetPoor
3954804,Urtica urens,ForestWetPoor
3968575,Urtica urens,ForestWetPoor
3968776,Urtica urens,ForestWetPoor
3970874,Urtica urens,ForestWetPoor
3970875,Urtica urens,ForestWetPoor
3971076,Urtica urens,ForestWetPoor
3971077,Urtica urens,ForestWetPoor
3973175,Urtica urens,ForestWetPoor
3973178,Urtica urens,ForestWetPoor
3975675,Urtica urens,ForestWetPoor
3975676,Urtica urens,ForestWetPoor
3975677,Urtica urens,ForestWetPoor
3977974,Urtica urens,ForestWetPoor
3977975,Urtica urens,ForestWetPoor
3977976,Urtica urens,ForestWetPoor
3977977,Urtica urens,ForestWetPoor
4026110,Urtica urens,ForestWetPoor
4026111,Urtica urens,ForestWetPoor
4026145,Urtica urens,ForestWetPoor
4026146,Urtica urens,ForestWetPoor
4028409,Urtica urens,ForestWetPoor
4028410,Urtica urens,ForestWetPoor
4028411,Urtica urens,ForestWetPoor
4028444,Urtica urens,ForestWetPoor
4028445,Urtica urens,ForestWetPoor
4028447,Urtica urens,ForestWetPoor
4030709,Urtica urens,ForestWetPoor
4030710,Urtica urens,ForestWetPoor
4030746,Urtica urens,ForestWetPoor
4033009,Urtica urens,ForestWetPoor
4049281,Urtica urens,ForestWetPoor
4051581,Urtica urens,ForestWetPoor
4053881,Urtica urens,ForestWetPoor
4053882,Urtica urens,ForestWetPoor
4056182,Urtica urens,ForestWetPoor
4060625,Urtica urens,ForestWetPoor
4060626,Urtica urens,ForestWetPoor
4062926,Urtica urens,ForestWetPoor
4062927,Urtica urens,ForestWetPoor
