1224320,Zostera angustifolia,ForestWetPoor
1226620,Zostera angustifolia,ForestWetPoor
1709116,Zostera angustifolia,ForestWetPoor
1711416,Zostera angustifolia,ForestWetPoor
2015657,Zostera angustifolia,ForestWetPoor
2022557,Zostera angustifolia,ForestWetPoor
2434525,Zostera angustifolia,ForestWetPoor
2746757,Zostera angustifolia,ForestWetPoor
3441736,Zostera angustifolia,ForestWetPoor
3731486,Zostera angustifolia,ForestWetPoor
3731487,Zostera angustifolia,ForestWetPoor
3733787,Zostera angustifolia,ForestWetPoor
