1159688,Poa remota,ForestWetRich
1161987,Poa remota,ForestWetRich
1161988,Poa remota,ForestWetRich
1161989,Poa remota,ForestWetRich
1164288,Poa remota,ForestWetRich
1164289,Poa remota,ForestWetRich
1164290,Poa remota,ForestWetRich
1166586,Poa remota,ForestWetRich
1166588,Poa remota,ForestWetRich
1166589,Poa remota,ForestWetRich
1166590,Poa remota,ForestWetRich
1676777,Poa remota,ForestWetRich
1679075,Poa remota,ForestWetRich
1679076,Poa remota,ForestWetRich
1679077,Poa remota,ForestWetRich
1681375,Poa remota,ForestWetRich
1681376,Poa remota,ForestWetRich
1681377,Poa remota,ForestWetRich
1683677,Poa remota,ForestWetRich
1685976,Poa remota,ForestWetRich
1685977,Poa remota,ForestWetRich
2160286,Poa remota,ForestWetRich
2164887,Poa remota,ForestWetRich
2305150,Poa remota,ForestWetRich
2305151,Poa remota,ForestWetRich
2307450,Poa remota,ForestWetRich
2307451,Poa remota,ForestWetRich
2309749,Poa remota,ForestWetRich
2309750,Poa remota,ForestWetRich
2312049,Poa remota,ForestWetRich
2314352,Poa remota,ForestWetRich
2627094,Poa remota,ForestWetRich
2627095,Poa remota,ForestWetRich
2627100,Poa remota,ForestWetRich
2629392,Poa remota,ForestWetRich
2629393,Poa remota,ForestWetRich
2648667,Poa remota,ForestWetRich
2648668,Poa remota,ForestWetRich
2650966,Poa remota,ForestWetRich
2650967,Poa remota,ForestWetRich
2652364,Poa remota,ForestWetRich
2652365,Poa remota,ForestWetRich
2652404,Poa remota,ForestWetRich
2654665,Poa remota,ForestWetRich
2654666,Poa remota,ForestWetRich
2654667,Poa remota,ForestWetRich
2654668,Poa remota,ForestWetRich
2654669,Poa remota,ForestWetRich
2654671,Poa remota,ForestWetRich
2655565,Poa remota,ForestWetRich
2657865,Poa remota,ForestWetRich
2659298,Poa remota,ForestWetRich
2660165,Poa remota,ForestWetRich
2660166,Poa remota,ForestWetRich
2660169,Poa remota,ForestWetRich
2660170,Poa remota,ForestWetRich
2661598,Poa remota,ForestWetRich
3190874,Poa remota,ForestWetRich
3190876,Poa remota,ForestWetRich
3193175,Poa remota,ForestWetRich
3193176,Poa remota,ForestWetRich
3195473,Poa remota,ForestWetRich
3195475,Poa remota,ForestWetRich
3195476,Poa remota,ForestWetRich
3197772,Poa remota,ForestWetRich
3282948,Poa remota,ForestWetRich
3574528,Poa remota,ForestWetRich
